ISIN,Security Description,Indicate Value Of Aggregate Holding Of FPIS (INR Cr),source_file,date
IN0020240050,07.04 GS 2029,8322.488,CCIL 09-27-2024.xls,2024-09-27
IN0020230085,07.18 GS 2033,31552.279,CCIL 09-27-2024.xls,2024-09-27
IN0020220037,07.38 GS 2027,14451.548,CCIL 09-27-2024.xls,2024-09-27
IN0020210186,05.74 GS 2026,6555.735,CCIL 09-27-2024.xls,2024-09-27
IN0020230010,07.06 GS 2028,11323.464,CCIL 09-27-2024.xls,2024-09-27
IN0020210012,05.63 GS 2026,13694.25,CCIL 09-27-2024.xls,2024-09-27
IN0020230101,07.37 GS 2028,6988.166,CCIL 09-27-2024.xls,2024-09-27
IN0020200112,05.22 GS 2025,9689.026,CCIL 09-27-2024.xls,2024-09-27
IN0020240076,07.02 GS 2031,3775.826,CCIL 09-27-2024.xls,2024-09-27
IN0020230077,07.18 GS 2037,14651.351,CCIL 09-27-2024.xls,2024-09-27
IN0020230135,07.32 GS 2030,5907.589,CCIL 09-27-2024.xls,2024-09-27
IN0020220060,07.26 GS 2032,9727.218,CCIL 09-27-2024.xls,2024-09-27
IN0020220011,07.10 GS 2029,10372.702,CCIL 09-27-2024.xls,2024-09-27
IN0020240019,07.10 GS 2034,10858.66,CCIL 09-27-2024.xls,2024-09-27
IN0020220102,07.41 GS 2036,8827.806,CCIL 09-27-2024.xls,2024-09-27
IN0020230051,07.30 GS 2053,10779.534,CCIL 09-27-2024.xls,2024-09-27
IN0020230036,07.17 GS 2030,5302.708,CCIL 09-27-2024.xls,2024-09-27
IN0020180454,07.26 GS 2029,6612.392,CCIL 09-27-2024.xls,2024-09-27
IN0020210244,06.54 GS 2032,7739.989,CCIL 09-27-2024.xls,2024-09-27
IN0020220151,07.26 GS 2033,6476.332,CCIL 09-27-2024.xls,2024-09-27
IN0020200153,05.77 GS 2030,5173.085,CCIL 09-27-2024.xls,2024-09-27
IN0020210095,06.10 GS 2031,5800.931,CCIL 09-27-2024.xls,2024-09-27
IN0020190362,06.45 GS 2029,4174.221,CCIL 09-27-2024.xls,2024-09-27
IN0020220144,07.29 GOI SGRB 2033,274.26,CCIL 09-27-2024.xls,2024-09-27
IN0020220029,07.54 GS 2036,5054.773,CCIL 09-27-2024.xls,2024-09-27
IN0020200252,06.67 GS 2050,3889.329,CCIL 09-27-2024.xls,2024-09-27
IN0020190396,06.18 GS 2024,1998.589,CCIL 09-27-2024.xls,2024-09-27
IN0020200070,05.79 GS 2030,2832.465,CCIL 09-27-2024.xls,2024-09-27
IN0020200278,05.15 GS 2025,2448.348,CCIL 09-27-2024.xls,2024-09-27
IN0020200294,05.85 GS 2030,2551.92,CCIL 09-27-2024.xls,2024-09-27
IN0020210194,06.99 GS 2051,2667.806,CCIL 09-27-2024.xls,2024-09-27
IN0020220086,07.36 GS 2052,2787.202,CCIL 09-27-2024.xls,2024-09-27
IN0020230150,07.24 GOI SGRB 2033,84.0,CCIL 09-27-2024.xls,2024-09-27
IN0020220136,07.10 GOI SGRB 2028,120.555,CCIL 09-27-2024.xls,2024-09-27
IN0020230143,07.25 GOI SGRB 2028,66.33,CCIL 09-27-2024.xls,2024-09-27
IN0020190032,07.72 GS 2049,978.074,CCIL 09-27-2024.xls,2024-09-27
IN0020200054,07.16 GS 2050,1092.605,CCIL 09-27-2024.xls,2024-09-27
IN0020230176,07.37 GOI SGRB 2054,11.582,CCIL 09-27-2024.xls,2024-09-27
IN0020230085,07.18 GS 2033,32174.284,CCIL 10-04-2024.xls,2024-10-04
IN0020240050,07.04 GS 2029,9030.89,CCIL 10-04-2024.xls,2024-10-04
IN0020220037,07.38 GS 2027,15137.582,CCIL 10-04-2024.xls,2024-10-04
IN0020210186,05.74 GS 2026,6555.735,CCIL 10-04-2024.xls,2024-10-04
IN0020230010,07.06 GS 2028,10597.299,CCIL 10-04-2024.xls,2024-10-04
IN0020200112,05.22 GS 2025,10652.546,CCIL 10-04-2024.xls,2024-10-04
IN0020210012,05.63 GS 2026,13151.3,CCIL 10-04-2024.xls,2024-10-04
IN0020230101,07.37 GS 2028,7009.561,CCIL 10-04-2024.xls,2024-10-04
IN0020240076,07.02 GS 2031,3962.787,CCIL 10-04-2024.xls,2024-10-04
IN0020230077,07.18 GS 2037,14916.794,CCIL 10-04-2024.xls,2024-10-04
IN0020230135,07.32 GS 2030,5663.592,CCIL 10-04-2024.xls,2024-10-04
IN0020220060,07.26 GS 2032,10197.08,CCIL 10-04-2024.xls,2024-10-04
IN0020220011,07.10 GS 2029,10059.182,CCIL 10-04-2024.xls,2024-10-04
IN0020240019,07.10 GS 2034,11351.817,CCIL 10-04-2024.xls,2024-10-04
IN0020220102,07.41 GS 2036,8915.824,CCIL 10-04-2024.xls,2024-10-04
IN0020230051,07.30 GS 2053,10708.975,CCIL 10-04-2024.xls,2024-10-04
IN0020210244,06.54 GS 2032,8259.842,CCIL 10-04-2024.xls,2024-10-04
IN0020220144,07.29 GOI SGRB 2033,416.26,CCIL 10-04-2024.xls,2024-10-04
IN0020180454,07.26 GS 2029,6798.856,CCIL 10-04-2024.xls,2024-10-04
IN0020230036,07.17 GS 2030,5090.932,CCIL 10-04-2024.xls,2024-10-04
IN0020220151,07.26 GS 2033,7325.304,CCIL 10-04-2024.xls,2024-10-04
IN0020200153,05.77 GS 2030,5239.249,CCIL 10-04-2024.xls,2024-10-04
IN0020210095,06.10 GS 2031,5899.391,CCIL 10-04-2024.xls,2024-10-04
IN0020190362,06.45 GS 2029,4133.539,CCIL 10-04-2024.xls,2024-10-04
IN0020220029,07.54 GS 2036,5117.574,CCIL 10-04-2024.xls,2024-10-04
IN0020200252,06.67 GS 2050,4021.085,CCIL 10-04-2024.xls,2024-10-04
IN0020200070,05.79 GS 2030,2886.215,CCIL 10-04-2024.xls,2024-10-04
IN0020190396,06.18 GS 2024,1998.589,CCIL 10-04-2024.xls,2024-10-04
IN0020200294,05.85 GS 2030,2676.493,CCIL 10-04-2024.xls,2024-10-04
IN0020200278,05.15 GS 2025,2454.348,CCIL 10-04-2024.xls,2024-10-04
IN0020220086,07.36 GS 2052,3050.832,CCIL 10-04-2024.xls,2024-10-04
IN0020210194,06.99 GS 2051,2678.95,CCIL 10-04-2024.xls,2024-10-04
IN0020230150,07.24 GOI SGRB 2033,84.0,CCIL 10-04-2024.xls,2024-10-04
IN0020220136,07.10 GOI SGRB 2028,115.96,CCIL 10-04-2024.xls,2024-10-04
IN0020190032,07.72 GS 2049,1039.524,CCIL 10-04-2024.xls,2024-10-04
IN0020200054,07.16 GS 2050,1127.08,CCIL 10-04-2024.xls,2024-10-04
IN0020230143,07.25 GOI SGRB 2028,37.86,CCIL 10-04-2024.xls,2024-10-04
IN0020230176,07.37 GOI SGRB 2054,31.582,CCIL 10-04-2024.xls,2024-10-04
IN0020240126,06.79 GS 2034,0.0,CCIL 10-04-2024.xls,2024-10-04
IN0020240050,07.04 GS 2029,10193.34,CCIL 10-11-2024.xls,2024-10-11
IN0020230085,07.18 GS 2033,29617.987,CCIL 10-11-2024.xls,2024-10-11
IN0020220037,07.38 GS 2027,15007.542,CCIL 10-11-2024.xls,2024-10-11
IN0020210186,05.74 GS 2026,6974.185,CCIL 10-11-2024.xls,2024-10-11
IN0020230010,07.06 GS 2028,11461.269,CCIL 10-11-2024.xls,2024-10-11
IN0020200112,05.22 GS 2025,10619.746,CCIL 10-11-2024.xls,2024-10-11
IN0020240076,07.02 GS 2031,4272.297,CCIL 10-11-2024.xls,2024-10-11
IN0020230101,07.37 GS 2028,6590.961,CCIL 10-11-2024.xls,2024-10-11
IN0020230077,07.18 GS 2037,14933.461,CCIL 10-11-2024.xls,2024-10-11
IN0020210012,05.63 GS 2026,11307.4,CCIL 10-11-2024.xls,2024-10-11
IN0020230135,07.32 GS 2030,5365.162,CCIL 10-11-2024.xls,2024-10-11
IN0020240019,07.10 GS 2034,12649.718,CCIL 10-11-2024.xls,2024-10-11
IN0020220060,07.26 GS 2032,10146.08,CCIL 10-11-2024.xls,2024-10-11
IN0020220011,07.10 GS 2029,9799.932,CCIL 10-11-2024.xls,2024-10-11
IN0020220102,07.41 GS 2036,8872.824,CCIL 10-11-2024.xls,2024-10-11
IN0020230051,07.30 GS 2053,10651.46,CCIL 10-11-2024.xls,2024-10-11
IN0020210244,06.54 GS 2032,8209.342,CCIL 10-11-2024.xls,2024-10-11
IN0020230036,07.17 GS 2030,5367.432,CCIL 10-11-2024.xls,2024-10-11
IN0020220144,07.29 GOI SGRB 2033,415.594,CCIL 10-11-2024.xls,2024-10-11
IN0020180454,07.26 GS 2029,6737.156,CCIL 10-11-2024.xls,2024-10-11
IN0020220151,07.26 GS 2033,7453.624,CCIL 10-11-2024.xls,2024-10-11
IN0020200153,05.77 GS 2030,5123.33,CCIL 10-11-2024.xls,2024-10-11
IN0020210095,06.10 GS 2031,6164.141,CCIL 10-11-2024.xls,2024-10-11
IN0020190362,06.45 GS 2029,4100.139,CCIL 10-11-2024.xls,2024-10-11
IN0020220029,07.54 GS 2036,5094.174,CCIL 10-11-2024.xls,2024-10-11
IN0020200252,06.67 GS 2050,3982.845,CCIL 10-11-2024.xls,2024-10-11
IN0020200070,05.79 GS 2030,2833.215,CCIL 10-11-2024.xls,2024-10-11
IN0020190396,06.18 GS 2024,1838.589,CCIL 10-11-2024.xls,2024-10-11
IN0020200278,05.15 GS 2025,2425.648,CCIL 10-11-2024.xls,2024-10-11
IN0020200294,05.85 GS 2030,2654.741,CCIL 10-11-2024.xls,2024-10-11
IN0020220086,07.36 GS 2052,2998.332,CCIL 10-11-2024.xls,2024-10-11
IN0020210194,06.99 GS 2051,2639.95,CCIL 10-11-2024.xls,2024-10-11
IN0020220136,07.10 GOI SGRB 2028,114.802,CCIL 10-11-2024.xls,2024-10-11
IN0020190032,07.72 GS 2049,1012.524,CCIL 10-11-2024.xls,2024-10-11
IN0020230150,07.24 GOI SGRB 2033,59.0,CCIL 10-11-2024.xls,2024-10-11
IN0020200054,07.16 GS 2050,1105.08,CCIL 10-11-2024.xls,2024-10-11
IN0020230143,07.25 GOI SGRB 2028,37.86,CCIL 10-11-2024.xls,2024-10-11
IN0020230176,07.37 GOI SGRB 2054,31.582,CCIL 10-11-2024.xls,2024-10-11
IN0020240126,06.79 GS 2034,31.0,CCIL 10-11-2024.xls,2024-10-11
IN0020220037,07.38 GS 2027,15085.482,CCIL 10-25-2024.xls,2024-10-25
IN0020240050,07.04 GS 2029,9907.84,CCIL 10-25-2024.xls,2024-10-25
IN0020230085,07.18 GS 2033,26739.803,CCIL 10-25-2024.xls,2024-10-25
IN0020200112,05.22 GS 2025,10386.646,CCIL 10-25-2024.xls,2024-10-25
IN0020230010,07.06 GS 2028,11636.189,CCIL 10-25-2024.xls,2024-10-25
IN0020210186,05.74 GS 2026,6171.385,CCIL 10-25-2024.xls,2024-10-25
IN0020210012,05.63 GS 2026,12538.4,CCIL 10-25-2024.xls,2024-10-25
IN0020230101,07.37 GS 2028,6772.761,CCIL 10-25-2024.xls,2024-10-25
IN0020230077,07.18 GS 2037,14310.777,CCIL 10-25-2024.xls,2024-10-25
IN0020240076,07.02 GS 2031,4206.165,CCIL 10-25-2024.xls,2024-10-25
IN0020230135,07.32 GS 2030,5450.675,CCIL 10-25-2024.xls,2024-10-25
IN0020240019,07.10 GS 2034,13720.645,CCIL 10-25-2024.xls,2024-10-25
IN0020220060,07.26 GS 2032,9962.806,CCIL 10-25-2024.xls,2024-10-25
IN0020220011,07.10 GS 2029,9846.402,CCIL 10-25-2024.xls,2024-10-25
IN0020220102,07.41 GS 2036,8789.117,CCIL 10-25-2024.xls,2024-10-25
IN0020230051,07.30 GS 2053,10893.35,CCIL 10-25-2024.xls,2024-10-25
IN0020210244,06.54 GS 2032,8254.945,CCIL 10-25-2024.xls,2024-10-25
IN0020180454,07.26 GS 2029,6632.523,CCIL 10-25-2024.xls,2024-10-25
IN0020220144,07.29 GOI SGRB 2033,395.491,CCIL 10-25-2024.xls,2024-10-25
IN0020220151,07.26 GS 2033,7343.99,CCIL 10-25-2024.xls,2024-10-25
IN0020200153,05.77 GS 2030,5209.63,CCIL 10-25-2024.xls,2024-10-25
IN0020210095,06.10 GS 2031,6202.441,CCIL 10-25-2024.xls,2024-10-25
IN0020230036,07.17 GS 2030,3992.432,CCIL 10-25-2024.xls,2024-10-25
IN0020190362,06.45 GS 2029,4318.689,CCIL 10-25-2024.xls,2024-10-25
IN0020220029,07.54 GS 2036,4934.48,CCIL 10-25-2024.xls,2024-10-25
IN0020200252,06.67 GS 2050,3976.665,CCIL 10-25-2024.xls,2024-10-25
IN0020200278,05.15 GS 2025,2713.648,CCIL 10-25-2024.xls,2024-10-25
IN0020200070,05.79 GS 2030,2614.419,CCIL 10-25-2024.xls,2024-10-25
IN0020200294,05.85 GS 2030,2606.887,CCIL 10-25-2024.xls,2024-10-25
IN0020220086,07.36 GS 2052,2955.252,CCIL 10-25-2024.xls,2024-10-25
IN0020210194,06.99 GS 2051,2633.619,CCIL 10-25-2024.xls,2024-10-25
IN0020190396,06.18 GS 2024,1176.589,CCIL 10-25-2024.xls,2024-10-25
IN0020220136,07.10 GOI SGRB 2028,114.802,CCIL 10-25-2024.xls,2024-10-25
IN0020190032,07.72 GS 2049,1017.044,CCIL 10-25-2024.xls,2024-10-25
IN0020230150,07.24 GOI SGRB 2033,59.0,CCIL 10-25-2024.xls,2024-10-25
IN0020200054,07.16 GS 2050,1112.9,CCIL 10-25-2024.xls,2024-10-25
IN0020230143,07.25 GOI SGRB 2028,37.86,CCIL 10-25-2024.xls,2024-10-25
IN0020240126,06.79 GS 2034,85.0,CCIL 10-25-2024.xls,2024-10-25
IN0020230176,07.37 GOI SGRB 2054,32.582,CCIL 10-25-2024.xls,2024-10-25
IN0020220037,07.38 GS 2027,15159.698,CCIL 10-31-2024.xls,2024-10-31
IN0020230085,07.18 GS 2033,26453.593,CCIL 10-31-2024.xls,2024-10-31
IN0020240050,07.04 GS 2029,9252.04,CCIL 10-31-2024.xls,2024-10-31
IN0020200112,05.22 GS 2025,10633.255,CCIL 10-31-2024.xls,2024-10-31
IN0020230010,07.06 GS 2028,11862.4,CCIL 10-31-2024.xls,2024-10-31
IN0020210012,05.63 GS 2026,13220.9,CCIL 10-31-2024.xls,2024-10-31
IN0020210186,05.74 GS 2026,5814.385,CCIL 10-31-2024.xls,2024-10-31
IN0020230101,07.37 GS 2028,6849.021,CCIL 10-31-2024.xls,2024-10-31
IN0020230135,07.32 GS 2030,5929.365,CCIL 10-31-2024.xls,2024-10-31
IN0020240019,07.10 GS 2034,15098.229,CCIL 10-31-2024.xls,2024-10-31
IN0020230077,07.18 GS 2037,14217.633,CCIL 10-31-2024.xls,2024-10-31
IN0020240076,07.02 GS 2031,4357.999,CCIL 10-31-2024.xls,2024-10-31
IN0020220060,07.26 GS 2032,10202.839,CCIL 10-31-2024.xls,2024-10-31
IN0020220011,07.10 GS 2029,10007.94,CCIL 10-31-2024.xls,2024-10-31
IN0020220102,07.41 GS 2036,8869.962,CCIL 10-31-2024.xls,2024-10-31
IN0020230051,07.30 GS 2053,11017.312,CCIL 10-31-2024.xls,2024-10-31
IN0020210244,06.54 GS 2032,8405.291,CCIL 10-31-2024.xls,2024-10-31
IN0020220144,07.29 GOI SGRB 2033,412.353,CCIL 10-31-2024.xls,2024-10-31
IN0020180454,07.26 GS 2029,6674.009,CCIL 10-31-2024.xls,2024-10-31
IN0020220151,07.26 GS 2033,7453.911,CCIL 10-31-2024.xls,2024-10-31
IN0020230036,07.17 GS 2030,4548.032,CCIL 10-31-2024.xls,2024-10-31
IN0020200153,05.77 GS 2030,5313.028,CCIL 10-31-2024.xls,2024-10-31
IN0020210095,06.10 GS 2031,6262.914,CCIL 10-31-2024.xls,2024-10-31
IN0020190362,06.45 GS 2029,4269.648,CCIL 10-31-2024.xls,2024-10-31
IN0020200278,05.15 GS 2025,3136.073,CCIL 10-31-2024.xls,2024-10-31
IN0020220029,07.54 GS 2036,4226.0,CCIL 10-31-2024.xls,2024-10-31
IN0020200252,06.67 GS 2050,4035.119,CCIL 10-31-2024.xls,2024-10-31
IN0020200070,05.79 GS 2030,2684.538,CCIL 10-31-2024.xls,2024-10-31
IN0020200294,05.85 GS 2030,2314.469,CCIL 10-31-2024.xls,2024-10-31
IN0020220086,07.36 GS 2052,3092.638,CCIL 10-31-2024.xls,2024-10-31
IN0020210194,06.99 GS 2051,2713.489,CCIL 10-31-2024.xls,2024-10-31
IN0020220136,07.10 GOI SGRB 2028,114.802,CCIL 10-31-2024.xls,2024-10-31
IN0020190032,07.72 GS 2049,1043.768,CCIL 10-31-2024.xls,2024-10-31
IN0020230150,07.24 GOI SGRB 2033,59.0,CCIL 10-31-2024.xls,2024-10-31
IN0020200054,07.16 GS 2050,1183.853,CCIL 10-31-2024.xls,2024-10-31
IN0020190396,06.18 GS 2024,859.588,CCIL 10-31-2024.xls,2024-10-31
IN0020230143,07.25 GOI SGRB 2028,37.86,CCIL 10-31-2024.xls,2024-10-31
IN0020240126,06.79 GS 2034,235.548,CCIL 10-31-2024.xls,2024-10-31
IN0020230176,07.37 GOI SGRB 2054,32.582,CCIL 10-31-2024.xls,2024-10-31
IN0020220037,07.38 GS 2027,15103.059,CCIL 11-22-2024.xls,2024-11-22
IN0020230085,07.18 GS 2033,23496.462,CCIL 11-22-2024.xls,2024-11-22
IN0020210012,05.63 GS 2026,15730.03,CCIL 11-22-2024.xls,2024-11-22
IN0020230010,07.06 GS 2028,12177.497,CCIL 11-22-2024.xls,2024-11-22
IN0020200112,05.22 GS 2025,10185.298,CCIL 11-22-2024.xls,2024-11-22
IN0020230101,07.37 GS 2028,7653.037,CCIL 11-22-2024.xls,2024-11-22
IN0020240019,07.10 GS 2034,16097.652,CCIL 11-22-2024.xls,2024-11-22
IN0020240050,07.04 GS 2029,7429.367,CCIL 11-22-2024.xls,2024-11-22
IN0020240076,07.02 GS 2031,4177.222,CCIL 11-22-2024.xls,2024-11-22
IN0020220060,07.26 GS 2032,10555.686,CCIL 11-22-2024.xls,2024-11-22
IN0020210186,05.74 GS 2026,4259.211,CCIL 11-22-2024.xls,2024-11-22
IN0020230135,07.32 GS 2030,4808.736,CCIL 11-22-2024.xls,2024-11-22
IN0020230077,07.18 GS 2037,11586.9,CCIL 11-22-2024.xls,2024-11-22
IN0020220011,07.10 GS 2029,10321.18,CCIL 11-22-2024.xls,2024-11-22
IN0020230051,07.30 GS 2053,10834.174,CCIL 11-22-2024.xls,2024-11-22
IN0020220144,07.29 GOI SGRB 2033,419.505,CCIL 11-22-2024.xls,2024-11-22
IN0020210244,06.54 GS 2032,8123.026,CCIL 11-22-2024.xls,2024-11-22
IN0020180454,07.26 GS 2029,6518.11,CCIL 11-22-2024.xls,2024-11-22
IN0020220151,07.26 GS 2033,7403.417,CCIL 11-22-2024.xls,2024-11-22
IN0020230036,07.17 GS 2030,4980.541,CCIL 11-22-2024.xls,2024-11-22
IN0020200153,05.77 GS 2030,5150.641,CCIL 11-22-2024.xls,2024-11-22
IN0020210095,06.10 GS 2031,6322.975,CCIL 11-22-2024.xls,2024-11-22
IN0020190362,06.45 GS 2029,4311.478,CCIL 11-22-2024.xls,2024-11-22
IN0020220102,07.41 GS 2036,5716.627,CCIL 11-22-2024.xls,2024-11-22
IN0020200278,05.15 GS 2025,3184.243,CCIL 11-22-2024.xls,2024-11-22
IN0020200252,06.67 GS 2050,4062.355,CCIL 11-22-2024.xls,2024-11-22
IN0020200070,05.79 GS 2030,2717.097,CCIL 11-22-2024.xls,2024-11-22
IN0020220029,07.54 GS 2036,3645.3,CCIL 11-22-2024.xls,2024-11-22
IN0020200294,05.85 GS 2030,2383.09,CCIL 11-22-2024.xls,2024-11-22
IN0020220086,07.36 GS 2052,3098.819,CCIL 11-22-2024.xls,2024-11-22
IN0020210194,06.99 GS 2051,2788.75,CCIL 11-22-2024.xls,2024-11-22
IN0020220136,07.10 GOI SGRB 2028,111.882,CCIL 11-22-2024.xls,2024-11-22
IN0020230176,07.37 GOI SGRB 2054,132.582,CCIL 11-22-2024.xls,2024-11-22
IN0020230150,07.24 GOI SGRB 2033,59.0,CCIL 11-22-2024.xls,2024-11-22
IN0020200054,07.16 GS 2050,1178.336,CCIL 11-22-2024.xls,2024-11-22
IN0020190032,07.72 GS 2049,955.858,CCIL 11-22-2024.xls,2024-11-22
IN0020230143,07.25 GOI SGRB 2028,37.86,CCIL 11-22-2024.xls,2024-11-22
IN0020240126,06.79 GS 2034,305.658,CCIL 11-22-2024.xls,2024-11-22
IN0020220037,07.38 GS 2027,13931.981,CCIL 12-06-2024.xls,2024-12-06
IN0020230010,07.06 GS 2028,13850.208,CCIL 12-06-2024.xls,2024-12-06
IN0020230135,07.32 GS 2030,8662.783,CCIL 12-06-2024.xls,2024-12-06
IN0020230085,07.18 GS 2033,24645.679,CCIL 12-06-2024.xls,2024-12-06
IN0020210012,05.63 GS 2026,16035.377,CCIL 12-06-2024.xls,2024-12-06
IN0020210186,05.74 GS 2026,6689.308,CCIL 12-06-2024.xls,2024-12-06
IN0020240019,07.10 GS 2034,18623.442,CCIL 12-06-2024.xls,2024-12-06
IN0020230101,07.37 GS 2028,7722.607,CCIL 12-06-2024.xls,2024-12-06
IN0020240050,07.04 GS 2029,8603.187,CCIL 12-06-2024.xls,2024-12-06
IN0020200112,05.22 GS 2025,7779.352,CCIL 12-06-2024.xls,2024-12-06
IN0020220011,07.10 GS 2029,11957.906,CCIL 12-06-2024.xls,2024-12-06
IN0020220060,07.26 GS 2032,10543.571,CCIL 12-06-2024.xls,2024-12-06
IN0020230077,07.18 GS 2037,11662.476,CCIL 12-06-2024.xls,2024-12-06
IN0020240076,07.02 GS 2031,3642.058,CCIL 12-06-2024.xls,2024-12-06
IN0020230051,07.30 GS 2053,10778.031,CCIL 12-06-2024.xls,2024-12-06
IN0020210244,06.54 GS 2032,8316.762,CCIL 12-06-2024.xls,2024-12-06
IN0020220144,07.29 GOI SGRB 2033,419.505,CCIL 12-06-2024.xls,2024-12-06
IN0020220151,07.26 GS 2033,7850.957,CCIL 12-06-2024.xls,2024-12-06
IN0020230036,07.17 GS 2030,5147.376,CCIL 12-06-2024.xls,2024-12-06
IN0020180454,07.26 GS 2029,6118.789,CCIL 12-06-2024.xls,2024-12-06
IN0020210095,06.10 GS 2031,6440.982,CCIL 12-06-2024.xls,2024-12-06
IN0020190362,06.45 GS 2029,4674.97,CCIL 12-06-2024.xls,2024-12-06
IN0020200153,05.77 GS 2030,4804.761,CCIL 12-06-2024.xls,2024-12-06
IN0020240126,06.79 GS 2034,2188.423,CCIL 12-06-2024.xls,2024-12-06
IN0020200278,05.15 GS 2025,3216.353,CCIL 12-06-2024.xls,2024-12-06
IN0020200252,06.67 GS 2050,4263.042,CCIL 12-06-2024.xls,2024-12-06
IN0020220086,07.36 GS 2052,4439.364,CCIL 12-06-2024.xls,2024-12-06
IN0020220029,07.54 GS 2036,4177.841,CCIL 12-06-2024.xls,2024-12-06
IN0020220102,07.41 GS 2036,4068.49,CCIL 12-06-2024.xls,2024-12-06
IN0020200070,05.79 GS 2030,2833.347,CCIL 12-06-2024.xls,2024-12-06
IN0020200294,05.85 GS 2030,2524.011,CCIL 12-06-2024.xls,2024-12-06
IN0020210194,06.99 GS 2051,2812.46,CCIL 12-06-2024.xls,2024-12-06
IN0020220136,07.10 GOI SGRB 2028,111.882,CCIL 12-06-2024.xls,2024-12-06
IN0020230176,07.37 GOI SGRB 2054,134.947,CCIL 12-06-2024.xls,2024-12-06
IN0020200054,07.16 GS 2050,1370.032,CCIL 12-06-2024.xls,2024-12-06
IN0020190032,07.72 GS 2049,1075.531,CCIL 12-06-2024.xls,2024-12-06
IN0020230150,07.24 GOI SGRB 2033,59.0,CCIL 12-06-2024.xls,2024-12-06
IN0020230143,07.25 GOI SGRB 2028,37.86,CCIL 12-06-2024.xls,2024-12-06
IN0020240159,06.79 GOI SGRB 2034,28.0,CCIL 12-06-2024.xls,2024-12-06
IN0020230085,07.18 GS 2033,24315.543,CCIL 12-13-2024.xls,2024-12-13
IN0020230010,07.06 GS 2028,12971.964,CCIL 12-13-2024.xls,2024-12-13
IN0020210012,05.63 GS 2026,15932.377,CCIL 12-13-2024.xls,2024-12-13
IN0020230135,07.32 GS 2030,8168.128,CCIL 12-13-2024.xls,2024-12-13
IN0020210186,05.74 GS 2026,6857.708,CCIL 12-13-2024.xls,2024-12-13
IN0020230101,07.37 GS 2028,7951.98,CCIL 12-13-2024.xls,2024-12-13
IN0020240050,07.04 GS 2029,9321.933,CCIL 12-13-2024.xls,2024-12-13
IN0020220037,07.38 GS 2027,11080.908,CCIL 12-13-2024.xls,2024-12-13
IN0020240019,07.10 GS 2034,17734.38,CCIL 12-13-2024.xls,2024-12-13
IN0020200112,05.22 GS 2025,7709.352,CCIL 12-13-2024.xls,2024-12-13
IN0020220011,07.10 GS 2029,11918.32,CCIL 12-13-2024.xls,2024-12-13
IN0020220060,07.26 GS 2032,10664.436,CCIL 12-13-2024.xls,2024-12-13
IN0020230077,07.18 GS 2037,11663.528,CCIL 12-13-2024.xls,2024-12-13
IN0020240076,07.02 GS 2031,3730.346,CCIL 12-13-2024.xls,2024-12-13
IN0020230051,07.30 GS 2053,10780.37,CCIL 12-13-2024.xls,2024-12-13
IN0020210244,06.54 GS 2032,8320.787,CCIL 12-13-2024.xls,2024-12-13
IN0020220144,07.29 GOI SGRB 2033,418.732,CCIL 12-13-2024.xls,2024-12-13
IN0020230036,07.17 GS 2030,5152.856,CCIL 12-13-2024.xls,2024-12-13
IN0020220151,07.26 GS 2033,7181.426,CCIL 12-13-2024.xls,2024-12-13
IN0020180454,07.26 GS 2029,6055.511,CCIL 12-13-2024.xls,2024-12-13
IN0020240126,06.79 GS 2034,2934.408,CCIL 12-13-2024.xls,2024-12-13
IN0020210095,06.10 GS 2031,6451.757,CCIL 12-13-2024.xls,2024-12-13
IN0020190362,06.45 GS 2029,4628.69,CCIL 12-13-2024.xls,2024-12-13
IN0020200153,05.77 GS 2030,4802.721,CCIL 12-13-2024.xls,2024-12-13
IN0020200278,05.15 GS 2025,3216.833,CCIL 12-13-2024.xls,2024-12-13
IN0020220086,07.36 GS 2052,5009.238,CCIL 12-13-2024.xls,2024-12-13
IN0020200252,06.67 GS 2050,4294.297,CCIL 12-13-2024.xls,2024-12-13
IN0020220029,07.54 GS 2036,4368.454,CCIL 12-13-2024.xls,2024-12-13
IN0020220102,07.41 GS 2036,4072.502,CCIL 12-13-2024.xls,2024-12-13
IN0020200070,05.79 GS 2030,2832.747,CCIL 12-13-2024.xls,2024-12-13
IN0020200294,05.85 GS 2030,2448.713,CCIL 12-13-2024.xls,2024-12-13
IN0020210194,06.99 GS 2051,2796.105,CCIL 12-13-2024.xls,2024-12-13
IN0020230176,07.37 GOI SGRB 2054,158.697,CCIL 12-13-2024.xls,2024-12-13
IN0020220136,07.10 GOI SGRB 2028,111.882,CCIL 12-13-2024.xls,2024-12-13
IN0020200054,07.16 GS 2050,1369.497,CCIL 12-13-2024.xls,2024-12-13
IN0020190032,07.72 GS 2049,1074.901,CCIL 12-13-2024.xls,2024-12-13
IN0020230150,07.24 GOI SGRB 2033,59.0,CCIL 12-13-2024.xls,2024-12-13
IN0020230143,07.25 GOI SGRB 2028,37.86,CCIL 12-13-2024.xls,2024-12-13
IN0020240159,06.79 GOI SGRB 2034,28.0,CCIL 12-13-2024.xls,2024-12-13
IN0020210012,05.63 GS 2026,16690.177,CCIL 12-20-2024.xls,2024-12-20
IN0020230085,07.18 GS 2033,24182.831,CCIL 12-20-2024.xls,2024-12-20
IN0020210186,05.74 GS 2026,7044.612,CCIL 12-20-2024.xls,2024-12-20
IN0020230101,07.37 GS 2028,8564.98,CCIL 12-20-2024.xls,2024-12-20
IN0020230135,07.32 GS 2030,7768.728,CCIL 12-20-2024.xls,2024-12-20
IN0020240050,07.04 GS 2029,9592.883,CCIL 12-20-2024.xls,2024-12-20
IN0020230010,07.06 GS 2028,11883.464,CCIL 12-20-2024.xls,2024-12-20
IN0020220037,07.38 GS 2027,10961.858,CCIL 12-20-2024.xls,2024-12-20
IN0020240019,07.10 GS 2034,17054.533,CCIL 12-20-2024.xls,2024-12-20
IN0020200112,05.22 GS 2025,7209.532,CCIL 12-20-2024.xls,2024-12-20
IN0020220060,07.26 GS 2032,10770.936,CCIL 12-20-2024.xls,2024-12-20
IN0020220011,07.10 GS 2029,11525.39,CCIL 12-20-2024.xls,2024-12-20
IN0020230077,07.18 GS 2037,11656.691,CCIL 12-20-2024.xls,2024-12-20
IN0020240076,07.02 GS 2031,3793.948,CCIL 12-20-2024.xls,2024-12-20
IN0020230051,07.30 GS 2053,10737.429,CCIL 12-20-2024.xls,2024-12-20
IN0020210244,06.54 GS 2032,8478.087,CCIL 12-20-2024.xls,2024-12-20
IN0020220144,07.29 GOI SGRB 2033,418.732,CCIL 12-20-2024.xls,2024-12-20
IN0020230036,07.17 GS 2030,5080.016,CCIL 12-20-2024.xls,2024-12-20
IN0020220151,07.26 GS 2033,7108.211,CCIL 12-20-2024.xls,2024-12-20
IN0020180454,07.26 GS 2029,6013.911,CCIL 12-20-2024.xls,2024-12-20
IN0020240183,06.75 GS 2029,630.0,CCIL 12-20-2024.xls,2024-12-20
IN0020210095,06.10 GS 2031,6543.957,CCIL 12-20-2024.xls,2024-12-20
IN0020190362,06.45 GS 2029,4591.59,CCIL 12-20-2024.xls,2024-12-20
IN0020220102,07.41 GS 2036,6181.902,CCIL 12-20-2024.xls,2024-12-20
IN0020200153,05.77 GS 2030,4822.441,CCIL 12-20-2024.xls,2024-12-20
IN0020240126,06.79 GS 2034,3029.258,CCIL 12-20-2024.xls,2024-12-20
IN0020200278,05.15 GS 2025,3210.633,CCIL 12-20-2024.xls,2024-12-20
IN0020200252,06.67 GS 2050,4355.017,CCIL 12-20-2024.xls,2024-12-20
IN0020220029,07.54 GS 2036,4470.71,CCIL 12-20-2024.xls,2024-12-20
IN0020220086,07.36 GS 2052,4475.847,CCIL 12-20-2024.xls,2024-12-20
IN0020200070,05.79 GS 2030,2884.947,CCIL 12-20-2024.xls,2024-12-20
IN0020200294,05.85 GS 2030,2485.853,CCIL 12-20-2024.xls,2024-12-20
IN0020210194,06.99 GS 2051,2837.105,CCIL 12-20-2024.xls,2024-12-20
IN0020230176,07.37 GOI SGRB 2054,159.497,CCIL 12-20-2024.xls,2024-12-20
IN0020200054,07.16 GS 2050,1500.717,CCIL 12-20-2024.xls,2024-12-20
IN0020220136,07.10 GOI SGRB 2028,111.882,CCIL 12-20-2024.xls,2024-12-20
IN0020190032,07.72 GS 2049,1110.041,CCIL 12-20-2024.xls,2024-12-20
IN0020230150,07.24 GOI SGRB 2033,59.0,CCIL 12-20-2024.xls,2024-12-20
IN0020240159,06.79 GOI SGRB 2034,41.0,CCIL 12-20-2024.xls,2024-12-20
IN0020230143,07.25 GOI SGRB 2028,37.86,CCIL 12-20-2024.xls,2024-12-20
IN0020230101,07.37 GS 2028,8684.805,CCIL 12-29-2023.xls,2023-12-29
IN0020230135,07.32 GS 2030,2501.69,CCIL 12-29-2023.xls,2023-12-29
IN0020230010,07.06 GS 2028,9233.339,CCIL 12-29-2023.xls,2023-12-29
IN0020220011,07.10 GS 2029,9897.439,CCIL 12-29-2023.xls,2023-12-29
IN0020230085,07.18 GS 2033,7932.782,CCIL 12-29-2023.xls,2023-12-29
IN0020210012,05.63 GS 2026,8654.248,CCIL 12-29-2023.xls,2023-12-29
IN0020220060,07.26 GS 2032,8282.363,CCIL 12-29-2023.xls,2023-12-29
IN0020230036,07.17 GS 2030,5425.3,CCIL 12-29-2023.xls,2023-12-29
IN0020200112,05.22 GS 2025,6163.993,CCIL 12-29-2023.xls,2023-12-29
IN0020220037,07.38 GS 2027,7127.414,CCIL 12-29-2023.xls,2023-12-29
IN0020210186,05.74 GS 2026,3650.532,CCIL 12-29-2023.xls,2023-12-29
IN0020180454,07.26 GS 2029,6182.66,CCIL 12-29-2023.xls,2023-12-29
IN0020220151,07.26 GS 2033,6829.69,CCIL 12-29-2023.xls,2023-12-29
IN0020180488,07.32 GS 2024,2239.5,CCIL 12-29-2023.xls,2023-12-29
IN0020190362,06.45 GS 2029,4016.347,CCIL 12-29-2023.xls,2023-12-29
IN0020210095,06.10 GS 2031,5122.332,CCIL 12-29-2023.xls,2023-12-29
IN0020190396,06.18 GS 2024,2721.06,CCIL 12-29-2023.xls,2023-12-29
IN0020220144,07.29 GOI SGRB 2033,249.034,CCIL 12-29-2023.xls,2023-12-29
IN0020200153,05.77 GS 2030,3606.765,CCIL 12-29-2023.xls,2023-12-29
IN0020210244,06.54 GS 2032,3553.229,CCIL 12-29-2023.xls,2023-12-29
IN0020200070,05.79 GS 2030,2495.2,CCIL 12-29-2023.xls,2023-12-29
IN0020200278,05.15 GS 2025,2278.879,CCIL 12-29-2023.xls,2023-12-29
IN0020200252,06.67 GS 2050,2651.659,CCIL 12-29-2023.xls,2023-12-29
IN0020220029,07.54 GS 2036,1839.145,CCIL 12-29-2023.xls,2023-12-29
IN0020220102,07.41 GS 2036,1844.818,CCIL 12-29-2023.xls,2023-12-29
IN0020220086,07.36 GS 2052,1932.144,CCIL 12-29-2023.xls,2023-12-29
IN0020200294,05.85 GS 2030,1274.29,CCIL 12-29-2023.xls,2023-12-29
IN0020230077,07.18 GS 2037,1252.08,CCIL 12-29-2023.xls,2023-12-29
IN0020210194,06.99 GS 2051,998.284,CCIL 12-29-2023.xls,2023-12-29
IN0020230051,07.30 GS 2053,800.233,CCIL 12-29-2023.xls,2023-12-29
IN0020230150,07.24 GOI SGRB 2033,25.5,CCIL 12-29-2023.xls,2023-12-29
IN0020220136,07.10 GOI SGRB 2028,35.005,CCIL 12-29-2023.xls,2023-12-29
IN0020200054,07.16 GS 2050,441.034,CCIL 12-29-2023.xls,2023-12-29
IN0020190032,07.72 GS 2049,132.55,CCIL 12-29-2023.xls,2023-12-29
IN0020230143,07.25 GOI SGRB 2028,0.0,CCIL 12-29-2023.xls,2023-12-29
IN0020220037,07.38 GS 2027,13931.981,CCIL 12-31-2024.xls,2024-12-31
IN0020230010,07.06 GS 2028,13850.208,CCIL 12-31-2024.xls,2024-12-31
IN0020230135,07.32 GS 2030,8662.783,CCIL 12-31-2024.xls,2024-12-31
IN0020230085,07.18 GS 2033,24645.679,CCIL 12-31-2024.xls,2024-12-31
IN0020210012,05.63 GS 2026,16035.377,CCIL 12-31-2024.xls,2024-12-31
IN0020210186,05.74 GS 2026,6689.308,CCIL 12-31-2024.xls,2024-12-31
IN0020240019,07.10 GS 2034,18623.442,CCIL 12-31-2024.xls,2024-12-31
IN0020230101,07.37 GS 2028,7722.607,CCIL 12-31-2024.xls,2024-12-31
IN0020240050,07.04 GS 2029,8603.187,CCIL 12-31-2024.xls,2024-12-31
IN0020200112,05.22 GS 2025,7779.352,CCIL 12-31-2024.xls,2024-12-31
IN0020220011,07.10 GS 2029,11957.906,CCIL 12-31-2024.xls,2024-12-31
IN0020220060,07.26 GS 2032,10543.571,CCIL 12-31-2024.xls,2024-12-31
IN0020230077,07.18 GS 2037,11662.476,CCIL 12-31-2024.xls,2024-12-31
IN0020240076,07.02 GS 2031,3642.058,CCIL 12-31-2024.xls,2024-12-31
IN0020230051,07.30 GS 2053,10778.031,CCIL 12-31-2024.xls,2024-12-31
IN0020210244,06.54 GS 2032,8316.762,CCIL 12-31-2024.xls,2024-12-31
IN0020220144,07.29 GOI SGRB 2033,419.505,CCIL 12-31-2024.xls,2024-12-31
IN0020220151,07.26 GS 2033,7850.957,CCIL 12-31-2024.xls,2024-12-31
IN0020230036,07.17 GS 2030,5147.376,CCIL 12-31-2024.xls,2024-12-31
IN0020180454,07.26 GS 2029,6118.789,CCIL 12-31-2024.xls,2024-12-31
IN0020210095,06.10 GS 2031,6440.982,CCIL 12-31-2024.xls,2024-12-31
IN0020190362,06.45 GS 2029,4674.97,CCIL 12-31-2024.xls,2024-12-31
IN0020200153,05.77 GS 2030,4804.761,CCIL 12-31-2024.xls,2024-12-31
IN0020240126,06.79 GS 2034,2188.423,CCIL 12-31-2024.xls,2024-12-31
IN0020200278,05.15 GS 2025,3216.353,CCIL 12-31-2024.xls,2024-12-31
IN0020200252,06.67 GS 2050,4263.042,CCIL 12-31-2024.xls,2024-12-31
IN0020220086,07.36 GS 2052,4439.364,CCIL 12-31-2024.xls,2024-12-31
IN0020220029,07.54 GS 2036,4177.841,CCIL 12-31-2024.xls,2024-12-31
IN0020220102,07.41 GS 2036,4068.49,CCIL 12-31-2024.xls,2024-12-31
IN0020200070,05.79 GS 2030,2833.347,CCIL 12-31-2024.xls,2024-12-31
IN0020200294,05.85 GS 2030,2524.011,CCIL 12-31-2024.xls,2024-12-31
IN0020210194,06.99 GS 2051,2812.46,CCIL 12-31-2024.xls,2024-12-31
IN0020220136,07.10 GOI SGRB 2028,111.882,CCIL 12-31-2024.xls,2024-12-31
IN0020230176,07.37 GOI SGRB 2054,134.947,CCIL 12-31-2024.xls,2024-12-31
IN0020200054,07.16 GS 2050,1370.032,CCIL 12-31-2024.xls,2024-12-31
IN0020190032,07.72 GS 2049,1075.531,CCIL 12-31-2024.xls,2024-12-31
IN0020230150,07.24 GOI SGRB 2033,59.0,CCIL 12-31-2024.xls,2024-12-31
IN0020230143,07.25 GOI SGRB 2028,37.86,CCIL 12-31-2024.xls,2024-12-31
IN0020240159,06.79 GOI SGRB 2034,28.0,CCIL 12-31-2024.xls,2024-12-31
IN0020230101,07.37 GS 2028,9795.423,CCIL 01-12-2024.xls,2024-01-12
IN0020230135,07.32 GS 2030,4123.69,CCIL 01-12-2024.xls,2024-01-12
IN0020230010,07.06 GS 2028,9144.239,CCIL 01-12-2024.xls,2024-01-12
IN0020230085,07.18 GS 2033,10036.132,CCIL 01-12-2024.xls,2024-01-12
IN0020220011,07.10 GS 2029,10085.967,CCIL 01-12-2024.xls,2024-01-12
IN0020210012,05.63 GS 2026,9352.998,CCIL 01-12-2024.xls,2024-01-12
IN0020200112,05.22 GS 2025,6853.993,CCIL 01-12-2024.xls,2024-01-12
IN0020220037,07.38 GS 2027,8061.154,CCIL 01-12-2024.xls,2024-01-12
IN0020220060,07.26 GS 2032,8209.663,CCIL 01-12-2024.xls,2024-01-12
IN0020230036,07.17 GS 2030,5390.3,CCIL 01-12-2024.xls,2024-01-12
IN0020210186,05.74 GS 2026,3770.632,CCIL 01-12-2024.xls,2024-01-12
IN0020220151,07.26 GS 2033,6990.87,CCIL 01-12-2024.xls,2024-01-12
IN0020180454,07.26 GS 2029,5863.17,CCIL 01-12-2024.xls,2024-01-12
IN0020190396,06.18 GS 2024,3051.26,CCIL 01-12-2024.xls,2024-01-12
IN0020210095,06.10 GS 2031,5467.332,CCIL 01-12-2024.xls,2024-01-12
IN0020180488,07.32 GS 2024,2114.5,CCIL 01-12-2024.xls,2024-01-12
IN0020190362,06.45 GS 2029,4058.517,CCIL 01-12-2024.xls,2024-01-12
IN0020220144,07.29 GOI SGRB 2033,249.034,CCIL 01-12-2024.xls,2024-01-12
IN0020200153,05.77 GS 2030,3616.765,CCIL 01-12-2024.xls,2024-01-12
IN0020210244,06.54 GS 2032,4044.001,CCIL 01-12-2024.xls,2024-01-12
IN0020200070,05.79 GS 2030,2518.85,CCIL 01-12-2024.xls,2024-01-12
IN0020200278,05.15 GS 2025,2279.718,CCIL 01-12-2024.xls,2024-01-12
IN0020200252,06.67 GS 2050,2651.659,CCIL 01-12-2024.xls,2024-01-12
IN0020220029,07.54 GS 2036,1899.795,CCIL 01-12-2024.xls,2024-01-12
IN0020220102,07.41 GS 2036,1875.897,CCIL 01-12-2024.xls,2024-01-12
IN0020220086,07.36 GS 2052,1928.494,CCIL 01-12-2024.xls,2024-01-12
IN0020200294,05.85 GS 2030,1330.29,CCIL 01-12-2024.xls,2024-01-12
IN0020230077,07.18 GS 2037,1258.43,CCIL 01-12-2024.xls,2024-01-12
IN0020210194,06.99 GS 2051,998.284,CCIL 01-12-2024.xls,2024-01-12
IN0020230051,07.30 GS 2053,902.783,CCIL 01-12-2024.xls,2024-01-12
IN0020230150,07.24 GOI SGRB 2033,25.5,CCIL 01-12-2024.xls,2024-01-12
IN0020200054,07.16 GS 2050,445.374,CCIL 01-12-2024.xls,2024-01-12
IN0020220136,07.10 GOI SGRB 2028,35.005,CCIL 01-12-2024.xls,2024-01-12
IN0020190032,07.72 GS 2049,132.55,CCIL 01-12-2024.xls,2024-01-12
IN0020230143,07.25 GOI SGRB 2028,0.0,CCIL 01-12-2024.xls,2024-01-12
IN0020230101,07.37 GS 2028,10495.741,CCIL 01-19-2024.xls,2024-01-19
IN0020230135,07.32 GS 2030,5474.19,CCIL 01-19-2024.xls,2024-01-19
IN0020230010,07.06 GS 2028,9409.239,CCIL 01-19-2024.xls,2024-01-19
IN0020230085,07.18 GS 2033,10979.653,CCIL 01-19-2024.xls,2024-01-19
IN0020210012,05.63 GS 2026,9655.848,CCIL 01-19-2024.xls,2024-01-19
IN0020220011,07.10 GS 2029,10108.83,CCIL 01-19-2024.xls,2024-01-19
IN0020200112,05.22 GS 2025,6814.993,CCIL 01-19-2024.xls,2024-01-19
IN0020220037,07.38 GS 2027,8181.154,CCIL 01-19-2024.xls,2024-01-19
IN0020210186,05.74 GS 2026,3863.642,CCIL 01-19-2024.xls,2024-01-19
IN0020220060,07.26 GS 2032,8219.663,CCIL 01-19-2024.xls,2024-01-19
IN0020230036,07.17 GS 2030,5503.3,CCIL 01-19-2024.xls,2024-01-19
IN0020220151,07.26 GS 2033,7058.224,CCIL 01-19-2024.xls,2024-01-19
IN0020180454,07.26 GS 2029,5863.17,CCIL 01-19-2024.xls,2024-01-19
IN0020210095,06.10 GS 2031,5795.332,CCIL 01-19-2024.xls,2024-01-19
IN0020190396,06.18 GS 2024,3051.26,CCIL 01-19-2024.xls,2024-01-19
IN0020190362,06.45 GS 2029,4078.517,CCIL 01-19-2024.xls,2024-01-19
IN0020180488,07.32 GS 2024,2054.5,CCIL 01-19-2024.xls,2024-01-19
IN0020210244,06.54 GS 2032,5121.086,CCIL 01-19-2024.xls,2024-01-19
IN0020220144,07.29 GOI SGRB 2033,249.034,CCIL 01-19-2024.xls,2024-01-19
IN0020200153,05.77 GS 2030,3596.765,CCIL 01-19-2024.xls,2024-01-19
IN0020200070,05.79 GS 2030,2551.85,CCIL 01-19-2024.xls,2024-01-19
IN0020200278,05.15 GS 2025,2284.718,CCIL 01-19-2024.xls,2024-01-19
IN0020200252,06.67 GS 2050,2651.659,CCIL 01-19-2024.xls,2024-01-19
IN0020220029,07.54 GS 2036,1899.795,CCIL 01-19-2024.xls,2024-01-19
IN0020220102,07.41 GS 2036,1886.183,CCIL 01-19-2024.xls,2024-01-19
IN0020220086,07.36 GS 2052,1919.508,CCIL 01-19-2024.xls,2024-01-19
IN0020200294,05.85 GS 2030,1340.29,CCIL 01-19-2024.xls,2024-01-19
IN0020230077,07.18 GS 2037,1295.43,CCIL 01-19-2024.xls,2024-01-19
IN0020210194,06.99 GS 2051,998.284,CCIL 01-19-2024.xls,2024-01-19
IN0020230051,07.30 GS 2053,965.566,CCIL 01-19-2024.xls,2024-01-19
IN0020230150,07.24 GOI SGRB 2033,25.5,CCIL 01-19-2024.xls,2024-01-19
IN0020200054,07.16 GS 2050,445.374,CCIL 01-19-2024.xls,2024-01-19
IN0020220136,07.10 GOI SGRB 2028,33.555,CCIL 01-19-2024.xls,2024-01-19
IN0020190032,07.72 GS 2049,132.55,CCIL 01-19-2024.xls,2024-01-19
IN0020230143,07.25 GOI SGRB 2028,0.0,CCIL 01-19-2024.xls,2024-01-19
IN0020230176,07.37 GOI SGRB 2054,0.0,CCIL 01-19-2024.xls,2024-01-19
IN0020230101,07.37 GS 2028,11420.263,CCIL 01-25-2024.xls,2024-01-25
IN0020230135,07.32 GS 2030,5899.34,CCIL 01-25-2024.xls,2024-01-25
IN0020230010,07.06 GS 2028,9332.239,CCIL 01-25-2024.xls,2024-01-25
IN0020210012,05.63 GS 2026,9823.898,CCIL 01-25-2024.xls,2024-01-25
IN0020220011,07.10 GS 2029,10158.83,CCIL 01-25-2024.xls,2024-01-25
IN0020200112,05.22 GS 2025,7319.993,CCIL 01-25-2024.xls,2024-01-25
IN0020230085,07.18 GS 2033,11210.032,CCIL 01-25-2024.xls,2024-01-25
IN0020220037,07.38 GS 2027,8286.154,CCIL 01-25-2024.xls,2024-01-25
IN0020210186,05.74 GS 2026,3916.632,CCIL 01-25-2024.xls,2024-01-25
IN0020220060,07.26 GS 2032,8138.163,CCIL 01-25-2024.xls,2024-01-25
IN0020230036,07.17 GS 2030,5503.3,CCIL 01-25-2024.xls,2024-01-25
IN0020220151,07.26 GS 2033,6863.224,CCIL 01-25-2024.xls,2024-01-25
IN0020180454,07.26 GS 2029,5863.17,CCIL 01-25-2024.xls,2024-01-25
IN0020210095,06.10 GS 2031,5811.332,CCIL 01-25-2024.xls,2024-01-25
IN0020190396,06.18 GS 2024,3056.26,CCIL 01-25-2024.xls,2024-01-25
IN0020190362,06.45 GS 2029,4086.517,CCIL 01-25-2024.xls,2024-01-25
IN0020180488,07.32 GS 2024,2014.5,CCIL 01-25-2024.xls,2024-01-25
IN0020210244,06.54 GS 2032,5171.086,CCIL 01-25-2024.xls,2024-01-25
IN0020220144,07.29 GOI SGRB 2033,249.034,CCIL 01-25-2024.xls,2024-01-25
IN0020200153,05.77 GS 2030,3606.765,CCIL 01-25-2024.xls,2024-01-25
IN0020200070,05.79 GS 2030,2551.85,CCIL 01-25-2024.xls,2024-01-25
IN0020200278,05.15 GS 2025,2285.718,CCIL 01-25-2024.xls,2024-01-25
IN0020200252,06.67 GS 2050,2651.659,CCIL 01-25-2024.xls,2024-01-25
IN0020230077,07.18 GS 2037,2155.466,CCIL 01-25-2024.xls,2024-01-25
IN0020220029,07.54 GS 2036,1971.795,CCIL 01-25-2024.xls,2024-01-25
IN0020220102,07.41 GS 2036,1911.183,CCIL 01-25-2024.xls,2024-01-25
IN0020220086,07.36 GS 2052,1919.508,CCIL 01-25-2024.xls,2024-01-25
IN0020200294,05.85 GS 2030,1340.29,CCIL 01-25-2024.xls,2024-01-25
IN0020230051,07.30 GS 2053,1035.716,CCIL 01-25-2024.xls,2024-01-25
IN0020210194,06.99 GS 2051,998.284,CCIL 01-25-2024.xls,2024-01-25
IN0020230150,07.24 GOI SGRB 2033,25.5,CCIL 01-25-2024.xls,2024-01-25
IN0020200054,07.16 GS 2050,445.374,CCIL 01-25-2024.xls,2024-01-25
IN0020220136,07.10 GOI SGRB 2028,33.555,CCIL 01-25-2024.xls,2024-01-25
IN0020190032,07.72 GS 2049,132.55,CCIL 01-25-2024.xls,2024-01-25
IN0020230143,07.25 GOI SGRB 2028,0.0,CCIL 01-25-2024.xls,2024-01-25
IN0020230176,07.37 GOI SGRB 2054,0.0,CCIL 01-25-2024.xls,2024-01-25
IN0020230101,07.37 GS 2028,11249.639,CCIL 02-02-2024.xls,2024-02-02
IN0020230135,07.32 GS 2030,7227.49,CCIL 02-02-2024.xls,2024-02-02
IN0020230010,07.06 GS 2028,11129.739,CCIL 02-02-2024.xls,2024-02-02
IN0020220037,07.38 GS 2027,9903.404,CCIL 02-02-2024.xls,2024-02-02
IN0020230085,07.18 GS 2033,12877.022,CCIL 02-02-2024.xls,2024-02-02
IN0020210012,05.63 GS 2026,9863.853,CCIL 02-02-2024.xls,2024-02-02
IN0020220011,07.10 GS 2029,9964.904,CCIL 02-02-2024.xls,2024-02-02
IN0020200112,05.22 GS 2025,7197.059,CCIL 02-02-2024.xls,2024-02-02
IN0020210186,05.74 GS 2026,3922.582,CCIL 02-02-2024.xls,2024-02-02
IN0020220060,07.26 GS 2032,8269.163,CCIL 02-02-2024.xls,2024-02-02
IN0020230036,07.17 GS 2030,5462.3,CCIL 02-02-2024.xls,2024-02-02
IN0020220151,07.26 GS 2033,6773.022,CCIL 02-02-2024.xls,2024-02-02
IN0020180454,07.26 GS 2029,5845.924,CCIL 02-02-2024.xls,2024-02-02
IN0020210095,06.10 GS 2031,5851.332,CCIL 02-02-2024.xls,2024-02-02
IN0020190396,06.18 GS 2024,3053.26,CCIL 02-02-2024.xls,2024-02-02
IN0020190362,06.45 GS 2029,4104.517,CCIL 02-02-2024.xls,2024-02-02
IN0020210244,06.54 GS 2032,5542.586,CCIL 02-02-2024.xls,2024-02-02
IN0020220144,07.29 GOI SGRB 2033,249.034,CCIL 02-02-2024.xls,2024-02-02
IN0020200153,05.77 GS 2030,3626.765,CCIL 02-02-2024.xls,2024-02-02
IN0020200070,05.79 GS 2030,2571.85,CCIL 02-02-2024.xls,2024-02-02
IN0020230077,07.18 GS 2037,3434.92,CCIL 02-02-2024.xls,2024-02-02
IN0020200278,05.15 GS 2025,2329.59,CCIL 02-02-2024.xls,2024-02-02
IN0020200252,06.67 GS 2050,2651.109,CCIL 02-02-2024.xls,2024-02-02
IN0020220029,07.54 GS 2036,2312.969,CCIL 02-02-2024.xls,2024-02-02
IN0020220102,07.41 GS 2036,1953.183,CCIL 02-02-2024.xls,2024-02-02
IN0020220086,07.36 GS 2052,1919.508,CCIL 02-02-2024.xls,2024-02-02
IN0020200294,05.85 GS 2030,1350.29,CCIL 02-02-2024.xls,2024-02-02
IN0020230051,07.30 GS 2053,1582.396,CCIL 02-02-2024.xls,2024-02-02
IN0020210194,06.99 GS 2051,997.706,CCIL 02-02-2024.xls,2024-02-02
IN0020230150,07.24 GOI SGRB 2033,25.5,CCIL 02-02-2024.xls,2024-02-02
IN0020200054,07.16 GS 2050,445.374,CCIL 02-02-2024.xls,2024-02-02
IN0020220136,07.10 GOI SGRB 2028,33.555,CCIL 02-02-2024.xls,2024-02-02
IN0020190032,07.72 GS 2049,132.55,CCIL 02-02-2024.xls,2024-02-02
IN0020230143,07.25 GOI SGRB 2028,0.0,CCIL 02-02-2024.xls,2024-02-02
IN0020230176,07.37 GOI SGRB 2054,0.0,CCIL 02-02-2024.xls,2024-02-02
IN0020230085,07.18 GS 2033,28958.362,CCIL 10-18-2024.xls,2024-10-18
IN0020240050,07.04 GS 2029,10187.34,CCIL 10-18-2024.xls,2024-10-18
IN0020220037,07.38 GS 2027,15133.742,CCIL 10-18-2024.xls,2024-10-18
IN0020240076,07.02 GS 2031,4905.535,CCIL 10-18-2024.xls,2024-10-18
IN0020200112,05.22 GS 2025,10398.746,CCIL 10-18-2024.xls,2024-10-18
IN0020210186,05.74 GS 2026,6934.385,CCIL 10-18-2024.xls,2024-10-18
IN0020230010,07.06 GS 2028,11619.919,CCIL 10-18-2024.xls,2024-10-18
IN0020230101,07.37 GS 2028,6575.561,CCIL 10-18-2024.xls,2024-10-18
IN0020210012,05.63 GS 2026,11981.9,CCIL 10-18-2024.xls,2024-10-18
IN0020230077,07.18 GS 2037,14537.777,CCIL 10-18-2024.xls,2024-10-18
IN0020230135,07.32 GS 2030,5365.282,CCIL 10-18-2024.xls,2024-10-18
IN0020240019,07.10 GS 2034,13473.883,CCIL 10-18-2024.xls,2024-10-18
IN0020220060,07.26 GS 2032,10136.08,CCIL 10-18-2024.xls,2024-10-18
IN0020220011,07.10 GS 2029,9870.962,CCIL 10-18-2024.xls,2024-10-18
IN0020220102,07.41 GS 2036,8861.108,CCIL 10-18-2024.xls,2024-10-18
IN0020230051,07.30 GS 2053,10655.222,CCIL 10-18-2024.xls,2024-10-18
IN0020210244,06.54 GS 2032,8200.409,CCIL 10-18-2024.xls,2024-10-18
IN0020180454,07.26 GS 2029,6737.156,CCIL 10-18-2024.xls,2024-10-18
IN0020220144,07.29 GOI SGRB 2033,397.464,CCIL 10-18-2024.xls,2024-10-18
IN0020220151,07.26 GS 2033,6779.757,CCIL 10-18-2024.xls,2024-10-18
IN0020230036,07.17 GS 2030,4417.432,CCIL 10-18-2024.xls,2024-10-18
IN0020200153,05.77 GS 2030,5119.63,CCIL 10-18-2024.xls,2024-10-18
IN0020210095,06.10 GS 2031,6182.441,CCIL 10-18-2024.xls,2024-10-18
IN0020190362,06.45 GS 2029,4343.689,CCIL 10-18-2024.xls,2024-10-18
IN0020220029,07.54 GS 2036,5009.074,CCIL 10-18-2024.xls,2024-10-18
IN0020200252,06.67 GS 2050,3974.365,CCIL 10-18-2024.xls,2024-10-18
IN0020200278,05.15 GS 2025,2609.648,CCIL 10-18-2024.xls,2024-10-18
IN0020200070,05.79 GS 2030,2614.419,CCIL 10-18-2024.xls,2024-10-18
IN0020200294,05.85 GS 2030,2686.787,CCIL 10-18-2024.xls,2024-10-18
IN0020220086,07.36 GS 2052,2991.332,CCIL 10-18-2024.xls,2024-10-18
IN0020210194,06.99 GS 2051,2639.869,CCIL 10-18-2024.xls,2024-10-18
IN0020190396,06.18 GS 2024,1326.589,CCIL 10-18-2024.xls,2024-10-18
IN0020220136,07.10 GOI SGRB 2028,114.802,CCIL 10-18-2024.xls,2024-10-18
IN0020190032,07.72 GS 2049,1012.524,CCIL 10-18-2024.xls,2024-10-18
IN0020230150,07.24 GOI SGRB 2033,59.0,CCIL 10-18-2024.xls,2024-10-18
IN0020200054,07.16 GS 2050,1090.13,CCIL 10-18-2024.xls,2024-10-18
IN0020230143,07.25 GOI SGRB 2028,37.86,CCIL 10-18-2024.xls,2024-10-18
IN0020230176,07.37 GOI SGRB 2054,32.582,CCIL 10-18-2024.xls,2024-10-18
IN0020240126,06.79 GS 2034,50.5,CCIL 10-18-2024.xls,2024-10-18
IN0020220037,07.38 GS 2027,15430.931,CCIL 11-14-2024.xls,2024-11-14
IN0020230085,07.18 GS 2033,23340.777,CCIL 11-14-2024.xls,2024-11-14
IN0020230101,07.37 GS 2028,8503.837,CCIL 11-14-2024.xls,2024-11-14
IN0020200112,05.22 GS 2025,10575.598,CCIL 11-14-2024.xls,2024-11-14
IN0020240050,07.04 GS 2029,8153.86,CCIL 11-14-2024.xls,2024-11-14
IN0020210012,05.63 GS 2026,14796.83,CCIL 11-14-2024.xls,2024-11-14
IN0020230010,07.06 GS 2028,11947.797,CCIL 11-14-2024.xls,2024-11-14
IN0020240019,07.10 GS 2034,15909.725,CCIL 11-14-2024.xls,2024-11-14
IN0020240076,07.02 GS 2031,4177.222,CCIL 11-14-2024.xls,2024-11-14
IN0020230077,07.18 GS 2037,12496.898,CCIL 11-14-2024.xls,2024-11-14
IN0020220060,07.26 GS 2032,10545.446,CCIL 11-14-2024.xls,2024-11-14
IN0020230135,07.32 GS 2030,4678.633,CCIL 11-14-2024.xls,2024-11-14
IN0020210186,05.74 GS 2026,3952.615,CCIL 11-14-2024.xls,2024-11-14
IN0020220011,07.10 GS 2029,9757.38,CCIL 11-14-2024.xls,2024-11-14
IN0020230051,07.30 GS 2053,10841.828,CCIL 11-14-2024.xls,2024-11-14
IN0020220144,07.29 GOI SGRB 2033,426.025,CCIL 11-14-2024.xls,2024-11-14
IN0020210244,06.54 GS 2032,8153.687,CCIL 11-14-2024.xls,2024-11-14
IN0020180454,07.26 GS 2029,6582.36,CCIL 11-14-2024.xls,2024-11-14
IN0020220151,07.26 GS 2033,7416.915,CCIL 11-14-2024.xls,2024-11-14
IN0020230036,07.17 GS 2030,4920.541,CCIL 11-14-2024.xls,2024-11-14
IN0020210095,06.10 GS 2031,6336.115,CCIL 11-14-2024.xls,2024-11-14
IN0020200153,05.77 GS 2030,5077.601,CCIL 11-14-2024.xls,2024-11-14
IN0020220102,07.41 GS 2036,6219.513,CCIL 11-14-2024.xls,2024-11-14
IN0020190362,06.45 GS 2029,4274.478,CCIL 11-14-2024.xls,2024-11-14
IN0020200278,05.15 GS 2025,3151.243,CCIL 11-14-2024.xls,2024-11-14
IN0020200252,06.67 GS 2050,4051.607,CCIL 11-14-2024.xls,2024-11-14
IN0020220029,07.54 GS 2036,3785.47,CCIL 11-14-2024.xls,2024-11-14
IN0020200070,05.79 GS 2030,2690.297,CCIL 11-14-2024.xls,2024-11-14
IN0020200294,05.85 GS 2030,2465.644,CCIL 11-14-2024.xls,2024-11-14
IN0020220086,07.36 GS 2052,3091.888,CCIL 11-14-2024.xls,2024-11-14
IN0020210194,06.99 GS 2051,2775.387,CCIL 11-14-2024.xls,2024-11-14
IN0020220136,07.10 GOI SGRB 2028,114.802,CCIL 11-14-2024.xls,2024-11-14
IN0020190032,07.72 GS 2049,1048.858,CCIL 11-14-2024.xls,2024-11-14
IN0020230150,07.24 GOI SGRB 2033,59.0,CCIL 11-14-2024.xls,2024-11-14
IN0020200054,07.16 GS 2050,1183.336,CCIL 11-14-2024.xls,2024-11-14
IN0020230143,07.25 GOI SGRB 2028,37.86,CCIL 11-14-2024.xls,2024-11-14
IN0020240126,06.79 GS 2034,301.378,CCIL 11-14-2024.xls,2024-11-14
IN0020230176,07.37 GOI SGRB 2054,32.582,CCIL 11-14-2024.xls,2024-11-14
IN0020220037,07.38 GS 2027,15016.824,CCIL 11-29-2024.xls,2024-11-29
IN0020210012,05.63 GS 2026,15915.18,CCIL 11-29-2024.xls,2024-11-29
IN0020230085,07.18 GS 2033,23346.484,CCIL 11-29-2024.xls,2024-11-29
IN0020230010,07.06 GS 2028,12248.64,CCIL 11-29-2024.xls,2024-11-29
IN0020230101,07.37 GS 2028,7683.161,CCIL 11-29-2024.xls,2024-11-29
IN0020200112,05.22 GS 2025,9713.652,CCIL 11-29-2024.xls,2024-11-29
IN0020240019,07.10 GS 2034,17178.611,CCIL 11-29-2024.xls,2024-11-29
IN0020230135,07.32 GS 2030,5931.85,CCIL 11-29-2024.xls,2024-11-29
IN0020240076,07.02 GS 2031,4197.922,CCIL 11-29-2024.xls,2024-11-29
IN0020220011,07.10 GS 2029,11900.529,CCIL 11-29-2024.xls,2024-11-29
IN0020210186,05.74 GS 2026,4385.511,CCIL 11-29-2024.xls,2024-11-29
IN0020220060,07.26 GS 2032,10777.473,CCIL 11-29-2024.xls,2024-11-29
IN0020240050,07.04 GS 2029,6150.767,CCIL 11-29-2024.xls,2024-11-29
IN0020230077,07.18 GS 2037,11862.173,CCIL 11-29-2024.xls,2024-11-29
IN0020230051,07.30 GS 2053,10898.054,CCIL 11-29-2024.xls,2024-11-29
IN0020210244,06.54 GS 2032,8225.995,CCIL 11-29-2024.xls,2024-11-29
IN0020220144,07.29 GOI SGRB 2033,419.505,CCIL 11-29-2024.xls,2024-11-29
IN0020230036,07.17 GS 2030,5115.277,CCIL 11-29-2024.xls,2024-11-29
IN0020220151,07.26 GS 2033,7402.263,CCIL 11-29-2024.xls,2024-11-29
IN0020180454,07.26 GS 2029,6336.02,CCIL 11-29-2024.xls,2024-11-29
IN0020210095,06.10 GS 2031,6420.047,CCIL 11-29-2024.xls,2024-11-29
IN0020200153,05.77 GS 2030,4972.761,CCIL 11-29-2024.xls,2024-11-29
IN0020190362,06.45 GS 2029,4542.67,CCIL 11-29-2024.xls,2024-11-29
IN0020220102,07.41 GS 2036,5817.618,CCIL 11-29-2024.xls,2024-11-29
IN0020200278,05.15 GS 2025,3216.353,CCIL 11-29-2024.xls,2024-11-29
IN0020200252,06.67 GS 2050,4201.402,CCIL 11-29-2024.xls,2024-11-29
IN0020220029,07.54 GS 2036,3890.65,CCIL 11-29-2024.xls,2024-11-29
IN0020200070,05.79 GS 2030,2812.507,CCIL 11-29-2024.xls,2024-11-29
IN0020220086,07.36 GS 2052,3662.008,CCIL 11-29-2024.xls,2024-11-29
IN0020200294,05.85 GS 2030,2443.716,CCIL 11-29-2024.xls,2024-11-29
IN0020210194,06.99 GS 2051,2798.06,CCIL 11-29-2024.xls,2024-11-29
IN0020220136,07.10 GOI SGRB 2028,111.882,CCIL 11-29-2024.xls,2024-11-29
IN0020230176,07.37 GOI SGRB 2054,132.582,CCIL 11-29-2024.xls,2024-11-29
IN0020200054,07.16 GS 2050,1314.212,CCIL 11-29-2024.xls,2024-11-29
IN0020190032,07.72 GS 2049,1027.868,CCIL 11-29-2024.xls,2024-11-29
IN0020230150,07.24 GOI SGRB 2033,59.0,CCIL 11-29-2024.xls,2024-11-29
IN0020240126,06.79 GS 2034,701.319,CCIL 11-29-2024.xls,2024-11-29
IN0020230143,07.25 GOI SGRB 2028,37.86,CCIL 11-29-2024.xls,2024-11-29
IN0020240159,06.79 GOI SGRB 2034,0.0,CCIL 11-29-2024.xls,2024-11-29
IN0020230101,07.37 GS 2028,8964.355,CCIL 01-05-2024.xls,2024-01-05
IN0020230135,07.32 GS 2030,2741.69,CCIL 01-05-2024.xls,2024-01-05
IN0020230010,07.06 GS 2028,9029.289,CCIL 01-05-2024.xls,2024-01-05
IN0020220011,07.10 GS 2029,9897.439,CCIL 01-05-2024.xls,2024-01-05
IN0020210012,05.63 GS 2026,9186.748,CCIL 01-05-2024.xls,2024-01-05
IN0020200112,05.22 GS 2025,6903.993,CCIL 01-05-2024.xls,2024-01-05
IN0020220037,07.38 GS 2027,8060.154,CCIL 01-05-2024.xls,2024-01-05
IN0020220060,07.26 GS 2032,8284.663,CCIL 01-05-2024.xls,2024-01-05
IN0020230085,07.18 GS 2033,8375.182,CCIL 01-05-2024.xls,2024-01-05
IN0020230036,07.17 GS 2030,5390.3,CCIL 01-05-2024.xls,2024-01-05
IN0020210186,05.74 GS 2026,3705.622,CCIL 01-05-2024.xls,2024-01-05
IN0020180454,07.26 GS 2029,6211.4,CCIL 01-05-2024.xls,2024-01-05
IN0020220151,07.26 GS 2033,6830.1,CCIL 01-05-2024.xls,2024-01-05
IN0020190396,06.18 GS 2024,2967.36,CCIL 01-05-2024.xls,2024-01-05
IN0020180488,07.32 GS 2024,2214.5,CCIL 01-05-2024.xls,2024-01-05
IN0020190362,06.45 GS 2029,4058.517,CCIL 01-05-2024.xls,2024-01-05
IN0020210095,06.10 GS 2031,5122.332,CCIL 01-05-2024.xls,2024-01-05
IN0020220144,07.29 GOI SGRB 2033,249.034,CCIL 01-05-2024.xls,2024-01-05
IN0020200153,05.77 GS 2030,3606.765,CCIL 01-05-2024.xls,2024-01-05
IN0020210244,06.54 GS 2032,3995.736,CCIL 01-05-2024.xls,2024-01-05
IN0020200070,05.79 GS 2030,2493.85,CCIL 01-05-2024.xls,2024-01-05
IN0020200278,05.15 GS 2025,2280.879,CCIL 01-05-2024.xls,2024-01-05
IN0020200252,06.67 GS 2050,2651.659,CCIL 01-05-2024.xls,2024-01-05
IN0020220102,07.41 GS 2036,1875.897,CCIL 01-05-2024.xls,2024-01-05
IN0020220029,07.54 GS 2036,1859.145,CCIL 01-05-2024.xls,2024-01-05
IN0020220086,07.36 GS 2052,1928.494,CCIL 01-05-2024.xls,2024-01-05
IN0020200294,05.85 GS 2030,1274.29,CCIL 01-05-2024.xls,2024-01-05
IN0020230077,07.18 GS 2037,1263.43,CCIL 01-05-2024.xls,2024-01-05
IN0020210194,06.99 GS 2051,998.284,CCIL 01-05-2024.xls,2024-01-05
IN0020230051,07.30 GS 2053,872.783,CCIL 01-05-2024.xls,2024-01-05
IN0020230150,07.24 GOI SGRB 2033,25.5,CCIL 01-05-2024.xls,2024-01-05
IN0020200054,07.16 GS 2050,445.374,CCIL 01-05-2024.xls,2024-01-05
IN0020220136,07.10 GOI SGRB 2028,35.005,CCIL 01-05-2024.xls,2024-01-05
IN0020190032,07.72 GS 2049,132.55,CCIL 01-05-2024.xls,2024-01-05
IN0020230143,07.25 GOI SGRB 2028,0.0,CCIL 01-05-2024.xls,2024-01-05
IN0020230101,07.37 GS 2028,11791.303,CCIL 02-09-2024.xls,2024-02-09
IN0020230135,07.32 GS 2030,7822.99,CCIL 02-09-2024.xls,2024-02-09
IN0020230010,07.06 GS 2028,12396.239,CCIL 02-09-2024.xls,2024-02-09
IN0020220037,07.38 GS 2027,9878.404,CCIL 02-09-2024.xls,2024-02-09
IN0020210012,05.63 GS 2026,10024.41,CCIL 02-09-2024.xls,2024-02-09
IN0020200112,05.22 GS 2025,7777.059,CCIL 02-09-2024.xls,2024-02-09
IN0020230085,07.18 GS 2033,12136.648,CCIL 02-09-2024.xls,2024-02-09
IN0020220011,07.10 GS 2029,9728.648,CCIL 02-09-2024.xls,2024-02-09
IN0020210186,05.74 GS 2026,3954.582,CCIL 02-09-2024.xls,2024-02-09
IN0020220060,07.26 GS 2032,8054.163,CCIL 02-09-2024.xls,2024-02-09
IN0020220151,07.26 GS 2033,8095.514,CCIL 02-09-2024.xls,2024-02-09
IN0020230036,07.17 GS 2030,5502.3,CCIL 02-09-2024.xls,2024-02-09
IN0020180454,07.26 GS 2029,5866.199,CCIL 02-09-2024.xls,2024-02-09
IN0020210244,06.54 GS 2032,6792.436,CCIL 02-09-2024.xls,2024-02-09
IN0020210095,06.10 GS 2031,5841.332,CCIL 02-09-2024.xls,2024-02-09
IN0020190396,06.18 GS 2024,3053.26,CCIL 02-09-2024.xls,2024-02-09
IN0020190362,06.45 GS 2029,4128.517,CCIL 02-09-2024.xls,2024-02-09
IN0020220144,07.29 GOI SGRB 2033,249.034,CCIL 02-09-2024.xls,2024-02-09
IN0020200153,05.77 GS 2030,3638.765,CCIL 02-09-2024.xls,2024-02-09
IN0020230077,07.18 GS 2037,4412.62,CCIL 02-09-2024.xls,2024-02-09
IN0020200070,05.79 GS 2030,2618.85,CCIL 02-09-2024.xls,2024-02-09
IN0020200278,05.15 GS 2025,2356.39,CCIL 02-09-2024.xls,2024-02-09
IN0020200252,06.67 GS 2050,2666.209,CCIL 02-09-2024.xls,2024-02-09
IN0020220029,07.54 GS 2036,2321.469,CCIL 02-09-2024.xls,2024-02-09
IN0020230051,07.30 GS 2053,2152.164,CCIL 02-09-2024.xls,2024-02-09
IN0020220102,07.41 GS 2036,2003.183,CCIL 02-09-2024.xls,2024-02-09
IN0020220086,07.36 GS 2052,2019.508,CCIL 02-09-2024.xls,2024-02-09
IN0020200294,05.85 GS 2030,1350.29,CCIL 02-09-2024.xls,2024-02-09
IN0020210194,06.99 GS 2051,997.706,CCIL 02-09-2024.xls,2024-02-09
IN0020230150,07.24 GOI SGRB 2033,25.5,CCIL 02-09-2024.xls,2024-02-09
IN0020200054,07.16 GS 2050,445.374,CCIL 02-09-2024.xls,2024-02-09
IN0020220136,07.10 GOI SGRB 2028,33.127,CCIL 02-09-2024.xls,2024-02-09
IN0020190032,07.72 GS 2049,132.55,CCIL 02-09-2024.xls,2024-02-09
IN0020230143,07.25 GOI SGRB 2028,0.0,CCIL 02-09-2024.xls,2024-02-09
IN0020230176,07.37 GOI SGRB 2054,0.0,CCIL 02-09-2024.xls,2024-02-09
IN0020230101,07.37 GS 2028,11649.403,CCIL 02-16-2024.xls,2024-02-16
IN0020230135,07.32 GS 2030,7718.14,CCIL 02-16-2024.xls,2024-02-16
IN0020230010,07.06 GS 2028,12212.639,CCIL 02-16-2024.xls,2024-02-16
IN0020230085,07.18 GS 2033,14381.535,CCIL 02-16-2024.xls,2024-02-16
IN0020220037,07.38 GS 2027,9883.404,CCIL 02-16-2024.xls,2024-02-16
IN0020200112,05.22 GS 2025,7894.559,CCIL 02-16-2024.xls,2024-02-16
IN0020210012,05.63 GS 2026,9819.51,CCIL 02-16-2024.xls,2024-02-16
IN0020220011,07.10 GS 2029,9444.828,CCIL 02-16-2024.xls,2024-02-16
IN0020210186,05.74 GS 2026,4004.158,CCIL 02-16-2024.xls,2024-02-16
IN0020220151,07.26 GS 2033,8242.914,CCIL 02-16-2024.xls,2024-02-16
IN0020220060,07.26 GS 2032,7954.163,CCIL 02-16-2024.xls,2024-02-16
IN0020230036,07.17 GS 2030,5511.3,CCIL 02-16-2024.xls,2024-02-16
IN0020180454,07.26 GS 2029,5866.199,CCIL 02-16-2024.xls,2024-02-16
IN0020210244,06.54 GS 2032,6792.436,CCIL 02-16-2024.xls,2024-02-16
IN0020190396,06.18 GS 2024,3138.56,CCIL 02-16-2024.xls,2024-02-16
IN0020210095,06.10 GS 2031,5841.332,CCIL 02-16-2024.xls,2024-02-16
IN0020190362,06.45 GS 2029,4135.917,CCIL 02-16-2024.xls,2024-02-16
IN0020220144,07.29 GOI SGRB 2033,249.034,CCIL 02-16-2024.xls,2024-02-16
IN0020200153,05.77 GS 2030,3644.765,CCIL 02-16-2024.xls,2024-02-16
IN0020230077,07.18 GS 2037,3994.889,CCIL 02-16-2024.xls,2024-02-16
IN0020200070,05.79 GS 2030,2618.85,CCIL 02-16-2024.xls,2024-02-16
IN0020200278,05.15 GS 2025,2358.79,CCIL 02-16-2024.xls,2024-02-16
IN0020230051,07.30 GS 2053,3000.914,CCIL 02-16-2024.xls,2024-02-16
IN0020200252,06.67 GS 2050,2666.209,CCIL 02-16-2024.xls,2024-02-16
IN0020220029,07.54 GS 2036,2337.707,CCIL 02-16-2024.xls,2024-02-16
IN0020220102,07.41 GS 2036,2033.183,CCIL 02-16-2024.xls,2024-02-16
IN0020220086,07.36 GS 2052,2019.508,CCIL 02-16-2024.xls,2024-02-16
IN0020200294,05.85 GS 2030,1350.29,CCIL 02-16-2024.xls,2024-02-16
IN0020210194,06.99 GS 2051,997.706,CCIL 02-16-2024.xls,2024-02-16
IN0020230150,07.24 GOI SGRB 2033,25.5,CCIL 02-16-2024.xls,2024-02-16
IN0020200054,07.16 GS 2050,445.374,CCIL 02-16-2024.xls,2024-02-16
IN0020220136,07.10 GOI SGRB 2028,33.127,CCIL 02-16-2024.xls,2024-02-16
IN0020190032,07.72 GS 2049,132.55,CCIL 02-16-2024.xls,2024-02-16
IN0020230143,07.25 GOI SGRB 2028,0.0,CCIL 02-16-2024.xls,2024-02-16
IN0020230176,07.37 GOI SGRB 2054,0.0,CCIL 02-16-2024.xls,2024-02-16
IN0020230101,07.37 GS 2028,11657.603,CCIL 03-01-2024.xls,2024-03-01
IN0020230135,07.32 GS 2030,7626.96,CCIL 03-01-2024.xls,2024-03-01
IN0020230010,07.06 GS 2028,11762.449,CCIL 03-01-2024.xls,2024-03-01
IN0020230085,07.18 GS 2033,18023.404,CCIL 03-01-2024.xls,2024-03-01
IN0020210012,05.63 GS 2026,10726.36,CCIL 03-01-2024.xls,2024-03-01
IN0020200112,05.22 GS 2025,8231.459,CCIL 03-01-2024.xls,2024-03-01
IN0020220037,07.38 GS 2027,9364.784,CCIL 03-01-2024.xls,2024-03-01
IN0020210186,05.74 GS 2026,4066.248,CCIL 03-01-2024.xls,2024-03-01
IN0020220011,07.10 GS 2029,8561.38,CCIL 03-01-2024.xls,2024-03-01
IN0020230036,07.17 GS 2030,5535.3,CCIL 03-01-2024.xls,2024-03-01
IN0020220060,07.26 GS 2032,7940.323,CCIL 03-01-2024.xls,2024-03-01
IN0020220151,07.26 GS 2033,7907.754,CCIL 03-01-2024.xls,2024-03-01
IN0020210244,06.54 GS 2032,7137.436,CCIL 03-01-2024.xls,2024-03-01
IN0020180454,07.26 GS 2029,5803.275,CCIL 03-01-2024.xls,2024-03-01
IN0020190396,06.18 GS 2024,3143.561,CCIL 03-01-2024.xls,2024-03-01
IN0020210095,06.10 GS 2031,5871.182,CCIL 03-01-2024.xls,2024-03-01
IN0020190362,06.45 GS 2029,4121.867,CCIL 03-01-2024.xls,2024-03-01
IN0020230077,07.18 GS 2037,5397.971,CCIL 03-01-2024.xls,2024-03-01
IN0020220144,07.29 GOI SGRB 2033,249.034,CCIL 03-01-2024.xls,2024-03-01
IN0020200153,05.77 GS 2030,3650.165,CCIL 03-01-2024.xls,2024-03-01
IN0020200070,05.79 GS 2030,2666.35,CCIL 03-01-2024.xls,2024-03-01
IN0020230051,07.30 GS 2053,3038.232,CCIL 03-01-2024.xls,2024-03-01
IN0020200278,05.15 GS 2025,2133.14,CCIL 03-01-2024.xls,2024-03-01
IN0020200252,06.67 GS 2050,2646.789,CCIL 03-01-2024.xls,2024-03-01
IN0020220029,07.54 GS 2036,2326.355,CCIL 03-01-2024.xls,2024-03-01
IN0020220102,07.41 GS 2036,2007.603,CCIL 03-01-2024.xls,2024-03-01
IN0020220086,07.36 GS 2052,2017.508,CCIL 03-01-2024.xls,2024-03-01
IN0020200294,05.85 GS 2030,1346.79,CCIL 03-01-2024.xls,2024-03-01
IN0020210194,06.99 GS 2051,982.456,CCIL 03-01-2024.xls,2024-03-01
IN0020230150,07.24 GOI SGRB 2033,25.5,CCIL 03-01-2024.xls,2024-03-01
IN0020200054,07.16 GS 2050,436.874,CCIL 03-01-2024.xls,2024-03-01
IN0020220136,07.10 GOI SGRB 2028,33.127,CCIL 03-01-2024.xls,2024-03-01
IN0020190032,07.72 GS 2049,127.05,CCIL 03-01-2024.xls,2024-03-01
IN0020230143,07.25 GOI SGRB 2028,0.0,CCIL 03-01-2024.xls,2024-03-01
IN0020230176,07.37 GOI SGRB 2054,0.0,CCIL 03-01-2024.xls,2024-03-01
IN0020230101,07.37 GS 2028,13165.295,CCIL 03-08-2024.xls,2024-03-08
IN0020230135,07.32 GS 2030,7217.16,CCIL 03-08-2024.xls,2024-03-08
IN0020210186,05.74 GS 2026,6715.838,CCIL 03-08-2024.xls,2024-03-08
IN0020230010,07.06 GS 2028,11639.449,CCIL 03-08-2024.xls,2024-03-08
IN0020220037,07.38 GS 2027,13728.784,CCIL 03-08-2024.xls,2024-03-08
IN0020230085,07.18 GS 2033,19033.25,CCIL 03-08-2024.xls,2024-03-08
IN0020210012,05.63 GS 2026,10749.96,CCIL 03-08-2024.xls,2024-03-08
IN0020230036,07.17 GS 2030,5654.97,CCIL 03-08-2024.xls,2024-03-08
IN0020200112,05.22 GS 2025,6468.365,CCIL 03-08-2024.xls,2024-03-08
IN0020220060,07.26 GS 2032,8046.823,CCIL 03-08-2024.xls,2024-03-08
IN0020220011,07.10 GS 2029,8551.203,CCIL 03-08-2024.xls,2024-03-08
IN0020220151,07.26 GS 2033,7828.452,CCIL 03-08-2024.xls,2024-03-08
IN0020180454,07.26 GS 2029,6530.945,CCIL 03-08-2024.xls,2024-03-08
IN0020210244,06.54 GS 2032,7457.936,CCIL 03-08-2024.xls,2024-03-08
IN0020230077,07.18 GS 2037,6856.627,CCIL 03-08-2024.xls,2024-03-08
IN0020210095,06.10 GS 2031,5881.182,CCIL 03-08-2024.xls,2024-03-08
IN0020190362,06.45 GS 2029,4114.567,CCIL 03-08-2024.xls,2024-03-08
IN0020220144,07.29 GOI SGRB 2033,262.214,CCIL 03-08-2024.xls,2024-03-08
IN0020190396,06.18 GS 2024,2462.561,CCIL 03-08-2024.xls,2024-03-08
IN0020200153,05.77 GS 2030,3656.855,CCIL 03-08-2024.xls,2024-03-08
IN0020230051,07.30 GS 2053,3786.437,CCIL 03-08-2024.xls,2024-03-08
IN0020200070,05.79 GS 2030,2628.35,CCIL 03-08-2024.xls,2024-03-08
IN0020200278,05.15 GS 2025,2190.34,CCIL 03-08-2024.xls,2024-03-08
IN0020200252,06.67 GS 2050,2647.569,CCIL 03-08-2024.xls,2024-03-08
IN0020220029,07.54 GS 2036,2326.355,CCIL 03-08-2024.xls,2024-03-08
IN0020220102,07.41 GS 2036,2014.603,CCIL 03-08-2024.xls,2024-03-08
IN0020220086,07.36 GS 2052,1871.508,CCIL 03-08-2024.xls,2024-03-08
IN0020200294,05.85 GS 2030,1342.29,CCIL 03-08-2024.xls,2024-03-08
IN0020210194,06.99 GS 2051,984.456,CCIL 03-08-2024.xls,2024-03-08
IN0020230150,07.24 GOI SGRB 2033,25.5,CCIL 03-08-2024.xls,2024-03-08
IN0020220136,07.10 GOI SGRB 2028,35.217,CCIL 03-08-2024.xls,2024-03-08
IN0020200054,07.16 GS 2050,431.874,CCIL 03-08-2024.xls,2024-03-08
IN0020190032,07.72 GS 2049,124.05,CCIL 03-08-2024.xls,2024-03-08
IN0020230143,07.25 GOI SGRB 2028,0.0,CCIL 03-08-2024.xls,2024-03-08
IN0020230176,07.37 GOI SGRB 2054,0.0,CCIL 03-08-2024.xls,2024-03-08
IN0020230101,07.37 GS 2028,9341.134,CCIL 04-05-2024.xls,2024-04-05
IN0020230135,07.32 GS 2030,5356.16,CCIL 04-05-2024.xls,2024-04-05
IN0020210186,05.74 GS 2026,6642.308,CCIL 04-05-2024.xls,2024-04-05
IN0020220037,07.38 GS 2027,14088.984,CCIL 04-05-2024.xls,2024-04-05
IN0020230085,07.18 GS 2033,18996.657,CCIL 04-05-2024.xls,2024-04-05
IN0020230010,07.06 GS 2028,9159.149,CCIL 04-05-2024.xls,2024-04-05
IN0020210012,05.63 GS 2026,10035.16,CCIL 04-05-2024.xls,2024-04-05
IN0020200112,05.22 GS 2025,6910.365,CCIL 04-05-2024.xls,2024-04-05
IN0020220060,07.26 GS 2032,8081.823,CCIL 04-05-2024.xls,2024-04-05
IN0020220011,07.10 GS 2029,8436.633,CCIL 04-05-2024.xls,2024-04-05
IN0020230036,07.17 GS 2030,5307.97,CCIL 04-05-2024.xls,2024-04-05
IN0020230077,07.18 GS 2037,8840.933,CCIL 04-05-2024.xls,2024-04-05
IN0020220151,07.26 GS 2033,7587.092,CCIL 04-05-2024.xls,2024-04-05
IN0020180454,07.26 GS 2029,6525.687,CCIL 04-05-2024.xls,2024-04-05
IN0020210244,06.54 GS 2032,7174.436,CCIL 04-05-2024.xls,2024-04-05
IN0020210095,06.10 GS 2031,5915.352,CCIL 04-05-2024.xls,2024-04-05
IN0020190362,06.45 GS 2029,3950.517,CCIL 04-05-2024.xls,2024-04-05
IN0020220144,07.29 GOI SGRB 2033,269.484,CCIL 04-05-2024.xls,2024-04-05
IN0020190396,06.18 GS 2024,2462.561,CCIL 04-05-2024.xls,2024-04-05
IN0020200153,05.77 GS 2030,3601.79,CCIL 04-05-2024.xls,2024-04-05
IN0020230051,07.30 GS 2053,4369.252,CCIL 04-05-2024.xls,2024-04-05
IN0020200070,05.79 GS 2030,2568.35,CCIL 04-05-2024.xls,2024-04-05
IN0020200278,05.15 GS 2025,2193.84,CCIL 04-05-2024.xls,2024-04-05
IN0020200252,06.67 GS 2050,2660.329,CCIL 04-05-2024.xls,2024-04-05
IN0020220029,07.54 GS 2036,2380.335,CCIL 04-05-2024.xls,2024-04-05
IN0020220102,07.41 GS 2036,2084.603,CCIL 04-05-2024.xls,2024-04-05
IN0020220086,07.36 GS 2052,1995.749,CCIL 04-05-2024.xls,2024-04-05
IN0020200294,05.85 GS 2030,1347.29,CCIL 04-05-2024.xls,2024-04-05
IN0020230150,07.24 GOI SGRB 2033,44.5,CCIL 04-05-2024.xls,2024-04-05
IN0020220136,07.10 GOI SGRB 2028,55.217,CCIL 04-05-2024.xls,2024-04-05
IN0020210194,06.99 GS 2051,1016.456,CCIL 04-05-2024.xls,2024-04-05
IN0020200054,07.16 GS 2050,487.704,CCIL 04-05-2024.xls,2024-04-05
IN0020190032,07.72 GS 2049,130.05,CCIL 04-05-2024.xls,2024-04-05
IN0020240019,07.10 GS 2034,0.0,CCIL 04-05-2024.xls,2024-04-05
IN0020230176,07.37 GOI SGRB 2054,0.0,CCIL 04-05-2024.xls,2024-04-05
IN0020230143,07.25 GOI SGRB 2028,0.0,CCIL 04-05-2024.xls,2024-04-05
IN0020230101,07.37 GS 2028,7661.284,CCIL 04-12-2024.xls,2024-04-12
IN0020230085,07.18 GS 2033,21151.827,CCIL 04-12-2024.xls,2024-04-12
IN0020210186,05.74 GS 2026,6704.308,CCIL 04-12-2024.xls,2024-04-12
IN0020220037,07.38 GS 2027,14060.684,CCIL 04-12-2024.xls,2024-04-12
IN0020230135,07.32 GS 2030,5006.51,CCIL 04-12-2024.xls,2024-04-12
IN0020230010,07.06 GS 2028,9169.149,CCIL 04-12-2024.xls,2024-04-12
IN0020210012,05.63 GS 2026,10123.66,CCIL 04-12-2024.xls,2024-04-12
IN0020200112,05.22 GS 2025,7405.46,CCIL 04-12-2024.xls,2024-04-12
IN0020220060,07.26 GS 2032,8086.823,CCIL 04-12-2024.xls,2024-04-12
IN0020230077,07.18 GS 2037,8935.275,CCIL 04-12-2024.xls,2024-04-12
IN0020220151,07.26 GS 2033,7632.092,CCIL 04-12-2024.xls,2024-04-12
IN0020180454,07.26 GS 2029,6537.787,CCIL 04-12-2024.xls,2024-04-12
IN0020220011,07.10 GS 2029,7371.633,CCIL 04-12-2024.xls,2024-04-12
IN0020210244,06.54 GS 2032,6864.436,CCIL 04-12-2024.xls,2024-04-12
IN0020230036,07.17 GS 2030,4472.97,CCIL 04-12-2024.xls,2024-04-12
IN0020210095,06.10 GS 2031,6185.352,CCIL 04-12-2024.xls,2024-04-12
IN0020190362,06.45 GS 2029,3955.517,CCIL 04-12-2024.xls,2024-04-12
IN0020220144,07.29 GOI SGRB 2033,269.484,CCIL 04-12-2024.xls,2024-04-12
IN0020190396,06.18 GS 2024,2462.561,CCIL 04-12-2024.xls,2024-04-12
IN0020200153,05.77 GS 2030,3604.99,CCIL 04-12-2024.xls,2024-04-12
IN0020230051,07.30 GS 2053,4617.611,CCIL 04-12-2024.xls,2024-04-12
IN0020200070,05.79 GS 2030,2568.35,CCIL 04-12-2024.xls,2024-04-12
IN0020200278,05.15 GS 2025,2193.84,CCIL 04-12-2024.xls,2024-04-12
IN0020200252,06.67 GS 2050,2665.329,CCIL 04-12-2024.xls,2024-04-12
IN0020220029,07.54 GS 2036,2380.335,CCIL 04-12-2024.xls,2024-04-12
IN0020220102,07.41 GS 2036,2081.603,CCIL 04-12-2024.xls,2024-04-12
IN0020220086,07.36 GS 2052,2002.749,CCIL 04-12-2024.xls,2024-04-12
IN0020200294,05.85 GS 2030,1353.79,CCIL 04-12-2024.xls,2024-04-12
IN0020240019,07.10 GS 2034,222.0,CCIL 04-12-2024.xls,2024-04-12
IN0020230150,07.24 GOI SGRB 2033,44.5,CCIL 04-12-2024.xls,2024-04-12
IN0020210194,06.99 GS 2051,1018.456,CCIL 04-12-2024.xls,2024-04-12
IN0020220136,07.10 GOI SGRB 2028,55.217,CCIL 04-12-2024.xls,2024-04-12
IN0020200054,07.16 GS 2050,498.104,CCIL 04-12-2024.xls,2024-04-12
IN0020190032,07.72 GS 2049,137.05,CCIL 04-12-2024.xls,2024-04-12
IN0020230176,07.37 GOI SGRB 2054,0.0,CCIL 04-12-2024.xls,2024-04-12
IN0020230143,07.25 GOI SGRB 2028,0.0,CCIL 04-12-2024.xls,2024-04-12
IN0020230085,07.18 GS 2033,21999.042,CCIL 04-19-2024.xls,2024-04-19
IN0020210186,05.74 GS 2026,6704.308,CCIL 04-19-2024.xls,2024-04-19
IN0020230010,07.06 GS 2028,9836.549,CCIL 04-19-2024.xls,2024-04-19
IN0020230101,07.37 GS 2028,5429.634,CCIL 04-19-2024.xls,2024-04-19
IN0020220037,07.38 GS 2027,11787.505,CCIL 04-19-2024.xls,2024-04-19
IN0020210012,05.63 GS 2026,9996.96,CCIL 04-19-2024.xls,2024-04-19
IN0020230135,07.32 GS 2030,3751.86,CCIL 04-19-2024.xls,2024-04-19
IN0020200112,05.22 GS 2025,7305.46,CCIL 04-19-2024.xls,2024-04-19
IN0020220060,07.26 GS 2032,8055.523,CCIL 04-19-2024.xls,2024-04-19
IN0020230077,07.18 GS 2037,9015.185,CCIL 04-19-2024.xls,2024-04-19
IN0020180454,07.26 GS 2029,6537.787,CCIL 04-19-2024.xls,2024-04-19
IN0020220011,07.10 GS 2029,7353.571,CCIL 04-19-2024.xls,2024-04-19
IN0020220151,07.26 GS 2033,6931.592,CCIL 04-19-2024.xls,2024-04-19
IN0020210244,06.54 GS 2032,6754.436,CCIL 04-19-2024.xls,2024-04-19
IN0020230036,07.17 GS 2030,4380.17,CCIL 04-19-2024.xls,2024-04-19
IN0020210095,06.10 GS 2031,5933.852,CCIL 04-19-2024.xls,2024-04-19
IN0020190362,06.45 GS 2029,3955.517,CCIL 04-19-2024.xls,2024-04-19
IN0020220144,07.29 GOI SGRB 2033,269.484,CCIL 04-19-2024.xls,2024-04-19
IN0020190396,06.18 GS 2024,2462.561,CCIL 04-19-2024.xls,2024-04-19
IN0020230051,07.30 GS 2053,5137.689,CCIL 04-19-2024.xls,2024-04-19
IN0020200153,05.77 GS 2030,3604.99,CCIL 04-19-2024.xls,2024-04-19
IN0020200070,05.79 GS 2030,2572.55,CCIL 04-19-2024.xls,2024-04-19
IN0020200278,05.15 GS 2025,2187.84,CCIL 04-19-2024.xls,2024-04-19
IN0020200252,06.67 GS 2050,2665.329,CCIL 04-19-2024.xls,2024-04-19
IN0020220029,07.54 GS 2036,2385.335,CCIL 04-19-2024.xls,2024-04-19
IN0020220102,07.41 GS 2036,2081.703,CCIL 04-19-2024.xls,2024-04-19
IN0020220086,07.36 GS 2052,2005.299,CCIL 04-19-2024.xls,2024-04-19
IN0020240019,07.10 GS 2034,237.0,CCIL 04-19-2024.xls,2024-04-19
IN0020200294,05.85 GS 2030,1356.79,CCIL 04-19-2024.xls,2024-04-19
IN0020230150,07.24 GOI SGRB 2033,44.0,CCIL 04-19-2024.xls,2024-04-19
IN0020210194,06.99 GS 2051,1018.456,CCIL 04-19-2024.xls,2024-04-19
IN0020220136,07.10 GOI SGRB 2028,55.217,CCIL 04-19-2024.xls,2024-04-19
IN0020200054,07.16 GS 2050,498.104,CCIL 04-19-2024.xls,2024-04-19
IN0020190032,07.72 GS 2049,137.05,CCIL 04-19-2024.xls,2024-04-19
IN0020230176,07.37 GOI SGRB 2054,0.0,CCIL 04-19-2024.xls,2024-04-19
IN0020230143,07.25 GOI SGRB 2028,0.0,CCIL 04-19-2024.xls,2024-04-19
IN0020230085,07.18 GS 2033,22816.404,CCIL 04-26-2024.xls,2024-04-26
IN0020210186,05.74 GS 2026,6847.718,CCIL 04-26-2024.xls,2024-04-26
IN0020230010,07.06 GS 2028,10463.542,CCIL 04-26-2024.xls,2024-04-26
IN0020230101,07.37 GS 2028,5654.888,CCIL 04-26-2024.xls,2024-04-26
IN0020220037,07.38 GS 2027,10062.002,CCIL 04-26-2024.xls,2024-04-26
IN0020210012,05.63 GS 2026,10293.008,CCIL 04-26-2024.xls,2024-04-26
IN0020230135,07.32 GS 2030,3708.87,CCIL 04-26-2024.xls,2024-04-26
IN0020200112,05.22 GS 2025,7290.46,CCIL 04-26-2024.xls,2024-04-26
IN0020220060,07.26 GS 2032,8030.523,CCIL 04-26-2024.xls,2024-04-26
IN0020230077,07.18 GS 2037,9100.951,CCIL 04-26-2024.xls,2024-04-26
IN0020180454,07.26 GS 2029,6539.109,CCIL 04-26-2024.xls,2024-04-26
IN0020220151,07.26 GS 2033,6952.522,CCIL 04-26-2024.xls,2024-04-26
IN0020220011,07.10 GS 2029,7218.362,CCIL 04-26-2024.xls,2024-04-26
IN0020210244,06.54 GS 2032,6769.43,CCIL 04-26-2024.xls,2024-04-26
IN0020230036,07.17 GS 2030,4433.17,CCIL 04-26-2024.xls,2024-04-26
IN0020210095,06.10 GS 2031,5908.852,CCIL 04-26-2024.xls,2024-04-26
IN0020190362,06.45 GS 2029,3955.517,CCIL 04-26-2024.xls,2024-04-26
IN0020220144,07.29 GOI SGRB 2033,269.484,CCIL 04-26-2024.xls,2024-04-26
IN0020190396,06.18 GS 2024,2457.561,CCIL 04-26-2024.xls,2024-04-26
IN0020230051,07.30 GS 2053,4938.057,CCIL 04-26-2024.xls,2024-04-26
IN0020200153,05.77 GS 2030,3604.99,CCIL 04-26-2024.xls,2024-04-26
IN0020200070,05.79 GS 2030,2572.55,CCIL 04-26-2024.xls,2024-04-26
IN0020200278,05.15 GS 2025,2172.84,CCIL 04-26-2024.xls,2024-04-26
IN0020200252,06.67 GS 2050,2665.329,CCIL 04-26-2024.xls,2024-04-26
IN0020220029,07.54 GS 2036,2335.335,CCIL 04-26-2024.xls,2024-04-26
IN0020240019,07.10 GS 2034,312.0,CCIL 04-26-2024.xls,2024-04-26
IN0020220102,07.41 GS 2036,2281.703,CCIL 04-26-2024.xls,2024-04-26
IN0020220086,07.36 GS 2052,2019.423,CCIL 04-26-2024.xls,2024-04-26
IN0020200294,05.85 GS 2030,1356.79,CCIL 04-26-2024.xls,2024-04-26
IN0020230150,07.24 GOI SGRB 2033,44.0,CCIL 04-26-2024.xls,2024-04-26
IN0020210194,06.99 GS 2051,1018.456,CCIL 04-26-2024.xls,2024-04-26
IN0020220136,07.10 GOI SGRB 2028,55.217,CCIL 04-26-2024.xls,2024-04-26
IN0020200054,07.16 GS 2050,528.104,CCIL 04-26-2024.xls,2024-04-26
IN0020190032,07.72 GS 2049,137.05,CCIL 04-26-2024.xls,2024-04-26
IN0020230176,07.37 GOI SGRB 2054,0.0,CCIL 04-26-2024.xls,2024-04-26
IN0020230143,07.25 GOI SGRB 2028,0.0,CCIL 04-26-2024.xls,2024-04-26
IN0020230085,07.18 GS 2033,22745.538,CCIL 05-03-2024.xls,2024-05-03
IN0020230010,07.06 GS 2028,10596.812,CCIL 05-03-2024.xls,2024-05-03
IN0020210186,05.74 GS 2026,5850.058,CCIL 05-03-2024.xls,2024-05-03
IN0020230101,07.37 GS 2028,6359.188,CCIL 05-03-2024.xls,2024-05-03
IN0020220037,07.38 GS 2027,10133.192,CCIL 05-03-2024.xls,2024-05-03
IN0020210012,05.63 GS 2026,10369.558,CCIL 05-03-2024.xls,2024-05-03
IN0020200112,05.22 GS 2025,7391.914,CCIL 05-03-2024.xls,2024-05-03
IN0020230077,07.18 GS 2037,9594.787,CCIL 05-03-2024.xls,2024-05-03
IN0020220060,07.26 GS 2032,7905.456,CCIL 05-03-2024.xls,2024-05-03
IN0020180454,07.26 GS 2029,6539.109,CCIL 05-03-2024.xls,2024-05-03
IN0020230135,07.32 GS 2030,2715.17,CCIL 05-03-2024.xls,2024-05-03
IN0020220151,07.26 GS 2033,6867.522,CCIL 05-03-2024.xls,2024-05-03
IN0020220011,07.10 GS 2029,7212.842,CCIL 05-03-2024.xls,2024-05-03
IN0020210244,06.54 GS 2032,6337.92,CCIL 05-03-2024.xls,2024-05-03
IN0020210095,06.10 GS 2031,5967.242,CCIL 05-03-2024.xls,2024-05-03
IN0020190362,06.45 GS 2029,3955.517,CCIL 05-03-2024.xls,2024-05-03
IN0020230036,07.17 GS 2030,3539.22,CCIL 05-03-2024.xls,2024-05-03
IN0020220144,07.29 GOI SGRB 2033,269.484,CCIL 05-03-2024.xls,2024-05-03
IN0020190396,06.18 GS 2024,2432.319,CCIL 05-03-2024.xls,2024-05-03
IN0020230051,07.30 GS 2053,4921.422,CCIL 05-03-2024.xls,2024-05-03
IN0020200153,05.77 GS 2030,3604.99,CCIL 05-03-2024.xls,2024-05-03
IN0020200070,05.79 GS 2030,2518.85,CCIL 05-03-2024.xls,2024-05-03
IN0020200252,06.67 GS 2050,2677.329,CCIL 05-03-2024.xls,2024-05-03
IN0020200278,05.15 GS 2025,2045.94,CCIL 05-03-2024.xls,2024-05-03
IN0020240019,07.10 GS 2034,702.79,CCIL 05-03-2024.xls,2024-05-03
IN0020220102,07.41 GS 2036,2289.203,CCIL 05-03-2024.xls,2024-05-03
IN0020220029,07.54 GS 2036,2285.335,CCIL 05-03-2024.xls,2024-05-03
IN0020220086,07.36 GS 2052,2057.553,CCIL 05-03-2024.xls,2024-05-03
IN0020200294,05.85 GS 2030,1356.79,CCIL 05-03-2024.xls,2024-05-03
IN0020230150,07.24 GOI SGRB 2033,44.0,CCIL 05-03-2024.xls,2024-05-03
IN0020220136,07.10 GOI SGRB 2028,55.645,CCIL 05-03-2024.xls,2024-05-03
IN0020210194,06.99 GS 2051,959.833,CCIL 05-03-2024.xls,2024-05-03
IN0020200054,07.16 GS 2050,560.135,CCIL 05-03-2024.xls,2024-05-03
IN0020190032,07.72 GS 2049,137.05,CCIL 05-03-2024.xls,2024-05-03
IN0020230176,07.37 GOI SGRB 2054,0.0,CCIL 05-03-2024.xls,2024-05-03
IN0020230143,07.25 GOI SGRB 2028,0.0,CCIL 05-03-2024.xls,2024-05-03
IN0020230085,07.18 GS 2033,23034.513,CCIL 05-10-2024.xls,2024-05-10
IN0020230010,07.06 GS 2028,10071.812,CCIL 05-10-2024.xls,2024-05-10
IN0020230101,07.37 GS 2028,6469.188,CCIL 05-10-2024.xls,2024-05-10
IN0020210012,05.63 GS 2026,10586.538,CCIL 05-10-2024.xls,2024-05-10
IN0020220037,07.38 GS 2027,9873.192,CCIL 05-10-2024.xls,2024-05-10
IN0020210186,05.74 GS 2026,4159.058,CCIL 05-10-2024.xls,2024-05-10
IN0020200112,05.22 GS 2025,7381.914,CCIL 05-10-2024.xls,2024-05-10
IN0020220060,07.26 GS 2032,7914.456,CCIL 05-10-2024.xls,2024-05-10
IN0020230077,07.18 GS 2037,8794.791,CCIL 05-10-2024.xls,2024-05-10
IN0020180454,07.26 GS 2029,6539.109,CCIL 05-10-2024.xls,2024-05-10
IN0020220011,07.10 GS 2029,7352.702,CCIL 05-10-2024.xls,2024-05-10
IN0020220151,07.26 GS 2033,6648.236,CCIL 05-10-2024.xls,2024-05-10
IN0020210244,06.54 GS 2032,6327.92,CCIL 05-10-2024.xls,2024-05-10
IN0020210095,06.10 GS 2031,5839.659,CCIL 05-10-2024.xls,2024-05-10
IN0020230051,07.30 GS 2053,6075.665,CCIL 05-10-2024.xls,2024-05-10
IN0020230036,07.17 GS 2030,3564.22,CCIL 05-10-2024.xls,2024-05-10
IN0020190362,06.45 GS 2029,3955.517,CCIL 05-10-2024.xls,2024-05-10
IN0020220144,07.29 GOI SGRB 2033,268.03,CCIL 05-10-2024.xls,2024-05-10
IN0020190396,06.18 GS 2024,2462.319,CCIL 05-10-2024.xls,2024-05-10
IN0020200153,05.77 GS 2030,3404.99,CCIL 05-10-2024.xls,2024-05-10
IN0020230135,07.32 GS 2030,1392.82,CCIL 05-10-2024.xls,2024-05-10
IN0020200070,05.79 GS 2030,2518.85,CCIL 05-10-2024.xls,2024-05-10
IN0020240019,07.10 GS 2034,768.09,CCIL 05-10-2024.xls,2024-05-10
IN0020220086,07.36 GS 2052,3057.553,CCIL 05-10-2024.xls,2024-05-10
IN0020200252,06.67 GS 2050,2677.329,CCIL 05-10-2024.xls,2024-05-10
IN0020200278,05.15 GS 2025,1985.94,CCIL 05-10-2024.xls,2024-05-10
IN0020220102,07.41 GS 2036,2289.403,CCIL 05-10-2024.xls,2024-05-10
IN0020220029,07.54 GS 2036,2235.335,CCIL 05-10-2024.xls,2024-05-10
IN0020200294,05.85 GS 2030,1356.79,CCIL 05-10-2024.xls,2024-05-10
IN0020230150,07.24 GOI SGRB 2033,44.0,CCIL 05-10-2024.xls,2024-05-10
IN0020220136,07.10 GOI SGRB 2028,55.645,CCIL 05-10-2024.xls,2024-05-10
IN0020210194,06.99 GS 2051,962.633,CCIL 05-10-2024.xls,2024-05-10
IN0020200054,07.16 GS 2050,583.715,CCIL 05-10-2024.xls,2024-05-10
IN0020190032,07.72 GS 2049,137.05,CCIL 05-10-2024.xls,2024-05-10
IN0020230176,07.37 GOI SGRB 2054,0.0,CCIL 05-10-2024.xls,2024-05-10
IN0020230143,07.25 GOI SGRB 2028,0.0,CCIL 05-10-2024.xls,2024-05-10
IN0020230085,07.18 GS 2033,23578.931,CCIL 05-17-2024.xls,2024-05-17
IN0020230010,07.06 GS 2028,10022.352,CCIL 05-17-2024.xls,2024-05-17
IN0020230101,07.37 GS 2028,6514.258,CCIL 05-17-2024.xls,2024-05-17
IN0020210012,05.63 GS 2026,10863.688,CCIL 05-17-2024.xls,2024-05-17
IN0020220037,07.38 GS 2027,10005.342,CCIL 05-17-2024.xls,2024-05-17
IN0020200112,05.22 GS 2025,7924.624,CCIL 05-17-2024.xls,2024-05-17
IN0020210186,05.74 GS 2026,4157.758,CCIL 05-17-2024.xls,2024-05-17
IN0020220060,07.26 GS 2032,7927.458,CCIL 05-17-2024.xls,2024-05-17
IN0020230077,07.18 GS 2037,9206.826,CCIL 05-17-2024.xls,2024-05-17
IN0020180454,07.26 GS 2029,6575.779,CCIL 05-17-2024.xls,2024-05-17
IN0020220011,07.10 GS 2029,7387.792,CCIL 05-17-2024.xls,2024-05-17
IN0020220151,07.26 GS 2033,6673.886,CCIL 05-17-2024.xls,2024-05-17
IN0020210244,06.54 GS 2032,6340.1,CCIL 05-17-2024.xls,2024-05-17
IN0020210095,06.10 GS 2031,5973.439,CCIL 05-17-2024.xls,2024-05-17
IN0020230051,07.30 GS 2053,6256.475,CCIL 05-17-2024.xls,2024-05-17
IN0020230036,07.17 GS 2030,3565.35,CCIL 05-17-2024.xls,2024-05-17
IN0020190362,06.45 GS 2029,3955.517,CCIL 05-17-2024.xls,2024-05-17
IN0020220144,07.29 GOI SGRB 2033,266.634,CCIL 05-17-2024.xls,2024-05-17
IN0020190396,06.18 GS 2024,2462.319,CCIL 05-17-2024.xls,2024-05-17
IN0020200153,05.77 GS 2030,3405.14,CCIL 05-17-2024.xls,2024-05-17
IN0020240019,07.10 GS 2034,1071.65,CCIL 05-17-2024.xls,2024-05-17
IN0020200070,05.79 GS 2030,2518.85,CCIL 05-17-2024.xls,2024-05-17
IN0020230135,07.32 GS 2030,1544.87,CCIL 05-17-2024.xls,2024-05-17
IN0020200278,05.15 GS 2025,2331.14,CCIL 05-17-2024.xls,2024-05-17
IN0020200252,06.67 GS 2050,2658.339,CCIL 05-17-2024.xls,2024-05-17
IN0020220029,07.54 GS 2036,2179.935,CCIL 05-17-2024.xls,2024-05-17
IN0020220102,07.41 GS 2036,2089.403,CCIL 05-17-2024.xls,2024-05-17
IN0020220086,07.36 GS 2052,2057.553,CCIL 05-17-2024.xls,2024-05-17
IN0020200294,05.85 GS 2030,1412.79,CCIL 05-17-2024.xls,2024-05-17
IN0020230150,07.24 GOI SGRB 2033,44.0,CCIL 05-17-2024.xls,2024-05-17
IN0020220136,07.10 GOI SGRB 2028,53.241,CCIL 05-17-2024.xls,2024-05-17
IN0020210194,06.99 GS 2051,967.633,CCIL 05-17-2024.xls,2024-05-17
IN0020200054,07.16 GS 2050,583.715,CCIL 05-17-2024.xls,2024-05-17
IN0020190032,07.72 GS 2049,137.05,CCIL 05-17-2024.xls,2024-05-17
IN0020230176,07.37 GOI SGRB 2054,0.0,CCIL 05-17-2024.xls,2024-05-17
IN0020230143,07.25 GOI SGRB 2028,0.0,CCIL 05-17-2024.xls,2024-05-17
IN0020230085,07.18 GS 2033,24057.219,CCIL 05-24-2024.xls,2024-05-24
IN0020230010,07.06 GS 2028,10015.852,CCIL 05-24-2024.xls,2024-05-24
IN0020230101,07.37 GS 2028,6737.258,CCIL 05-24-2024.xls,2024-05-24
IN0020210012,05.63 GS 2026,11096.89,CCIL 05-24-2024.xls,2024-05-24
IN0020220037,07.38 GS 2027,10075.143,CCIL 05-24-2024.xls,2024-05-24
IN0020200112,05.22 GS 2025,7871.874,CCIL 05-24-2024.xls,2024-05-24
IN0020210186,05.74 GS 2026,4159.108,CCIL 05-24-2024.xls,2024-05-24
IN0020230077,07.18 GS 2037,9244.806,CCIL 05-24-2024.xls,2024-05-24
IN0020220060,07.26 GS 2032,7927.461,CCIL 05-24-2024.xls,2024-05-24
IN0020180454,07.26 GS 2029,6571.579,CCIL 05-24-2024.xls,2024-05-24
IN0020220011,07.10 GS 2029,7398.492,CCIL 05-24-2024.xls,2024-05-24
IN0020220151,07.26 GS 2033,6674.812,CCIL 05-24-2024.xls,2024-05-24
IN0020210244,06.54 GS 2032,6317.932,CCIL 05-24-2024.xls,2024-05-24
IN0020210095,06.10 GS 2031,5975.439,CCIL 05-24-2024.xls,2024-05-24
IN0020230051,07.30 GS 2053,6316.475,CCIL 05-24-2024.xls,2024-05-24
IN0020230036,07.17 GS 2030,3571.8,CCIL 05-24-2024.xls,2024-05-24
IN0020190362,06.45 GS 2029,3885.517,CCIL 05-24-2024.xls,2024-05-24
IN0020220144,07.29 GOI SGRB 2033,266.634,CCIL 05-24-2024.xls,2024-05-24
IN0020190396,06.18 GS 2024,2462.319,CCIL 05-24-2024.xls,2024-05-24
IN0020200153,05.77 GS 2030,3405.14,CCIL 05-24-2024.xls,2024-05-24
IN0020230135,07.32 GS 2030,1871.87,CCIL 05-24-2024.xls,2024-05-24
IN0020200070,05.79 GS 2030,2513.85,CCIL 05-24-2024.xls,2024-05-24
IN0020200278,05.15 GS 2025,2336.94,CCIL 05-24-2024.xls,2024-05-24
IN0020240019,07.10 GS 2034,1123.93,CCIL 05-24-2024.xls,2024-05-24
IN0020200252,06.67 GS 2050,2654.339,CCIL 05-24-2024.xls,2024-05-24
IN0020220029,07.54 GS 2036,2187.235,CCIL 05-24-2024.xls,2024-05-24
IN0020220102,07.41 GS 2036,2085.903,CCIL 05-24-2024.xls,2024-05-24
IN0020220086,07.36 GS 2052,2065.453,CCIL 05-24-2024.xls,2024-05-24
IN0020200294,05.85 GS 2030,1381.79,CCIL 05-24-2024.xls,2024-05-24
IN0020230150,07.24 GOI SGRB 2033,44.0,CCIL 05-24-2024.xls,2024-05-24
IN0020210194,06.99 GS 2051,1042.633,CCIL 05-24-2024.xls,2024-05-24
IN0020220136,07.10 GOI SGRB 2028,53.241,CCIL 05-24-2024.xls,2024-05-24
IN0020200054,07.16 GS 2050,593.715,CCIL 05-24-2024.xls,2024-05-24
IN0020190032,07.72 GS 2049,158.788,CCIL 05-24-2024.xls,2024-05-24
IN0020230176,07.37 GOI SGRB 2054,0.0,CCIL 05-24-2024.xls,2024-05-24
IN0020230143,07.25 GOI SGRB 2028,0.0,CCIL 05-24-2024.xls,2024-05-24
IN0020230085,07.18 GS 2033,24300.23,CCIL 06-07-2024.xls,2024-06-07
IN0020230010,07.06 GS 2028,10216.772,CCIL 06-07-2024.xls,2024-06-07
IN0020230101,07.37 GS 2028,6651.458,CCIL 06-07-2024.xls,2024-06-07
IN0020210186,05.74 GS 2026,5382.132,CCIL 06-07-2024.xls,2024-06-07
IN0020210012,05.63 GS 2026,12288.542,CCIL 06-07-2024.xls,2024-06-07
IN0020230077,07.18 GS 2037,12581.131,CCIL 06-07-2024.xls,2024-06-07
IN0020220037,07.38 GS 2027,9665.653,CCIL 06-07-2024.xls,2024-06-07
IN0020200112,05.22 GS 2025,7678.056,CCIL 06-07-2024.xls,2024-06-07
IN0020220060,07.26 GS 2032,7869.514,CCIL 06-07-2024.xls,2024-06-07
IN0020180454,07.26 GS 2029,6561.373,CCIL 06-07-2024.xls,2024-06-07
IN0020220011,07.10 GS 2029,7789.332,CCIL 06-07-2024.xls,2024-06-07
IN0020210244,06.54 GS 2032,7091.251,CCIL 06-07-2024.xls,2024-06-07
IN0020220151,07.26 GS 2033,6605.892,CCIL 06-07-2024.xls,2024-06-07
IN0020230135,07.32 GS 2030,2957.87,CCIL 06-07-2024.xls,2024-06-07
IN0020230051,07.30 GS 2053,7075.603,CCIL 06-07-2024.xls,2024-06-07
IN0020210095,06.10 GS 2031,5975.439,CCIL 06-07-2024.xls,2024-06-07
IN0020230036,07.17 GS 2030,3592.0,CCIL 06-07-2024.xls,2024-06-07
IN0020190362,06.45 GS 2029,3885.517,CCIL 06-07-2024.xls,2024-06-07
IN0020220144,07.29 GOI SGRB 2033,266.634,CCIL 06-07-2024.xls,2024-06-07
IN0020190396,06.18 GS 2024,2461.939,CCIL 06-07-2024.xls,2024-06-07
IN0020200153,05.77 GS 2030,3411.058,CCIL 06-07-2024.xls,2024-06-07
IN0020240019,07.10 GS 2034,1932.362,CCIL 06-07-2024.xls,2024-06-07
IN0020200070,05.79 GS 2030,2534.48,CCIL 06-07-2024.xls,2024-06-07
IN0020200278,05.15 GS 2025,2376.386,CCIL 06-07-2024.xls,2024-06-07
IN0020220086,07.36 GS 2052,2984.119,CCIL 06-07-2024.xls,2024-06-07
IN0020200252,06.67 GS 2050,2732.639,CCIL 06-07-2024.xls,2024-06-07
IN0020220029,07.54 GS 2036,2560.005,CCIL 06-07-2024.xls,2024-06-07
IN0020220102,07.41 GS 2036,2115.683,CCIL 06-07-2024.xls,2024-06-07
IN0020200294,05.85 GS 2030,1481.79,CCIL 06-07-2024.xls,2024-06-07
IN0020230150,07.24 GOI SGRB 2033,44.0,CCIL 06-07-2024.xls,2024-06-07
IN0020210194,06.99 GS 2051,1047.633,CCIL 06-07-2024.xls,2024-06-07
IN0020220136,07.10 GOI SGRB 2028,52.639,CCIL 06-07-2024.xls,2024-06-07
IN0020200054,07.16 GS 2050,670.195,CCIL 06-07-2024.xls,2024-06-07
IN0020190032,07.72 GS 2049,523.788,CCIL 06-07-2024.xls,2024-06-07
IN0020230143,07.25 GOI SGRB 2028,0.0,CCIL 06-07-2024.xls,2024-06-07
IN0020230176,07.37 GOI SGRB 2054,0.0,CCIL 06-07-2024.xls,2024-06-07
IN0020240050,07.04 GS 2029,0.0,CCIL 06-07-2024.xls,2024-06-07
IN0020230101,07.37 GS 2028,12059.388,CCIL 03-22-2024.xls,2024-03-22
IN0020230135,07.32 GS 2030,6074.66,CCIL 03-22-2024.xls,2024-03-22
IN0020210186,05.74 GS 2026,7093.338,CCIL 03-22-2024.xls,2024-03-22
IN0020220037,07.38 GS 2027,15466.984,CCIL 03-22-2024.xls,2024-03-22
IN0020230010,07.06 GS 2028,9853.449,CCIL 03-22-2024.xls,2024-03-22
IN0020230085,07.18 GS 2033,17720.115,CCIL 03-22-2024.xls,2024-03-22
IN0020210012,05.63 GS 2026,10690.66,CCIL 03-22-2024.xls,2024-03-22
IN0020220060,07.26 GS 2032,8076.823,CCIL 03-22-2024.xls,2024-03-22
IN0020220011,07.10 GS 2029,8551.203,CCIL 03-22-2024.xls,2024-03-22
IN0020220151,07.26 GS 2033,7880.452,CCIL 03-22-2024.xls,2024-03-22
IN0020230036,07.17 GS 2030,5207.97,CCIL 03-22-2024.xls,2024-03-22
IN0020180454,07.26 GS 2029,6521.487,CCIL 03-22-2024.xls,2024-03-22
IN0020200112,05.22 GS 2025,5770.665,CCIL 03-22-2024.xls,2024-03-22
IN0020210244,06.54 GS 2032,7257.936,CCIL 03-22-2024.xls,2024-03-22
IN0020230077,07.18 GS 2037,7549.497,CCIL 03-22-2024.xls,2024-03-22
IN0020210095,06.10 GS 2031,5875.852,CCIL 03-22-2024.xls,2024-03-22
IN0020190362,06.45 GS 2029,4102.167,CCIL 03-22-2024.xls,2024-03-22
IN0020220144,07.29 GOI SGRB 2033,259.484,CCIL 03-22-2024.xls,2024-03-22
IN0020200153,05.77 GS 2030,3626.855,CCIL 03-22-2024.xls,2024-03-22
IN0020190396,06.18 GS 2024,2315.561,CCIL 03-22-2024.xls,2024-03-22
IN0020230051,07.30 GS 2053,4240.837,CCIL 03-22-2024.xls,2024-03-22
IN0020200070,05.79 GS 2030,2568.35,CCIL 03-22-2024.xls,2024-03-22
IN0020200278,05.15 GS 2025,2182.34,CCIL 03-22-2024.xls,2024-03-22
IN0020200252,06.67 GS 2050,2647.569,CCIL 03-22-2024.xls,2024-03-22
IN0020220029,07.54 GS 2036,2326.355,CCIL 03-22-2024.xls,2024-03-22
IN0020220102,07.41 GS 2036,2026.603,CCIL 03-22-2024.xls,2024-03-22
IN0020220086,07.36 GS 2052,1920.749,CCIL 03-22-2024.xls,2024-03-22
IN0020200294,05.85 GS 2030,1342.29,CCIL 03-22-2024.xls,2024-03-22
IN0020210194,06.99 GS 2051,1009.456,CCIL 03-22-2024.xls,2024-03-22
IN0020230150,07.24 GOI SGRB 2033,25.5,CCIL 03-22-2024.xls,2024-03-22
IN0020220136,07.10 GOI SGRB 2028,35.217,CCIL 03-22-2024.xls,2024-03-22
IN0020200054,07.16 GS 2050,431.874,CCIL 03-22-2024.xls,2024-03-22
IN0020190032,07.72 GS 2049,124.05,CCIL 03-22-2024.xls,2024-03-22
IN0020230143,07.25 GOI SGRB 2028,0.0,CCIL 03-22-2024.xls,2024-03-22
IN0020230176,07.37 GOI SGRB 2054,0.0,CCIL 03-22-2024.xls,2024-03-22
IN0020230101,07.37 GS 2028,13165.295,CCIL 03-15-2024.xls,2024-03-15
IN0020230135,07.32 GS 2030,7217.16,CCIL 03-15-2024.xls,2024-03-15
IN0020210186,05.74 GS 2026,6715.838,CCIL 03-15-2024.xls,2024-03-15
IN0020230010,07.06 GS 2028,11639.449,CCIL 03-15-2024.xls,2024-03-15
IN0020220037,07.38 GS 2027,13728.784,CCIL 03-15-2024.xls,2024-03-15
IN0020230085,07.18 GS 2033,19033.25,CCIL 03-15-2024.xls,2024-03-15
IN0020210012,05.63 GS 2026,10749.96,CCIL 03-15-2024.xls,2024-03-15
IN0020230036,07.17 GS 2030,5654.97,CCIL 03-15-2024.xls,2024-03-15
IN0020200112,05.22 GS 2025,6468.365,CCIL 03-15-2024.xls,2024-03-15
IN0020220060,07.26 GS 2032,8046.823,CCIL 03-15-2024.xls,2024-03-15
IN0020220011,07.10 GS 2029,8551.203,CCIL 03-15-2024.xls,2024-03-15
IN0020220151,07.26 GS 2033,7828.452,CCIL 03-15-2024.xls,2024-03-15
IN0020180454,07.26 GS 2029,6530.945,CCIL 03-15-2024.xls,2024-03-15
IN0020210244,06.54 GS 2032,7457.936,CCIL 03-15-2024.xls,2024-03-15
IN0020230077,07.18 GS 2037,6856.627,CCIL 03-15-2024.xls,2024-03-15
IN0020210095,06.10 GS 2031,5881.182,CCIL 03-15-2024.xls,2024-03-15
IN0020190362,06.45 GS 2029,4114.567,CCIL 03-15-2024.xls,2024-03-15
IN0020220144,07.29 GOI SGRB 2033,262.214,CCIL 03-15-2024.xls,2024-03-15
IN0020190396,06.18 GS 2024,2462.561,CCIL 03-15-2024.xls,2024-03-15
IN0020200153,05.77 GS 2030,3656.855,CCIL 03-15-2024.xls,2024-03-15
IN0020230051,07.30 GS 2053,3786.437,CCIL 03-15-2024.xls,2024-03-15
IN0020200070,05.79 GS 2030,2628.35,CCIL 03-15-2024.xls,2024-03-15
IN0020200278,05.15 GS 2025,2190.34,CCIL 03-15-2024.xls,2024-03-15
IN0020200252,06.67 GS 2050,2647.569,CCIL 03-15-2024.xls,2024-03-15
IN0020220029,07.54 GS 2036,2326.355,CCIL 03-15-2024.xls,2024-03-15
IN0020220102,07.41 GS 2036,2014.603,CCIL 03-15-2024.xls,2024-03-15
IN0020220086,07.36 GS 2052,1871.508,CCIL 03-15-2024.xls,2024-03-15
IN0020200294,05.85 GS 2030,1342.29,CCIL 03-15-2024.xls,2024-03-15
IN0020210194,06.99 GS 2051,984.456,CCIL 03-15-2024.xls,2024-03-15
IN0020230150,07.24 GOI SGRB 2033,25.5,CCIL 03-15-2024.xls,2024-03-15
IN0020220136,07.10 GOI SGRB 2028,35.217,CCIL 03-15-2024.xls,2024-03-15
IN0020200054,07.16 GS 2050,431.874,CCIL 03-15-2024.xls,2024-03-15
IN0020190032,07.72 GS 2049,124.05,CCIL 03-15-2024.xls,2024-03-15
IN0020230143,07.25 GOI SGRB 2028,0.0,CCIL 03-15-2024.xls,2024-03-15
IN0020230176,07.37 GOI SGRB 2054,0.0,CCIL 03-15-2024.xls,2024-03-15
IN0020230101,07.37 GS 2028,11146.626,CCIL 03-29-2024.xls,2024-03-29
IN0020230135,07.32 GS 2030,5667.36,CCIL 03-29-2024.xls,2024-03-29
IN0020210186,05.74 GS 2026,7460.308,CCIL 03-29-2024.xls,2024-03-29
IN0020220037,07.38 GS 2027,15961.984,CCIL 03-29-2024.xls,2024-03-29
IN0020230010,07.06 GS 2028,9883.449,CCIL 03-29-2024.xls,2024-03-29
IN0020230085,07.18 GS 2033,17811.225,CCIL 03-29-2024.xls,2024-03-29
IN0020210012,05.63 GS 2026,10658.16,CCIL 03-29-2024.xls,2024-03-29
IN0020220060,07.26 GS 2032,8081.823,CCIL 03-29-2024.xls,2024-03-29
IN0020220011,07.10 GS 2029,8557.933,CCIL 03-29-2024.xls,2024-03-29
IN0020220151,07.26 GS 2033,7877.092,CCIL 03-29-2024.xls,2024-03-29
IN0020200112,05.22 GS 2025,6183.665,CCIL 03-29-2024.xls,2024-03-29
IN0020230036,07.17 GS 2030,5357.97,CCIL 03-29-2024.xls,2024-03-29
IN0020180454,07.26 GS 2029,6526.487,CCIL 03-29-2024.xls,2024-03-29
IN0020230077,07.18 GS 2037,7951.693,CCIL 03-29-2024.xls,2024-03-29
IN0020210244,06.54 GS 2032,7174.436,CCIL 03-29-2024.xls,2024-03-29
IN0020210095,06.10 GS 2031,5910.352,CCIL 03-29-2024.xls,2024-03-29
IN0020190362,06.45 GS 2029,4100.017,CCIL 03-29-2024.xls,2024-03-29
IN0020220144,07.29 GOI SGRB 2033,269.484,CCIL 03-29-2024.xls,2024-03-29
IN0020190396,06.18 GS 2024,2462.561,CCIL 03-29-2024.xls,2024-03-29
IN0020200153,05.77 GS 2030,3603.888,CCIL 03-29-2024.xls,2024-03-29
IN0020230051,07.30 GS 2053,4282.518,CCIL 03-29-2024.xls,2024-03-29
IN0020200070,05.79 GS 2030,2568.35,CCIL 03-29-2024.xls,2024-03-29
IN0020200278,05.15 GS 2025,2189.84,CCIL 03-29-2024.xls,2024-03-29
IN0020200252,06.67 GS 2050,2660.329,CCIL 03-29-2024.xls,2024-03-29
IN0020220029,07.54 GS 2036,2373.335,CCIL 03-29-2024.xls,2024-03-29
IN0020220102,07.41 GS 2036,2084.603,CCIL 03-29-2024.xls,2024-03-29
IN0020220086,07.36 GS 2052,1995.749,CCIL 03-29-2024.xls,2024-03-29
IN0020200294,05.85 GS 2030,1342.29,CCIL 03-29-2024.xls,2024-03-29
IN0020210194,06.99 GS 2051,1009.456,CCIL 03-29-2024.xls,2024-03-29
IN0020230150,07.24 GOI SGRB 2033,25.5,CCIL 03-29-2024.xls,2024-03-29
IN0020200054,07.16 GS 2050,481.874,CCIL 03-29-2024.xls,2024-03-29
IN0020220136,07.10 GOI SGRB 2028,35.217,CCIL 03-29-2024.xls,2024-03-29
IN0020190032,07.72 GS 2049,130.05,CCIL 03-29-2024.xls,2024-03-29
IN0020230143,07.25 GOI SGRB 2028,0.0,CCIL 03-29-2024.xls,2024-03-29
IN0020230176,07.37 GOI SGRB 2054,0.0,CCIL 03-29-2024.xls,2024-03-29
IN0020230085,07.18 GS 2033,23764.691,CCIL 06-21-2024.xls,2024-06-21
IN0020230101,07.37 GS 2028,8060.858,CCIL 06-21-2024.xls,2024-06-21
IN0020230010,07.06 GS 2028,11422.341,CCIL 06-21-2024.xls,2024-06-21
IN0020210186,05.74 GS 2026,5735.732,CCIL 06-21-2024.xls,2024-06-21
IN0020210012,05.63 GS 2026,12255.342,CCIL 06-21-2024.xls,2024-06-21
IN0020220037,07.38 GS 2027,9348.443,CCIL 06-21-2024.xls,2024-06-21
IN0020230077,07.18 GS 2037,11307.99,CCIL 06-21-2024.xls,2024-06-21
IN0020200112,05.22 GS 2025,7597.306,CCIL 06-21-2024.xls,2024-06-21
IN0020220011,07.10 GS 2029,8606.702,CCIL 06-21-2024.xls,2024-06-21
IN0020220060,07.26 GS 2032,7842.135,CCIL 06-21-2024.xls,2024-06-21
IN0020180454,07.26 GS 2029,6588.099,CCIL 06-21-2024.xls,2024-06-21
IN0020240076,07.02 GS 2031,538.309,CCIL 06-21-2024.xls,2024-06-21
IN0020230135,07.32 GS 2030,3224.67,CCIL 06-21-2024.xls,2024-06-21
IN0020210244,06.54 GS 2032,7065.165,CCIL 06-21-2024.xls,2024-06-21
IN0020220151,07.26 GS 2033,6449.821,CCIL 06-21-2024.xls,2024-06-21
IN0020240019,07.10 GS 2034,3376.902,CCIL 06-21-2024.xls,2024-06-21
IN0020230051,07.30 GS 2053,7027.717,CCIL 06-21-2024.xls,2024-06-21
IN0020210095,06.10 GS 2031,5665.949,CCIL 06-21-2024.xls,2024-06-21
IN0020230036,07.17 GS 2030,3628.3,CCIL 06-21-2024.xls,2024-06-21
IN0020190362,06.45 GS 2029,3920.017,CCIL 06-21-2024.xls,2024-06-21
IN0020220144,07.29 GOI SGRB 2033,266.634,CCIL 06-21-2024.xls,2024-06-21
IN0020190396,06.18 GS 2024,2458.939,CCIL 06-21-2024.xls,2024-06-21
IN0020240050,07.04 GS 2029,380.0,CCIL 06-21-2024.xls,2024-06-21
IN0020200153,05.77 GS 2030,3463.758,CCIL 06-21-2024.xls,2024-06-21
IN0020220029,07.54 GS 2036,3823.705,CCIL 06-21-2024.xls,2024-06-21
IN0020200070,05.79 GS 2030,2585.08,CCIL 06-21-2024.xls,2024-06-21
IN0020220102,07.41 GS 2036,3420.083,CCIL 06-21-2024.xls,2024-06-21
IN0020200278,05.15 GS 2025,2403.986,CCIL 06-21-2024.xls,2024-06-21
IN0020200252,06.67 GS 2050,2823.479,CCIL 06-21-2024.xls,2024-06-21
IN0020220086,07.36 GS 2052,2520.019,CCIL 06-21-2024.xls,2024-06-21
IN0020200294,05.85 GS 2030,1726.19,CCIL 06-21-2024.xls,2024-06-21
IN0020230150,07.24 GOI SGRB 2033,44.0,CCIL 06-21-2024.xls,2024-06-21
IN0020210194,06.99 GS 2051,1100.533,CCIL 06-21-2024.xls,2024-06-21
IN0020190032,07.72 GS 2049,585.588,CCIL 06-21-2024.xls,2024-06-21
IN0020220136,07.10 GOI SGRB 2028,52.639,CCIL 06-21-2024.xls,2024-06-21
IN0020200054,07.16 GS 2050,672.395,CCIL 06-21-2024.xls,2024-06-21
IN0020230143,07.25 GOI SGRB 2028,0.0,CCIL 06-21-2024.xls,2024-06-21
IN0020230176,07.37 GOI SGRB 2054,0.0,CCIL 06-21-2024.xls,2024-06-21
IN0020230101,07.37 GS 2028,11342.503,CCIL 02-23-2024.xls,2024-02-23
IN0020230135,07.32 GS 2030,7633.34,CCIL 02-23-2024.xls,2024-02-23
IN0020230010,07.06 GS 2028,12215.539,CCIL 02-23-2024.xls,2024-02-23
IN0020230085,07.18 GS 2033,16425.734,CCIL 02-23-2024.xls,2024-02-23
IN0020200112,05.22 GS 2025,8252.559,CCIL 02-23-2024.xls,2024-02-23
IN0020220037,07.38 GS 2027,9842.904,CCIL 02-23-2024.xls,2024-02-23
IN0020210012,05.63 GS 2026,10241.86,CCIL 02-23-2024.xls,2024-02-23
IN0020210186,05.74 GS 2026,4058.158,CCIL 02-23-2024.xls,2024-02-23
IN0020220011,07.10 GS 2029,8766.847,CCIL 02-23-2024.xls,2024-02-23
IN0020220060,07.26 GS 2032,7945.323,CCIL 02-23-2024.xls,2024-02-23
IN0020230036,07.17 GS 2030,5520.3,CCIL 02-23-2024.xls,2024-02-23
IN0020220151,07.26 GS 2033,7824.394,CCIL 02-23-2024.xls,2024-02-23
IN0020180454,07.26 GS 2029,5863.299,CCIL 02-23-2024.xls,2024-02-23
IN0020210244,06.54 GS 2032,6717.436,CCIL 02-23-2024.xls,2024-02-23
IN0020210095,06.10 GS 2031,5879.182,CCIL 02-23-2024.xls,2024-02-23
IN0020190396,06.18 GS 2024,3138.561,CCIL 02-23-2024.xls,2024-02-23
IN0020190362,06.45 GS 2029,4132.317,CCIL 02-23-2024.xls,2024-02-23
IN0020220144,07.29 GOI SGRB 2033,249.034,CCIL 02-23-2024.xls,2024-02-23
IN0020230077,07.18 GS 2037,5178.889,CCIL 02-23-2024.xls,2024-02-23
IN0020200153,05.77 GS 2030,3655.765,CCIL 02-23-2024.xls,2024-02-23
IN0020200070,05.79 GS 2030,2620.85,CCIL 02-23-2024.xls,2024-02-23
IN0020200278,05.15 GS 2025,2364.79,CCIL 02-23-2024.xls,2024-02-23
IN0020230051,07.30 GS 2053,3005.914,CCIL 02-23-2024.xls,2024-02-23
IN0020200252,06.67 GS 2050,2666.209,CCIL 02-23-2024.xls,2024-02-23
IN0020220029,07.54 GS 2036,2325.355,CCIL 02-23-2024.xls,2024-02-23
IN0020220102,07.41 GS 2036,2006.583,CCIL 02-23-2024.xls,2024-02-23
IN0020220086,07.36 GS 2052,2017.508,CCIL 02-23-2024.xls,2024-02-23
IN0020200294,05.85 GS 2030,1346.79,CCIL 02-23-2024.xls,2024-02-23
IN0020210194,06.99 GS 2051,994.956,CCIL 02-23-2024.xls,2024-02-23
IN0020230150,07.24 GOI SGRB 2033,25.5,CCIL 02-23-2024.xls,2024-02-23
IN0020200054,07.16 GS 2050,442.374,CCIL 02-23-2024.xls,2024-02-23
IN0020220136,07.10 GOI SGRB 2028,33.127,CCIL 02-23-2024.xls,2024-02-23
IN0020190032,07.72 GS 2049,132.55,CCIL 02-23-2024.xls,2024-02-23
IN0020230143,07.25 GOI SGRB 2028,0.0,CCIL 02-23-2024.xls,2024-02-23
IN0020230176,07.37 GOI SGRB 2054,0.0,CCIL 02-23-2024.xls,2024-02-23
IN0020230085,07.18 GS 2033,23965.737,CCIL 05-31-2024.xls,2024-05-31
IN0020230010,07.06 GS 2028,10016.872,CCIL 05-31-2024.xls,2024-05-31
IN0020230101,07.37 GS 2028,6638.958,CCIL 05-31-2024.xls,2024-05-31
IN0020210186,05.74 GS 2026,5319.888,CCIL 05-31-2024.xls,2024-05-31
IN0020210012,05.63 GS 2026,11790.542,CCIL 05-31-2024.xls,2024-05-31
IN0020220037,07.38 GS 2027,9887.843,CCIL 05-31-2024.xls,2024-05-31
IN0020200112,05.22 GS 2025,7777.166,CCIL 05-31-2024.xls,2024-05-31
IN0020230077,07.18 GS 2037,10078.031,CCIL 05-31-2024.xls,2024-05-31
IN0020220060,07.26 GS 2032,7909.965,CCIL 05-31-2024.xls,2024-05-31
IN0020180454,07.26 GS 2029,6561.373,CCIL 05-31-2024.xls,2024-05-31
IN0020220011,07.10 GS 2029,7759.112,CCIL 05-31-2024.xls,2024-05-31
IN0020220151,07.26 GS 2033,6732.312,CCIL 05-31-2024.xls,2024-05-31
IN0020210244,06.54 GS 2032,6330.948,CCIL 05-31-2024.xls,2024-05-31
IN0020210095,06.10 GS 2031,5975.439,CCIL 05-31-2024.xls,2024-05-31
IN0020230135,07.32 GS 2030,2786.17,CCIL 05-31-2024.xls,2024-05-31
IN0020230051,07.30 GS 2053,6302.228,CCIL 05-31-2024.xls,2024-05-31
IN0020230036,07.17 GS 2030,3591.9,CCIL 05-31-2024.xls,2024-05-31
IN0020190362,06.45 GS 2029,3885.517,CCIL 05-31-2024.xls,2024-05-31
IN0020220144,07.29 GOI SGRB 2033,266.634,CCIL 05-31-2024.xls,2024-05-31
IN0020190396,06.18 GS 2024,2462.319,CCIL 05-31-2024.xls,2024-05-31
IN0020200153,05.77 GS 2030,3411.058,CCIL 05-31-2024.xls,2024-05-31
IN0020240019,07.10 GS 2034,1527.22,CCIL 05-31-2024.xls,2024-05-31
IN0020200070,05.79 GS 2030,2529.05,CCIL 05-31-2024.xls,2024-05-31
IN0020200278,05.15 GS 2025,2366.386,CCIL 05-31-2024.xls,2024-05-31
IN0020220086,07.36 GS 2052,2970.203,CCIL 05-31-2024.xls,2024-05-31
IN0020200252,06.67 GS 2050,2662.639,CCIL 05-31-2024.xls,2024-05-31
IN0020220029,07.54 GS 2036,2187.235,CCIL 05-31-2024.xls,2024-05-31
IN0020220102,07.41 GS 2036,2054.883,CCIL 05-31-2024.xls,2024-05-31
IN0020200294,05.85 GS 2030,1481.79,CCIL 05-31-2024.xls,2024-05-31
IN0020230150,07.24 GOI SGRB 2033,44.0,CCIL 05-31-2024.xls,2024-05-31
IN0020210194,06.99 GS 2051,1047.633,CCIL 05-31-2024.xls,2024-05-31
IN0020220136,07.10 GOI SGRB 2028,52.639,CCIL 05-31-2024.xls,2024-05-31
IN0020200054,07.16 GS 2050,644.265,CCIL 05-31-2024.xls,2024-05-31
IN0020190032,07.72 GS 2049,158.788,CCIL 05-31-2024.xls,2024-05-31
IN0020230143,07.25 GOI SGRB 2028,0.0,CCIL 05-31-2024.xls,2024-05-31
IN0020230176,07.37 GOI SGRB 2054,0.0,CCIL 05-31-2024.xls,2024-05-31
IN0020240050,07.04 GS 2029,0.0,CCIL 05-31-2024.xls,2024-05-31
IN0020230085,07.18 GS 2033,23817.146,CCIL 06-14-2024.xls,2024-06-14
IN0020230010,07.06 GS 2028,11048.372,CCIL 06-14-2024.xls,2024-06-14
IN0020230101,07.37 GS 2028,7043.458,CCIL 06-14-2024.xls,2024-06-14
IN0020210186,05.74 GS 2026,5408.632,CCIL 06-14-2024.xls,2024-06-14
IN0020210012,05.63 GS 2026,12288.042,CCIL 06-14-2024.xls,2024-06-14
IN0020230077,07.18 GS 2037,12707.275,CCIL 06-14-2024.xls,2024-06-14
IN0020220037,07.38 GS 2027,9281.453,CCIL 06-14-2024.xls,2024-06-14
IN0020200112,05.22 GS 2025,7602.956,CCIL 06-14-2024.xls,2024-06-14
IN0020220060,07.26 GS 2032,7869.52,CCIL 06-14-2024.xls,2024-06-14
IN0020180454,07.26 GS 2029,6675.179,CCIL 06-14-2024.xls,2024-06-14
IN0020220011,07.10 GS 2029,7840.832,CCIL 06-14-2024.xls,2024-06-14
IN0020240076,07.02 GS 2031,500.0,CCIL 06-14-2024.xls,2024-06-14
IN0020210244,06.54 GS 2032,7092.965,CCIL 06-14-2024.xls,2024-06-14
IN0020220151,07.26 GS 2033,6480.892,CCIL 06-14-2024.xls,2024-06-14
IN0020230135,07.32 GS 2030,2762.87,CCIL 06-14-2024.xls,2024-06-14
IN0020210095,06.10 GS 2031,5641.549,CCIL 06-14-2024.xls,2024-06-14
IN0020230051,07.30 GS 2053,6587.021,CCIL 06-14-2024.xls,2024-06-14
IN0020230036,07.17 GS 2030,3592.0,CCIL 06-14-2024.xls,2024-06-14
IN0020190362,06.45 GS 2029,3898.517,CCIL 06-14-2024.xls,2024-06-14
IN0020220144,07.29 GOI SGRB 2033,266.634,CCIL 06-14-2024.xls,2024-06-14
IN0020190396,06.18 GS 2024,2458.939,CCIL 06-14-2024.xls,2024-06-14
IN0020240019,07.10 GS 2034,2401.602,CCIL 06-14-2024.xls,2024-06-14
IN0020200153,05.77 GS 2030,3411.058,CCIL 06-14-2024.xls,2024-06-14
IN0020220029,07.54 GS 2036,3770.005,CCIL 06-14-2024.xls,2024-06-14
IN0020200070,05.79 GS 2030,2534.48,CCIL 06-14-2024.xls,2024-06-14
IN0020200278,05.15 GS 2025,2401.386,CCIL 06-14-2024.xls,2024-06-14
IN0020200252,06.67 GS 2050,2734.279,CCIL 06-14-2024.xls,2024-06-14
IN0020220086,07.36 GS 2052,2484.119,CCIL 06-14-2024.xls,2024-06-14
IN0020220102,07.41 GS 2036,2046.683,CCIL 06-14-2024.xls,2024-06-14
IN0020200294,05.85 GS 2030,1481.79,CCIL 06-14-2024.xls,2024-06-14
IN0020230150,07.24 GOI SGRB 2033,44.0,CCIL 06-14-2024.xls,2024-06-14
IN0020210194,06.99 GS 2051,1020.633,CCIL 06-14-2024.xls,2024-06-14
IN0020190032,07.72 GS 2049,580.788,CCIL 06-14-2024.xls,2024-06-14
IN0020220136,07.10 GOI SGRB 2028,52.639,CCIL 06-14-2024.xls,2024-06-14
IN0020200054,07.16 GS 2050,670.195,CCIL 06-14-2024.xls,2024-06-14
IN0020230176,07.37 GOI SGRB 2054,0.0,CCIL 06-14-2024.xls,2024-06-14
IN0020240050,07.04 GS 2029,0.0,CCIL 06-14-2024.xls,2024-06-14
IN0020230143,07.25 GOI SGRB 2028,0.0,CCIL 06-14-2024.xls,2024-06-14
IN0020230085,07.18 GS 2033,24985.948,CCIL 06-28-2024.xls,2024-06-28
IN0020210186,05.74 GS 2026,6579.732,CCIL 06-28-2024.xls,2024-06-28
IN0020230010,07.06 GS 2028,11181.221,CCIL 06-28-2024.xls,2024-06-28
IN0020230101,07.37 GS 2028,7422.358,CCIL 06-28-2024.xls,2024-06-28
IN0020210012,05.63 GS 2026,12182.042,CCIL 06-28-2024.xls,2024-06-28
IN0020220037,07.38 GS 2027,9402.667,CCIL 06-28-2024.xls,2024-06-28
IN0020230077,07.18 GS 2037,11654.065,CCIL 06-28-2024.xls,2024-06-28
IN0020200112,05.22 GS 2025,7693.406,CCIL 06-28-2024.xls,2024-06-28
IN0020220011,07.10 GS 2029,8744.169,CCIL 06-28-2024.xls,2024-06-28
IN0020220060,07.26 GS 2032,7959.27,CCIL 06-28-2024.xls,2024-06-28
IN0020240076,07.02 GS 2031,565.909,CCIL 06-28-2024.xls,2024-06-28
IN0020230135,07.32 GS 2030,3551.369,CCIL 06-28-2024.xls,2024-06-28
IN0020220151,07.26 GS 2033,6440.711,CCIL 06-28-2024.xls,2024-06-28
IN0020240019,07.10 GS 2034,4153.851,CCIL 06-28-2024.xls,2024-06-28
IN0020180454,07.26 GS 2029,5165.732,CCIL 06-28-2024.xls,2024-06-28
IN0020230051,07.30 GS 2053,7163.297,CCIL 06-28-2024.xls,2024-06-28
IN0020220102,07.41 GS 2036,5907.498,CCIL 06-28-2024.xls,2024-06-28
IN0020210244,06.54 GS 2032,5895.567,CCIL 06-28-2024.xls,2024-06-28
IN0020230036,07.17 GS 2030,3718.45,CCIL 06-28-2024.xls,2024-06-28
IN0020220144,07.29 GOI SGRB 2033,287.902,CCIL 06-28-2024.xls,2024-06-28
IN0020210095,06.10 GS 2031,5386.023,CCIL 06-28-2024.xls,2024-06-28
IN0020190362,06.45 GS 2029,3949.727,CCIL 06-28-2024.xls,2024-06-28
IN0020190396,06.18 GS 2024,2500.939,CCIL 06-28-2024.xls,2024-06-28
IN0020200153,05.77 GS 2030,3609.218,CCIL 06-28-2024.xls,2024-06-28
IN0020220029,07.54 GS 2036,4012.195,CCIL 06-28-2024.xls,2024-06-28
IN0020200070,05.79 GS 2030,2622.829,CCIL 06-28-2024.xls,2024-06-28
IN0020200278,05.15 GS 2025,2428.686,CCIL 06-28-2024.xls,2024-06-28
IN0020200252,06.67 GS 2050,3092.973,CCIL 06-28-2024.xls,2024-06-28
IN0020240050,07.04 GS 2029,424.634,CCIL 06-28-2024.xls,2024-06-28
IN0020220086,07.36 GS 2052,2623.576,CCIL 06-28-2024.xls,2024-06-28
IN0020200294,05.85 GS 2030,1953.17,CCIL 06-28-2024.xls,2024-06-28
IN0020230150,07.24 GOI SGRB 2033,69.0,CCIL 06-28-2024.xls,2024-06-28
IN0020210194,06.99 GS 2051,1602.933,CCIL 06-28-2024.xls,2024-06-28
IN0020200054,07.16 GS 2050,861.915,CCIL 06-28-2024.xls,2024-06-28
IN0020190032,07.72 GS 2049,572.388,CCIL 06-28-2024.xls,2024-06-28
IN0020220136,07.10 GOI SGRB 2028,50.549,CCIL 06-28-2024.xls,2024-06-28
IN0020230176,07.37 GOI SGRB 2054,0.0,CCIL 06-28-2024.xls,2024-06-28
IN0020230143,07.25 GOI SGRB 2028,0.0,CCIL 06-28-2024.xls,2024-06-28
IN0020230085,07.18 GS 2033,24756.916,CCIL 07-05-2024.xls,2024-07-05
IN0020210186,05.74 GS 2026,6788.232,CCIL 07-05-2024.xls,2024-07-05
IN0020230101,07.37 GS 2028,7881.401,CCIL 07-05-2024.xls,2024-07-05
IN0020230010,07.06 GS 2028,11296.838,CCIL 07-05-2024.xls,2024-07-05
IN0020210012,05.63 GS 2026,12629.082,CCIL 07-05-2024.xls,2024-07-05
IN0020220037,07.38 GS 2027,10541.457,CCIL 07-05-2024.xls,2024-07-05
IN0020200112,05.22 GS 2025,8119.949,CCIL 07-05-2024.xls,2024-07-05
IN0020230077,07.18 GS 2037,9927.519,CCIL 07-05-2024.xls,2024-07-05
IN0020220011,07.10 GS 2029,9037.817,CCIL 07-05-2024.xls,2024-07-05
IN0020230135,07.32 GS 2030,3809.369,CCIL 07-05-2024.xls,2024-07-05
IN0020220060,07.26 GS 2032,7948.87,CCIL 07-05-2024.xls,2024-07-05
IN0020240076,07.02 GS 2031,568.109,CCIL 07-05-2024.xls,2024-07-05
IN0020240019,07.10 GS 2034,4646.891,CCIL 07-05-2024.xls,2024-07-05
IN0020220102,07.41 GS 2036,7144.308,CCIL 07-05-2024.xls,2024-07-05
IN0020220151,07.26 GS 2033,6806.762,CCIL 07-05-2024.xls,2024-07-05
IN0020180454,07.26 GS 2029,5135.137,CCIL 07-05-2024.xls,2024-07-05
IN0020230051,07.30 GS 2053,7133.458,CCIL 07-05-2024.xls,2024-07-05
IN0020220144,07.29 GOI SGRB 2033,287.902,CCIL 07-05-2024.xls,2024-07-05
IN0020210244,06.54 GS 2032,5594.997,CCIL 07-05-2024.xls,2024-07-05
IN0020210095,06.10 GS 2031,5404.673,CCIL 07-05-2024.xls,2024-07-05
IN0020230036,07.17 GS 2030,3543.455,CCIL 07-05-2024.xls,2024-07-05
IN0020190362,06.45 GS 2029,3948.627,CCIL 07-05-2024.xls,2024-07-05
IN0020190396,06.18 GS 2024,2501.089,CCIL 07-05-2024.xls,2024-07-05
IN0020240050,07.04 GS 2029,713.022,CCIL 07-05-2024.xls,2024-07-05
IN0020200153,05.77 GS 2030,3611.518,CCIL 07-05-2024.xls,2024-07-05
IN0020220029,07.54 GS 2036,4052.782,CCIL 07-05-2024.xls,2024-07-05
IN0020200070,05.79 GS 2030,2654.129,CCIL 07-05-2024.xls,2024-07-05
IN0020200252,06.67 GS 2050,3165.673,CCIL 07-05-2024.xls,2024-07-05
IN0020200278,05.15 GS 2025,2417.186,CCIL 07-05-2024.xls,2024-07-05
IN0020200294,05.85 GS 2030,2038.57,CCIL 07-05-2024.xls,2024-07-05
IN0020220086,07.36 GS 2052,2658.376,CCIL 07-05-2024.xls,2024-07-05
IN0020230150,07.24 GOI SGRB 2033,69.0,CCIL 07-05-2024.xls,2024-07-05
IN0020210194,06.99 GS 2051,1643.363,CCIL 07-05-2024.xls,2024-07-05
IN0020200054,07.16 GS 2050,869.315,CCIL 07-05-2024.xls,2024-07-05
IN0020190032,07.72 GS 2049,612.188,CCIL 07-05-2024.xls,2024-07-05
IN0020220136,07.10 GOI SGRB 2028,50.549,CCIL 07-05-2024.xls,2024-07-05
IN0020230176,07.37 GOI SGRB 2054,0.0,CCIL 07-05-2024.xls,2024-07-05
IN0020230143,07.25 GOI SGRB 2028,0.0,CCIL 07-05-2024.xls,2024-07-05
IN0020230085,07.18 GS 2033,24223.938,CCIL 07-12-2024.xls,2024-07-12
IN0020210186,05.74 GS 2026,6722.232,CCIL 07-12-2024.xls,2024-07-12
IN0020230101,07.37 GS 2028,7899.661,CCIL 07-12-2024.xls,2024-07-12
IN0020230010,07.06 GS 2028,11324.138,CCIL 07-12-2024.xls,2024-07-12
IN0020210012,05.63 GS 2026,12767.483,CCIL 07-12-2024.xls,2024-07-12
IN0020220037,07.38 GS 2027,10862.064,CCIL 07-12-2024.xls,2024-07-12
IN0020200112,05.22 GS 2025,8120.018,CCIL 07-12-2024.xls,2024-07-12
IN0020230135,07.32 GS 2030,4129.619,CCIL 07-12-2024.xls,2024-07-12
IN0020220011,07.10 GS 2029,9135.917,CCIL 07-12-2024.xls,2024-07-12
IN0020240019,07.10 GS 2034,5618.801,CCIL 07-12-2024.xls,2024-07-12
IN0020220102,07.41 GS 2036,8436.308,CCIL 07-12-2024.xls,2024-07-12
IN0020220060,07.26 GS 2032,7944.87,CCIL 07-12-2024.xls,2024-07-12
IN0020230077,07.18 GS 2037,8433.249,CCIL 07-12-2024.xls,2024-07-12
IN0020220151,07.26 GS 2033,6742.082,CCIL 07-12-2024.xls,2024-07-12
IN0020240076,07.02 GS 2031,863.309,CCIL 07-12-2024.xls,2024-07-12
IN0020180454,07.26 GS 2029,5103.837,CCIL 07-12-2024.xls,2024-07-12
IN0020230051,07.30 GS 2053,7276.243,CCIL 07-12-2024.xls,2024-07-12
IN0020220144,07.29 GOI SGRB 2033,287.902,CCIL 07-12-2024.xls,2024-07-12
IN0020230036,07.17 GS 2030,3652.455,CCIL 07-12-2024.xls,2024-07-12
IN0020210095,06.10 GS 2031,5404.673,CCIL 07-12-2024.xls,2024-07-12
IN0020210244,06.54 GS 2032,5539.997,CCIL 07-12-2024.xls,2024-07-12
IN0020190362,06.45 GS 2029,4008.627,CCIL 07-12-2024.xls,2024-07-12
IN0020190396,06.18 GS 2024,2501.089,CCIL 07-12-2024.xls,2024-07-12
IN0020240050,07.04 GS 2029,734.522,CCIL 07-12-2024.xls,2024-07-12
IN0020220029,07.54 GS 2036,4460.034,CCIL 07-12-2024.xls,2024-07-12
IN0020200153,05.77 GS 2030,3643.018,CCIL 07-12-2024.xls,2024-07-12
IN0020200070,05.79 GS 2030,2671.029,CCIL 07-12-2024.xls,2024-07-12
IN0020200252,06.67 GS 2050,3159.173,CCIL 07-12-2024.xls,2024-07-12
IN0020200278,05.15 GS 2025,2419.186,CCIL 07-12-2024.xls,2024-07-12
IN0020200294,05.85 GS 2030,2236.37,CCIL 07-12-2024.xls,2024-07-12
IN0020220086,07.36 GS 2052,2658.376,CCIL 07-12-2024.xls,2024-07-12
IN0020230150,07.24 GOI SGRB 2033,69.0,CCIL 07-12-2024.xls,2024-07-12
IN0020210194,06.99 GS 2051,1685.113,CCIL 07-12-2024.xls,2024-07-12
IN0020200054,07.16 GS 2050,861.315,CCIL 07-12-2024.xls,2024-07-12
IN0020190032,07.72 GS 2049,615.728,CCIL 07-12-2024.xls,2024-07-12
IN0020220136,07.10 GOI SGRB 2028,50.549,CCIL 07-12-2024.xls,2024-07-12
IN0020230176,07.37 GOI SGRB 2054,0.0,CCIL 07-12-2024.xls,2024-07-12
IN0020230143,07.25 GOI SGRB 2028,0.0,CCIL 07-12-2024.xls,2024-07-12
IN0020230085,07.18 GS 2033,25305.468,CCIL 07-19-2024.xls,2024-07-19
IN0020230101,07.37 GS 2028,8075.955,CCIL 07-19-2024.xls,2024-07-19
IN0020210186,05.74 GS 2026,6656.792,CCIL 07-19-2024.xls,2024-07-19
IN0020230010,07.06 GS 2028,11375.328,CCIL 07-19-2024.xls,2024-07-19
IN0020210012,05.63 GS 2026,12946.013,CCIL 07-19-2024.xls,2024-07-19
IN0020220037,07.38 GS 2027,11138.674,CCIL 07-19-2024.xls,2024-07-19
IN0020200112,05.22 GS 2025,8303.928,CCIL 07-19-2024.xls,2024-07-19
IN0020240076,07.02 GS 2031,1530.454,CCIL 07-19-2024.xls,2024-07-19
IN0020230135,07.32 GS 2030,4277.059,CCIL 07-19-2024.xls,2024-07-19
IN0020220011,07.10 GS 2029,9384.454,CCIL 07-19-2024.xls,2024-07-19
IN0020220060,07.26 GS 2032,8526.395,CCIL 07-19-2024.xls,2024-07-19
IN0020220102,07.41 GS 2036,8461.308,CCIL 07-19-2024.xls,2024-07-19
IN0020240019,07.10 GS 2034,6063.741,CCIL 07-19-2024.xls,2024-07-19
IN0020230077,07.18 GS 2037,7754.499,CCIL 07-19-2024.xls,2024-07-19
IN0020180454,07.26 GS 2029,5862.797,CCIL 07-19-2024.xls,2024-07-19
IN0020220151,07.26 GS 2033,6628.367,CCIL 07-19-2024.xls,2024-07-19
IN0020230051,07.30 GS 2053,7882.156,CCIL 07-19-2024.xls,2024-07-19
IN0020210095,06.10 GS 2031,5486.173,CCIL 07-19-2024.xls,2024-07-19
IN0020230036,07.17 GS 2030,3712.115,CCIL 07-19-2024.xls,2024-07-19
IN0020220144,07.29 GOI SGRB 2033,287.902,CCIL 07-19-2024.xls,2024-07-19
IN0020210244,06.54 GS 2032,5550.597,CCIL 07-19-2024.xls,2024-07-19
IN0020190362,06.45 GS 2029,4030.327,CCIL 07-19-2024.xls,2024-07-19
IN0020240050,07.04 GS 2029,810.322,CCIL 07-19-2024.xls,2024-07-19
IN0020190396,06.18 GS 2024,2501.089,CCIL 07-19-2024.xls,2024-07-19
IN0020200153,05.77 GS 2030,3691.418,CCIL 07-19-2024.xls,2024-07-19
IN0020220029,07.54 GS 2036,4447.534,CCIL 07-19-2024.xls,2024-07-19
IN0020200070,05.79 GS 2030,2736.029,CCIL 07-19-2024.xls,2024-07-19
IN0020200252,06.67 GS 2050,3259.573,CCIL 07-19-2024.xls,2024-07-19
IN0020200278,05.15 GS 2025,2426.946,CCIL 07-19-2024.xls,2024-07-19
IN0020200294,05.85 GS 2030,2302.32,CCIL 07-19-2024.xls,2024-07-19
IN0020220086,07.36 GS 2052,2658.376,CCIL 07-19-2024.xls,2024-07-19
IN0020230150,07.24 GOI SGRB 2033,69.0,CCIL 07-19-2024.xls,2024-07-19
IN0020210194,06.99 GS 2051,1724.913,CCIL 07-19-2024.xls,2024-07-19
IN0020200054,07.16 GS 2050,869.615,CCIL 07-19-2024.xls,2024-07-19
IN0020190032,07.72 GS 2049,617.208,CCIL 07-19-2024.xls,2024-07-19
IN0020220136,07.10 GOI SGRB 2028,50.549,CCIL 07-19-2024.xls,2024-07-19
IN0020230176,07.37 GOI SGRB 2054,0.0,CCIL 07-19-2024.xls,2024-07-19
IN0020230143,07.25 GOI SGRB 2028,0.0,CCIL 07-19-2024.xls,2024-07-19
IN0020230085,07.18 GS 2033,21697.689,CCIL 08-09-2024.xls,2024-08-09
IN0020230010,07.06 GS 2028,11762.293,CCIL 08-09-2024.xls,2024-08-09
IN0020210186,05.74 GS 2026,6603.982,CCIL 08-09-2024.xls,2024-08-09
IN0020220037,07.38 GS 2027,12862.984,CCIL 08-09-2024.xls,2024-08-09
IN0020210012,05.63 GS 2026,13036.413,CCIL 08-09-2024.xls,2024-08-09
IN0020230101,07.37 GS 2028,6521.417,CCIL 08-09-2024.xls,2024-08-09
IN0020240019,07.10 GS 2034,12104.645,CCIL 08-09-2024.xls,2024-08-09
IN0020230135,07.32 GS 2030,5810.864,CCIL 08-09-2024.xls,2024-08-09
IN0020200112,05.22 GS 2025,8643.843,CCIL 08-09-2024.xls,2024-08-09
IN0020230077,07.18 GS 2037,11662.562,CCIL 08-09-2024.xls,2024-08-09
IN0020240076,07.02 GS 2031,1433.028,CCIL 08-09-2024.xls,2024-08-09
IN0020220011,07.10 GS 2029,10123.844,CCIL 08-09-2024.xls,2024-08-09
IN0020220060,07.26 GS 2032,9156.476,CCIL 08-09-2024.xls,2024-08-09
IN0020220102,07.41 GS 2036,8051.527,CCIL 08-09-2024.xls,2024-08-09
IN0020240050,07.04 GS 2029,1664.643,CCIL 08-09-2024.xls,2024-08-09
IN0020180454,07.26 GS 2029,5930.76,CCIL 08-09-2024.xls,2024-08-09
IN0020230051,07.30 GS 2053,8689.452,CCIL 08-09-2024.xls,2024-08-09
IN0020210244,06.54 GS 2032,6448.629,CCIL 08-09-2024.xls,2024-08-09
IN0020220151,07.26 GS 2033,5908.055,CCIL 08-09-2024.xls,2024-08-09
IN0020210095,06.10 GS 2031,5763.355,CCIL 08-09-2024.xls,2024-08-09
IN0020230036,07.17 GS 2030,3790.912,CCIL 08-09-2024.xls,2024-08-09
IN0020220144,07.29 GOI SGRB 2033,287.53,CCIL 08-09-2024.xls,2024-08-09
IN0020190362,06.45 GS 2029,4076.576,CCIL 08-09-2024.xls,2024-08-09
IN0020200153,05.77 GS 2030,4262.836,CCIL 08-09-2024.xls,2024-08-09
IN0020190396,06.18 GS 2024,2431.089,CCIL 08-09-2024.xls,2024-08-09
IN0020220029,07.54 GS 2036,4776.35,CCIL 08-09-2024.xls,2024-08-09
IN0020200070,05.79 GS 2030,2807.289,CCIL 08-09-2024.xls,2024-08-09
IN0020200252,06.67 GS 2050,3529.203,CCIL 08-09-2024.xls,2024-08-09
IN0020200278,05.15 GS 2025,2437.578,CCIL 08-09-2024.xls,2024-08-09
IN0020200294,05.85 GS 2030,2381.917,CCIL 08-09-2024.xls,2024-08-09
IN0020220086,07.36 GS 2052,2761.716,CCIL 08-09-2024.xls,2024-08-09
IN0020220136,07.10 GOI SGRB 2028,132.333,CCIL 08-09-2024.xls,2024-08-09
IN0020210194,06.99 GS 2051,2047.978,CCIL 08-09-2024.xls,2024-08-09
IN0020230143,07.25 GOI SGRB 2028,68.48,CCIL 08-09-2024.xls,2024-08-09
IN0020200054,07.16 GS 2050,983.376,CCIL 08-09-2024.xls,2024-08-09
IN0020230150,07.24 GOI SGRB 2033,44.0,CCIL 08-09-2024.xls,2024-08-09
IN0020190032,07.72 GS 2049,677.824,CCIL 08-09-2024.xls,2024-08-09
IN0020230176,07.37 GOI SGRB 2054,3.9,CCIL 08-09-2024.xls,2024-08-09
IN0020230085,07.18 GS 2033,22584.773,CCIL 08-16-2024.xls,2024-08-16
IN0020230010,07.06 GS 2028,11743.393,CCIL 08-16-2024.xls,2024-08-16
IN0020210186,05.74 GS 2026,6615.482,CCIL 08-16-2024.xls,2024-08-16
IN0020220037,07.38 GS 2027,13075.488,CCIL 08-16-2024.xls,2024-08-16
IN0020230135,07.32 GS 2030,6125.864,CCIL 08-16-2024.xls,2024-08-16
IN0020210012,05.63 GS 2026,12886.913,CCIL 08-16-2024.xls,2024-08-16
IN0020230101,07.37 GS 2028,6521.417,CCIL 08-16-2024.xls,2024-08-16
IN0020240019,07.10 GS 2034,12164.585,CCIL 08-16-2024.xls,2024-08-16
IN0020200112,05.22 GS 2025,8645.343,CCIL 08-16-2024.xls,2024-08-16
IN0020230077,07.18 GS 2037,12196.541,CCIL 08-16-2024.xls,2024-08-16
IN0020240076,07.02 GS 2031,1431.524,CCIL 08-16-2024.xls,2024-08-16
IN0020220011,07.10 GS 2029,10125.844,CCIL 08-16-2024.xls,2024-08-16
IN0020220060,07.26 GS 2032,9256.476,CCIL 08-16-2024.xls,2024-08-16
IN0020220102,07.41 GS 2036,8125.827,CCIL 08-16-2024.xls,2024-08-16
IN0020240050,07.04 GS 2029,1671.693,CCIL 08-16-2024.xls,2024-08-16
IN0020180454,07.26 GS 2029,5982.86,CCIL 08-16-2024.xls,2024-08-16
IN0020230051,07.30 GS 2053,8686.963,CCIL 08-16-2024.xls,2024-08-16
IN0020210244,06.54 GS 2032,6550.158,CCIL 08-16-2024.xls,2024-08-16
IN0020220151,07.26 GS 2033,5866.166,CCIL 08-16-2024.xls,2024-08-16
IN0020210095,06.10 GS 2031,5763.355,CCIL 08-16-2024.xls,2024-08-16
IN0020230036,07.17 GS 2030,3821.412,CCIL 08-16-2024.xls,2024-08-16
IN0020190362,06.45 GS 2029,4075.73,CCIL 08-16-2024.xls,2024-08-16
IN0020220144,07.29 GOI SGRB 2033,283.727,CCIL 08-16-2024.xls,2024-08-16
IN0020200153,05.77 GS 2030,4260.884,CCIL 08-16-2024.xls,2024-08-16
IN0020220029,07.54 GS 2036,4847.75,CCIL 08-16-2024.xls,2024-08-16
IN0020190396,06.18 GS 2024,2431.089,CCIL 08-16-2024.xls,2024-08-16
IN0020200070,05.79 GS 2030,2807.289,CCIL 08-16-2024.xls,2024-08-16
IN0020200252,06.67 GS 2050,3527.177,CCIL 08-16-2024.xls,2024-08-16
IN0020200278,05.15 GS 2025,2437.978,CCIL 08-16-2024.xls,2024-08-16
IN0020200294,05.85 GS 2030,2381.917,CCIL 08-16-2024.xls,2024-08-16
IN0020220086,07.36 GS 2052,2761.716,CCIL 08-16-2024.xls,2024-08-16
IN0020220136,07.10 GOI SGRB 2028,130.183,CCIL 08-16-2024.xls,2024-08-16
IN0020210194,06.99 GS 2051,2048.086,CCIL 08-16-2024.xls,2024-08-16
IN0020230143,07.25 GOI SGRB 2028,68.48,CCIL 08-16-2024.xls,2024-08-16
IN0020200054,07.16 GS 2050,958.376,CCIL 08-16-2024.xls,2024-08-16
IN0020230150,07.24 GOI SGRB 2033,44.0,CCIL 08-16-2024.xls,2024-08-16
IN0020190032,07.72 GS 2049,681.824,CCIL 08-16-2024.xls,2024-08-16
IN0020230176,07.37 GOI SGRB 2054,3.9,CCIL 08-16-2024.xls,2024-08-16
IN0020230085,07.18 GS 2033,22722.812,CCIL 08-02-2024.xls,2024-08-02
IN0020230010,07.06 GS 2028,11552.418,CCIL 08-02-2024.xls,2024-08-02
IN0020210186,05.74 GS 2026,6620.782,CCIL 08-02-2024.xls,2024-08-02
IN0020220037,07.38 GS 2027,12641.184,CCIL 08-02-2024.xls,2024-08-02
IN0020240019,07.10 GS 2034,11832.615,CCIL 08-02-2024.xls,2024-08-02
IN0020210012,05.63 GS 2026,12877.813,CCIL 08-02-2024.xls,2024-08-02
IN0020230101,07.37 GS 2028,6527.542,CCIL 08-02-2024.xls,2024-08-02
IN0020200112,05.22 GS 2025,8618.843,CCIL 08-02-2024.xls,2024-08-02
IN0020230135,07.32 GS 2030,5263.296,CCIL 08-02-2024.xls,2024-08-02
IN0020230077,07.18 GS 2037,11528.159,CCIL 08-02-2024.xls,2024-08-02
IN0020240076,07.02 GS 2031,1446.202,CCIL 08-02-2024.xls,2024-08-02
IN0020220011,07.10 GS 2029,10103.974,CCIL 08-02-2024.xls,2024-08-02
IN0020220060,07.26 GS 2032,8868.276,CCIL 08-02-2024.xls,2024-08-02
IN0020220102,07.41 GS 2036,8041.527,CCIL 08-02-2024.xls,2024-08-02
IN0020240050,07.04 GS 2029,1674.493,CCIL 08-02-2024.xls,2024-08-02
IN0020180454,07.26 GS 2029,6020.469,CCIL 08-02-2024.xls,2024-08-02
IN0020230051,07.30 GS 2053,8590.879,CCIL 08-02-2024.xls,2024-08-02
IN0020210244,06.54 GS 2032,6020.277,CCIL 08-02-2024.xls,2024-08-02
IN0020210095,06.10 GS 2031,5778.095,CCIL 08-02-2024.xls,2024-08-02
IN0020230036,07.17 GS 2030,3739.912,CCIL 08-02-2024.xls,2024-08-02
IN0020220144,07.29 GOI SGRB 2033,287.902,CCIL 08-02-2024.xls,2024-08-02
IN0020220151,07.26 GS 2033,5363.055,CCIL 08-02-2024.xls,2024-08-02
IN0020190362,06.45 GS 2029,4075.836,CCIL 08-02-2024.xls,2024-08-02
IN0020200153,05.77 GS 2030,4221.836,CCIL 08-02-2024.xls,2024-08-02
IN0020190396,06.18 GS 2024,2431.089,CCIL 08-02-2024.xls,2024-08-02
IN0020220029,07.54 GS 2036,4740.52,CCIL 08-02-2024.xls,2024-08-02
IN0020200070,05.79 GS 2030,2793.249,CCIL 08-02-2024.xls,2024-08-02
IN0020200252,06.67 GS 2050,3529.203,CCIL 08-02-2024.xls,2024-08-02
IN0020200278,05.15 GS 2025,2446.178,CCIL 08-02-2024.xls,2024-08-02
IN0020200294,05.85 GS 2030,2373.967,CCIL 08-02-2024.xls,2024-08-02
IN0020220086,07.36 GS 2052,2744.266,CCIL 08-02-2024.xls,2024-08-02
IN0020230143,07.25 GOI SGRB 2028,68.48,CCIL 08-02-2024.xls,2024-08-02
IN0020210194,06.99 GS 2051,1911.478,CCIL 08-02-2024.xls,2024-08-02
IN0020200054,07.16 GS 2050,997.426,CCIL 08-02-2024.xls,2024-08-02
IN0020230150,07.24 GOI SGRB 2033,44.0,CCIL 08-02-2024.xls,2024-08-02
IN0020190032,07.72 GS 2049,687.724,CCIL 08-02-2024.xls,2024-08-02
IN0020220136,07.10 GOI SGRB 2028,62.333,CCIL 08-02-2024.xls,2024-08-02
IN0020230176,07.37 GOI SGRB 2054,3.9,CCIL 08-02-2024.xls,2024-08-02
IN0020240050,07.04 GS 2029,6687.035,CCIL 09-06-2024.xls,2024-09-06
IN0020230085,07.18 GS 2033,24632.08,CCIL 09-06-2024.xls,2024-09-06
IN0020220037,07.38 GS 2027,13794.268,CCIL 09-06-2024.xls,2024-09-06
IN0020230010,07.06 GS 2028,11573.924,CCIL 09-06-2024.xls,2024-09-06
IN0020210186,05.74 GS 2026,6558.818,CCIL 09-06-2024.xls,2024-09-06
IN0020230135,07.32 GS 2030,6879.196,CCIL 09-06-2024.xls,2024-09-06
IN0020210012,05.63 GS 2026,13205.2,CCIL 09-06-2024.xls,2024-09-06
IN0020230101,07.37 GS 2028,6567.592,CCIL 09-06-2024.xls,2024-09-06
IN0020200112,05.22 GS 2025,8949.076,CCIL 09-06-2024.xls,2024-09-06
IN0020230077,07.18 GS 2037,13408.211,CCIL 09-06-2024.xls,2024-09-06
IN0020240019,07.10 GS 2034,12153.071,CCIL 09-06-2024.xls,2024-09-06
IN0020220060,07.26 GS 2032,9753.985,CCIL 09-06-2024.xls,2024-09-06
IN0020220011,07.10 GS 2029,10305.407,CCIL 09-06-2024.xls,2024-09-06
IN0020240076,07.02 GS 2031,1982.756,CCIL 09-06-2024.xls,2024-09-06
IN0020220102,07.41 GS 2036,8641.309,CCIL 09-06-2024.xls,2024-09-06
IN0020230036,07.17 GS 2030,5369.728,CCIL 09-06-2024.xls,2024-09-06
IN0020180454,07.26 GS 2029,6522.392,CCIL 09-06-2024.xls,2024-09-06
IN0020230051,07.30 GS 2053,9716.733,CCIL 09-06-2024.xls,2024-09-06
IN0020210244,06.54 GS 2032,6882.48,CCIL 09-06-2024.xls,2024-09-06
IN0020220151,07.26 GS 2033,6203.116,CCIL 09-06-2024.xls,2024-09-06
IN0020200153,05.77 GS 2030,4934.133,CCIL 09-06-2024.xls,2024-09-06
IN0020210095,06.10 GS 2031,5704.699,CCIL 09-06-2024.xls,2024-09-06
IN0020190362,06.45 GS 2029,4157.5,CCIL 09-06-2024.xls,2024-09-06
IN0020220144,07.29 GOI SGRB 2033,276.381,CCIL 09-06-2024.xls,2024-09-06
IN0020220029,07.54 GS 2036,4967.913,CCIL 09-06-2024.xls,2024-09-06
IN0020190396,06.18 GS 2024,2431.089,CCIL 09-06-2024.xls,2024-09-06
IN0020200252,06.67 GS 2050,3751.168,CCIL 09-06-2024.xls,2024-09-06
IN0020200070,05.79 GS 2030,2777.239,CCIL 09-06-2024.xls,2024-09-06
IN0020200278,05.15 GS 2025,2442.848,CCIL 09-06-2024.xls,2024-09-06
IN0020200294,05.85 GS 2030,2488.82,CCIL 09-06-2024.xls,2024-09-06
IN0020210194,06.99 GS 2051,2566.586,CCIL 09-06-2024.xls,2024-09-06
IN0020230150,07.24 GOI SGRB 2033,84.0,CCIL 09-06-2024.xls,2024-09-06
IN0020220086,07.36 GS 2052,2529.76,CCIL 09-06-2024.xls,2024-09-06
IN0020220136,07.10 GOI SGRB 2028,123.199,CCIL 09-06-2024.xls,2024-09-06
IN0020230143,07.25 GOI SGRB 2028,66.33,CCIL 09-06-2024.xls,2024-09-06
IN0020190032,07.72 GS 2049,856.894,CCIL 09-06-2024.xls,2024-09-06
IN0020200054,07.16 GS 2050,973.455,CCIL 09-06-2024.xls,2024-09-06
IN0020230176,07.37 GOI SGRB 2054,11.582,CCIL 09-06-2024.xls,2024-09-06
IN0020230085,07.18 GS 2033,29948.439,CCIL 09-13-2024.xls,2024-09-13
IN0020240050,07.04 GS 2029,6972.185,CCIL 09-13-2024.xls,2024-09-13
IN0020220037,07.38 GS 2027,13948.268,CCIL 09-13-2024.xls,2024-09-13
IN0020230010,07.06 GS 2028,11572.924,CCIL 09-13-2024.xls,2024-09-13
IN0020210186,05.74 GS 2026,6556.779,CCIL 09-13-2024.xls,2024-09-13
IN0020230135,07.32 GS 2030,6879.996,CCIL 09-13-2024.xls,2024-09-13
IN0020210012,05.63 GS 2026,13384.25,CCIL 09-13-2024.xls,2024-09-13
IN0020240076,07.02 GS 2031,2972.756,CCIL 09-13-2024.xls,2024-09-13
IN0020230101,07.37 GS 2028,6493.192,CCIL 09-13-2024.xls,2024-09-13
IN0020230077,07.18 GS 2037,14062.827,CCIL 09-13-2024.xls,2024-09-13
IN0020200112,05.22 GS 2025,8974.076,CCIL 09-13-2024.xls,2024-09-13
IN0020240019,07.10 GS 2034,11150.841,CCIL 09-13-2024.xls,2024-09-13
IN0020220060,07.26 GS 2032,9733.663,CCIL 09-13-2024.xls,2024-09-13
IN0020220011,07.10 GS 2029,10316.307,CCIL 09-13-2024.xls,2024-09-13
IN0020220102,07.41 GS 2036,8766.599,CCIL 09-13-2024.xls,2024-09-13
IN0020230051,07.30 GS 2053,10204.867,CCIL 09-13-2024.xls,2024-09-13
IN0020230036,07.17 GS 2030,5374.728,CCIL 09-13-2024.xls,2024-09-13
IN0020180454,07.26 GS 2029,6604.902,CCIL 09-13-2024.xls,2024-09-13
IN0020210244,06.54 GS 2032,6875.04,CCIL 09-13-2024.xls,2024-09-13
IN0020220151,07.26 GS 2033,6208.773,CCIL 09-13-2024.xls,2024-09-13
IN0020200153,05.77 GS 2030,4936.133,CCIL 09-13-2024.xls,2024-09-13
IN0020210095,06.10 GS 2031,5751.729,CCIL 09-13-2024.xls,2024-09-13
IN0020190362,06.45 GS 2029,4156.7,CCIL 09-13-2024.xls,2024-09-13
IN0020220144,07.29 GOI SGRB 2033,276.381,CCIL 09-13-2024.xls,2024-09-13
IN0020220029,07.54 GS 2036,4985.313,CCIL 09-13-2024.xls,2024-09-13
IN0020190396,06.18 GS 2024,2426.089,CCIL 09-13-2024.xls,2024-09-13
IN0020200252,06.67 GS 2050,3751.168,CCIL 09-13-2024.xls,2024-09-13
IN0020200070,05.79 GS 2030,2769.065,CCIL 09-13-2024.xls,2024-09-13
IN0020200278,05.15 GS 2025,2442.848,CCIL 09-13-2024.xls,2024-09-13
IN0020200294,05.85 GS 2030,2490.82,CCIL 09-13-2024.xls,2024-09-13
IN0020210194,06.99 GS 2051,2566.586,CCIL 09-13-2024.xls,2024-09-13
IN0020230150,07.24 GOI SGRB 2033,84.0,CCIL 09-13-2024.xls,2024-09-13
IN0020220086,07.36 GS 2052,2534.5,CCIL 09-13-2024.xls,2024-09-13
IN0020220136,07.10 GOI SGRB 2028,122.579,CCIL 09-13-2024.xls,2024-09-13
IN0020230143,07.25 GOI SGRB 2028,66.33,CCIL 09-13-2024.xls,2024-09-13
IN0020190032,07.72 GS 2049,864.894,CCIL 09-13-2024.xls,2024-09-13
IN0020200054,07.16 GS 2050,1022.015,CCIL 09-13-2024.xls,2024-09-13
IN0020230176,07.37 GOI SGRB 2054,11.582,CCIL 09-13-2024.xls,2024-09-13
IN0020240050,07.04 GS 2029,7493.485,CCIL 09-20-2024.xls,2024-09-20
IN0020230085,07.18 GS 2033,31251.889,CCIL 09-20-2024.xls,2024-09-20
IN0020220037,07.38 GS 2027,14158.848,CCIL 09-20-2024.xls,2024-09-20
IN0020230010,07.06 GS 2028,11552.524,CCIL 09-20-2024.xls,2024-09-20
IN0020210186,05.74 GS 2026,6556.735,CCIL 09-20-2024.xls,2024-09-20
IN0020210012,05.63 GS 2026,13899.25,CCIL 09-20-2024.xls,2024-09-20
IN0020230135,07.32 GS 2030,6891.759,CCIL 09-20-2024.xls,2024-09-20
IN0020230101,07.37 GS 2028,7000.242,CCIL 09-20-2024.xls,2024-09-20
IN0020240076,07.02 GS 2031,3774.556,CCIL 09-20-2024.xls,2024-09-20
IN0020230077,07.18 GS 2037,14540.689,CCIL 09-20-2024.xls,2024-09-20
IN0020200112,05.22 GS 2025,9194.026,CCIL 09-20-2024.xls,2024-09-20
IN0020240019,07.10 GS 2034,10978.611,CCIL 09-20-2024.xls,2024-09-20
IN0020220060,07.26 GS 2032,9737.663,CCIL 09-20-2024.xls,2024-09-20
IN0020220011,07.10 GS 2029,10335.502,CCIL 09-20-2024.xls,2024-09-20
IN0020220102,07.41 GS 2036,8779.079,CCIL 09-20-2024.xls,2024-09-20
IN0020230051,07.30 GS 2053,10289.127,CCIL 09-20-2024.xls,2024-09-20
IN0020230036,07.17 GS 2030,5381.308,CCIL 09-20-2024.xls,2024-09-20
IN0020210244,06.54 GS 2032,7824.389,CCIL 09-20-2024.xls,2024-09-20
IN0020180454,07.26 GS 2029,6557.602,CCIL 09-20-2024.xls,2024-09-20
IN0020220151,07.26 GS 2033,6225.811,CCIL 09-20-2024.xls,2024-09-20
IN0020200153,05.77 GS 2030,4949.255,CCIL 09-20-2024.xls,2024-09-20
IN0020210095,06.10 GS 2031,5712.781,CCIL 09-20-2024.xls,2024-09-20
IN0020190362,06.45 GS 2029,4150.071,CCIL 09-20-2024.xls,2024-09-20
IN0020220144,07.29 GOI SGRB 2033,274.26,CCIL 09-20-2024.xls,2024-09-20
IN0020220029,07.54 GS 2036,5003.273,CCIL 09-20-2024.xls,2024-09-20
IN0020190396,06.18 GS 2024,2426.089,CCIL 09-20-2024.xls,2024-09-20
IN0020200252,06.67 GS 2050,3772.329,CCIL 09-20-2024.xls,2024-09-20
IN0020200070,05.79 GS 2030,2776.465,CCIL 09-20-2024.xls,2024-09-20
IN0020200278,05.15 GS 2025,2447.848,CCIL 09-20-2024.xls,2024-09-20
IN0020200294,05.85 GS 2030,2492.82,CCIL 09-20-2024.xls,2024-09-20
IN0020210194,06.99 GS 2051,2566.006,CCIL 09-20-2024.xls,2024-09-20
IN0020230150,07.24 GOI SGRB 2033,84.0,CCIL 09-20-2024.xls,2024-09-20
IN0020220086,07.36 GS 2052,2665.6,CCIL 09-20-2024.xls,2024-09-20
IN0020220136,07.10 GOI SGRB 2028,120.555,CCIL 09-20-2024.xls,2024-09-20
IN0020230143,07.25 GOI SGRB 2028,66.33,CCIL 09-20-2024.xls,2024-09-20
IN0020190032,07.72 GS 2049,872.894,CCIL 09-20-2024.xls,2024-09-20
IN0020200054,07.16 GS 2050,1027.592,CCIL 09-20-2024.xls,2024-09-20
IN0020230176,07.37 GOI SGRB 2054,11.582,CCIL 09-20-2024.xls,2024-09-20
IN0020230085,07.18 GS 2033,24043.193,CCIL 07-26-2024.xls,2024-07-26
IN0020210186,05.74 GS 2026,6704.192,CCIL 07-26-2024.xls,2024-07-26
IN0020230010,07.06 GS 2028,11465.328,CCIL 07-26-2024.xls,2024-07-26
IN0020230101,07.37 GS 2028,6780.055,CCIL 07-26-2024.xls,2024-07-26
IN0020220037,07.38 GS 2027,11370.874,CCIL 07-26-2024.xls,2024-07-26
IN0020210012,05.63 GS 2026,12951.013,CCIL 07-26-2024.xls,2024-07-26
IN0020200112,05.22 GS 2025,8291.843,CCIL 07-26-2024.xls,2024-07-26
IN0020240019,07.10 GS 2034,8239.741,CCIL 07-26-2024.xls,2024-07-26
IN0020240050,07.04 GS 2029,1499.322,CCIL 07-26-2024.xls,2024-07-26
IN0020230135,07.32 GS 2030,4302.559,CCIL 07-26-2024.xls,2024-07-26
IN0020220011,07.10 GS 2029,9627.103,CCIL 07-26-2024.xls,2024-07-26
IN0020230077,07.18 GS 2037,9991.432,CCIL 07-26-2024.xls,2024-07-26
IN0020220060,07.26 GS 2032,8534.195,CCIL 07-26-2024.xls,2024-07-26
IN0020240076,07.02 GS 2031,1192.102,CCIL 07-26-2024.xls,2024-07-26
IN0020220102,07.41 GS 2036,7911.608,CCIL 07-26-2024.xls,2024-07-26
IN0020180454,07.26 GS 2029,5885.597,CCIL 07-26-2024.xls,2024-07-26
IN0020220151,07.26 GS 2033,6513.418,CCIL 07-26-2024.xls,2024-07-26
IN0020230051,07.30 GS 2053,8084.139,CCIL 07-26-2024.xls,2024-07-26
IN0020210095,06.10 GS 2031,5516.173,CCIL 07-26-2024.xls,2024-07-26
IN0020230036,07.17 GS 2030,3733.452,CCIL 07-26-2024.xls,2024-07-26
IN0020210244,06.54 GS 2032,5628.697,CCIL 07-26-2024.xls,2024-07-26
IN0020220144,07.29 GOI SGRB 2033,287.902,CCIL 07-26-2024.xls,2024-07-26
IN0020190362,06.45 GS 2029,4030.827,CCIL 07-26-2024.xls,2024-07-26
IN0020190396,06.18 GS 2024,2511.089,CCIL 07-26-2024.xls,2024-07-26
IN0020200153,05.77 GS 2030,3670.858,CCIL 07-26-2024.xls,2024-07-26
IN0020220029,07.54 GS 2036,4503.67,CCIL 07-26-2024.xls,2024-07-26
IN0020200070,05.79 GS 2030,2750.429,CCIL 07-26-2024.xls,2024-07-26
IN0020200252,06.67 GS 2050,3328.673,CCIL 07-26-2024.xls,2024-07-26
IN0020200278,05.15 GS 2025,2426.946,CCIL 07-26-2024.xls,2024-07-26
IN0020200294,05.85 GS 2030,2304.82,CCIL 07-26-2024.xls,2024-07-26
IN0020220086,07.36 GS 2052,2658.376,CCIL 07-26-2024.xls,2024-07-26
IN0020230150,07.24 GOI SGRB 2033,69.0,CCIL 07-26-2024.xls,2024-07-26
IN0020210194,06.99 GS 2051,1776.263,CCIL 07-26-2024.xls,2024-07-26
IN0020200054,07.16 GS 2050,909.154,CCIL 07-26-2024.xls,2024-07-26
IN0020190032,07.72 GS 2049,618.908,CCIL 07-26-2024.xls,2024-07-26
IN0020220136,07.10 GOI SGRB 2028,50.549,CCIL 07-26-2024.xls,2024-07-26
IN0020230143,07.25 GOI SGRB 2028,0.0,CCIL 07-26-2024.xls,2024-07-26
IN0020230176,07.37 GOI SGRB 2054,0.0,CCIL 07-26-2024.xls,2024-07-26
IN0020240050,07.04 GS 2029,6723.068,CCIL 08-30-2024.xls,2024-08-30
IN0020230085,07.18 GS 2033,24297.69,CCIL 08-30-2024.xls,2024-08-30
IN0020220037,07.38 GS 2027,13292.465,CCIL 08-30-2024.xls,2024-08-30
IN0020230010,07.06 GS 2028,11625.494,CCIL 08-30-2024.xls,2024-08-30
IN0020210186,05.74 GS 2026,6546.558,CCIL 08-30-2024.xls,2024-08-30
IN0020240019,07.10 GS 2034,13806.066,CCIL 08-30-2024.xls,2024-08-30
IN0020230135,07.32 GS 2030,6527.646,CCIL 08-30-2024.xls,2024-08-30
IN0020210012,05.63 GS 2026,12739.68,CCIL 08-30-2024.xls,2024-08-30
IN0020230101,07.37 GS 2028,6569.892,CCIL 08-30-2024.xls,2024-08-30
IN0020200112,05.22 GS 2025,8820.846,CCIL 08-30-2024.xls,2024-08-30
IN0020230077,07.18 GS 2037,13126.165,CCIL 08-30-2024.xls,2024-08-30
IN0020220060,07.26 GS 2032,9731.385,CCIL 08-30-2024.xls,2024-08-30
IN0020220011,07.10 GS 2029,10219.429,CCIL 08-30-2024.xls,2024-08-30
IN0020240076,07.02 GS 2031,1971.976,CCIL 08-30-2024.xls,2024-08-30
IN0020220102,07.41 GS 2036,8462.645,CCIL 08-30-2024.xls,2024-08-30
IN0020230036,07.17 GS 2030,5288.448,CCIL 08-30-2024.xls,2024-08-30
IN0020180454,07.26 GS 2029,6557.862,CCIL 08-30-2024.xls,2024-08-30
IN0020230051,07.30 GS 2053,9684.314,CCIL 08-30-2024.xls,2024-08-30
IN0020210244,06.54 GS 2032,6820.64,CCIL 08-30-2024.xls,2024-08-30
IN0020220151,07.26 GS 2033,6032.246,CCIL 08-30-2024.xls,2024-08-30
IN0020200153,05.77 GS 2030,4904.695,CCIL 08-30-2024.xls,2024-08-30
IN0020210095,06.10 GS 2031,5654.455,CCIL 08-30-2024.xls,2024-08-30
IN0020190362,06.45 GS 2029,4168.03,CCIL 08-30-2024.xls,2024-08-30
IN0020220144,07.29 GOI SGRB 2033,283.727,CCIL 08-30-2024.xls,2024-08-30
IN0020220029,07.54 GS 2036,4955.662,CCIL 08-30-2024.xls,2024-08-30
IN0020190396,06.18 GS 2024,2431.089,CCIL 08-30-2024.xls,2024-08-30
IN0020200070,05.79 GS 2030,2778.789,CCIL 08-30-2024.xls,2024-08-30
IN0020200252,06.67 GS 2050,3646.962,CCIL 08-30-2024.xls,2024-08-30
IN0020200278,05.15 GS 2025,2437.978,CCIL 08-30-2024.xls,2024-08-30
IN0020200294,05.85 GS 2030,2419.017,CCIL 08-30-2024.xls,2024-08-30
IN0020210194,06.99 GS 2051,2572.136,CCIL 08-30-2024.xls,2024-08-30
IN0020230150,07.24 GOI SGRB 2033,84.0,CCIL 08-30-2024.xls,2024-08-30
IN0020220136,07.10 GOI SGRB 2028,128.603,CCIL 08-30-2024.xls,2024-08-30
IN0020220086,07.36 GS 2052,2505.985,CCIL 08-30-2024.xls,2024-08-30
IN0020230143,07.25 GOI SGRB 2028,66.33,CCIL 08-30-2024.xls,2024-08-30
IN0020190032,07.72 GS 2049,853.824,CCIL 08-30-2024.xls,2024-08-30
IN0020200054,07.16 GS 2050,962.525,CCIL 08-30-2024.xls,2024-08-30
IN0020230176,07.37 GOI SGRB 2054,11.582,CCIL 08-30-2024.xls,2024-08-30
IN0020230085,07.18 GS 2033,23214.577,CCIL 08-23-2024.xls,2024-08-23
IN0020230010,07.06 GS 2028,11811.193,CCIL 08-23-2024.xls,2024-08-23
IN0020220037,07.38 GS 2027,13346.088,CCIL 08-23-2024.xls,2024-08-23
IN0020210186,05.74 GS 2026,6537.858,CCIL 08-23-2024.xls,2024-08-23
IN0020240019,07.10 GS 2034,13528.875,CCIL 08-23-2024.xls,2024-08-23
IN0020210012,05.63 GS 2026,12916.42,CCIL 08-23-2024.xls,2024-08-23
IN0020230101,07.37 GS 2028,6585.447,CCIL 08-23-2024.xls,2024-08-23
IN0020230135,07.32 GS 2030,6058.724,CCIL 08-23-2024.xls,2024-08-23
IN0020200112,05.22 GS 2025,8649.846,CCIL 08-23-2024.xls,2024-08-23
IN0020230077,07.18 GS 2037,12199.775,CCIL 08-23-2024.xls,2024-08-23
IN0020240050,07.04 GS 2029,2435.293,CCIL 08-23-2024.xls,2024-08-23
IN0020220011,07.10 GS 2029,10139.954,CCIL 08-23-2024.xls,2024-08-23
IN0020220060,07.26 GS 2032,9204.473,CCIL 08-23-2024.xls,2024-08-23
IN0020220102,07.41 GS 2036,8075.827,CCIL 08-23-2024.xls,2024-08-23
IN0020180454,07.26 GS 2029,6511.382,CCIL 08-23-2024.xls,2024-08-23
IN0020240076,07.02 GS 2031,1555.566,CCIL 08-23-2024.xls,2024-08-23
IN0020230051,07.30 GS 2053,8828.896,CCIL 08-23-2024.xls,2024-08-23
IN0020210244,06.54 GS 2032,6531.488,CCIL 08-23-2024.xls,2024-08-23
IN0020220151,07.26 GS 2033,5890.256,CCIL 08-23-2024.xls,2024-08-23
IN0020210095,06.10 GS 2031,5743.355,CCIL 08-23-2024.xls,2024-08-23
IN0020230036,07.17 GS 2030,3851.012,CCIL 08-23-2024.xls,2024-08-23
IN0020200153,05.77 GS 2030,4495.084,CCIL 08-23-2024.xls,2024-08-23
IN0020190362,06.45 GS 2029,4168.03,CCIL 08-23-2024.xls,2024-08-23
IN0020220144,07.29 GOI SGRB 2033,283.727,CCIL 08-23-2024.xls,2024-08-23
IN0020190396,06.18 GS 2024,2431.089,CCIL 08-23-2024.xls,2024-08-23
IN0020220029,07.54 GS 2036,4815.988,CCIL 08-23-2024.xls,2024-08-23
IN0020200070,05.79 GS 2030,2761.789,CCIL 08-23-2024.xls,2024-08-23
IN0020200252,06.67 GS 2050,3575.177,CCIL 08-23-2024.xls,2024-08-23
IN0020200278,05.15 GS 2025,2437.978,CCIL 08-23-2024.xls,2024-08-23
IN0020200294,05.85 GS 2030,2382.617,CCIL 08-23-2024.xls,2024-08-23
IN0020220086,07.36 GS 2052,2779.716,CCIL 08-23-2024.xls,2024-08-23
IN0020220136,07.10 GOI SGRB 2028,129.544,CCIL 08-23-2024.xls,2024-08-23
IN0020210194,06.99 GS 2051,2055.236,CCIL 08-23-2024.xls,2024-08-23
IN0020230143,07.25 GOI SGRB 2028,68.48,CCIL 08-23-2024.xls,2024-08-23
IN0020200054,07.16 GS 2050,973.376,CCIL 08-23-2024.xls,2024-08-23
IN0020230150,07.24 GOI SGRB 2033,44.0,CCIL 08-23-2024.xls,2024-08-23
IN0020190032,07.72 GS 2049,688.924,CCIL 08-23-2024.xls,2024-08-23
IN0020230176,07.37 GOI SGRB 2054,3.9,CCIL 08-23-2024.xls,2024-08-23
IN0020220037,07.38 GS 2027,15377.553,CCIL 11-08-2024.xls,2024-11-08
IN0020230085,07.18 GS 2033,25599.4,CCIL 11-08-2024.xls,2024-11-08
IN0020230101,07.37 GS 2028,8514.337,CCIL 11-08-2024.xls,2024-11-08
IN0020240050,07.04 GS 2029,8301.81,CCIL 11-08-2024.xls,2024-11-08
IN0020200112,05.22 GS 2025,10626.598,CCIL 11-08-2024.xls,2024-11-08
IN0020210012,05.63 GS 2026,14733.03,CCIL 11-08-2024.xls,2024-11-08
IN0020230010,07.06 GS 2028,11948.197,CCIL 11-08-2024.xls,2024-11-08
IN0020240019,07.10 GS 2034,15392.217,CCIL 11-08-2024.xls,2024-11-08
IN0020240076,07.02 GS 2031,4486.89,CCIL 11-08-2024.xls,2024-11-08
IN0020230135,07.32 GS 2030,5643.363,CCIL 11-08-2024.xls,2024-11-08
IN0020230077,07.18 GS 2037,13461.542,CCIL 11-08-2024.xls,2024-11-08
IN0020220060,07.26 GS 2032,10555.446,CCIL 11-08-2024.xls,2024-11-08
IN0020220011,07.10 GS 2029,9960.835,CCIL 11-08-2024.xls,2024-11-08
IN0020210186,05.74 GS 2026,3842.615,CCIL 11-08-2024.xls,2024-11-08
IN0020230051,07.30 GS 2053,11049.6,CCIL 11-08-2024.xls,2024-11-08
IN0020210244,06.54 GS 2032,8530.532,CCIL 11-08-2024.xls,2024-11-08
IN0020220144,07.29 GOI SGRB 2033,426.025,CCIL 11-08-2024.xls,2024-11-08
IN0020180454,07.26 GS 2029,6625.72,CCIL 11-08-2024.xls,2024-11-08
IN0020220151,07.26 GS 2033,7422.289,CCIL 11-08-2024.xls,2024-11-08
IN0020230036,07.17 GS 2030,4548.434,CCIL 11-08-2024.xls,2024-11-08
IN0020220102,07.41 GS 2036,6607.317,CCIL 11-08-2024.xls,2024-11-08
IN0020210095,06.10 GS 2031,6347.388,CCIL 11-08-2024.xls,2024-11-08
IN0020200153,05.77 GS 2030,5068.298,CCIL 11-08-2024.xls,2024-11-08
IN0020190362,06.45 GS 2029,4274.378,CCIL 11-08-2024.xls,2024-11-08
IN0020200278,05.15 GS 2025,3146.243,CCIL 11-08-2024.xls,2024-11-08
IN0020200252,06.67 GS 2050,4062.784,CCIL 11-08-2024.xls,2024-11-08
IN0020220029,07.54 GS 2036,3844.04,CCIL 11-08-2024.xls,2024-11-08
IN0020200070,05.79 GS 2030,2697.797,CCIL 11-08-2024.xls,2024-11-08
IN0020200294,05.85 GS 2030,2468.204,CCIL 11-08-2024.xls,2024-11-08
IN0020220086,07.36 GS 2052,3120.738,CCIL 11-08-2024.xls,2024-11-08
IN0020210194,06.99 GS 2051,2787.119,CCIL 11-08-2024.xls,2024-11-08
IN0020220136,07.10 GOI SGRB 2028,114.802,CCIL 11-08-2024.xls,2024-11-08
IN0020190032,07.72 GS 2049,1053.858,CCIL 11-08-2024.xls,2024-11-08
IN0020230150,07.24 GOI SGRB 2033,59.0,CCIL 11-08-2024.xls,2024-11-08
IN0020200054,07.16 GS 2050,1190.036,CCIL 11-08-2024.xls,2024-11-08
IN0020230143,07.25 GOI SGRB 2028,37.86,CCIL 11-08-2024.xls,2024-11-08
IN0020240126,06.79 GS 2034,308.718,CCIL 11-08-2024.xls,2024-11-08
IN0020230176,07.37 GOI SGRB 2054,32.582,CCIL 11-08-2024.xls,2024-11-08
