id,Movie Name,release year,Production Budget (USD),Domestic Gross (USD),Worldwide Gross (USD),Domestic Box Office (USD),International Box Office (USD),Worldwide Box Office (USD),Total Est. Domestic Video Sales (USD),Opening Weekend (USD),MPAA Rating
1,Star Wars Ep. VII: The Force Awakens,2015,533200000,936662225,2056046835,936662225.0,1119384610.0,2056046835.0,191160811.0,247966675.0,PG-13
2,Avatar: The Way of Water,2022,460000000,684075767,2315589775,684075767.0,1631514008.0,2315589775.0,19136524.0,134100226.0,PG-13
3,Indiana Jones and the Dial of Destiny,2023,402300000,174480468,383963057,174480468.0,209482589.0,383963057.0,,60368101.0,PG-13
4,Avengers: Endgame,2019,400000000,858373000,2748242781,858373000.0,1889869781.0,2748242781.0,107868989.0,357115007.0,PG-13
5,Mission: Impossible—The Final Reckoning,2025,400000000,0,0,,,,,,
6,Pirates of the Caribbean: On Stranger Tides,2011,379000000,241071802,1045713802,241071802.0,804642000.0,1045713802.0,92784352.0,90151958.0,PG-13
7,Avengers: Age of Ultron,2015,365000000,459005868,1395316979,459005868.0,936311111.0,1395316979.0,91689627.0,191271109.0,PG-13
8,Fast X,2023,340000000,146126015,714375114,146126015.0,568249099.0,714375114.0,11503959.0,67017410.0,PG-13
9,Solo: A Star Wars Story,2018,330400000,213767512,393151347,213767512.0,179383835.0,393151347.0,56107490.0,84420489.0,PG-13
10,Avengers: Infinity War,2018,300000000,678815482,2048359754,678815482.0,1369544272.0,2048359754.0,104094022.0,257698183.0,PG-13
11,Pirates of the Caribbean: At World’s End,2007,300000000,309420425,960996492,309420425.0,651576067.0,960996492.0,307266677.0,114732820.0,PG-13
12,Justice League,2017,300000000,229024295,655945209,229024295.0,426920914.0,655945209.0,74799177.0,93842239.0,PG-13
13,Mission: Impossible Dead Reckoning Part One,2023,290000000,172640980,566644143,172640980.0,394003163.0,566644143.0,1523633.0,54688347.0,PG-13
14,Rogue One: A Star Wars Story,2016,280200000,533539991,1055083596,533539991.0,521543605.0,1055083596.0,88153039.0,155081681.0,PG-13
15,Star Wars: The Rise of Skywalker,2019,275000000,515202542,1069951814,515202542.0,554749272.0,1069951814.0,68432211.0,177383864.0,PG-13
16,The Marvels,2023,274800000,84500223,199706250,84500223.0,115206027.0,199706250.0,,46110859.0,PG-13
17,John Carter,2012,263700000,73058679,282778100,73058679.0,209719421.0,282778100.0,41989564.0,30180188.0,PG-13
18,Batman v Superman: Dawn of Justice,2016,263000000,330360194,872395091,330360194.0,542034897.0,872395091.0,82496380.0,166007347.0,PG-13
19,Star Wars Ep. VIII: The Last Jedi,2017,262000000,620181382,1322581071,620181382.0,702399689.0,1322581071.0,102490287.0,220009584.0,PG-13
20,The Lion King,2019,260000000,543638043,1661454403,543638043.0,1117816360.0,1661454403.0,52166887.0,191770759.0,PG
21,Tangled,2010,260000000,200821936,582440151,200821936.0,381618215.0,582440151.0,236647186.0,48767052.0,PG
22,Spider-Man 3,2007,258000000,337607351,895937268,337607351.0,558329917.0,895937268.0,127490154.0,151116516.0,PG-13
23,Black Panther: Wakanda Forever,2022,250000000,453829060,853985546,453829060.0,400156486.0,853985546.0,9081606.0,181339761.0,PG-13
24,Captain America: Civil War,2016,250000000,408084349,1151899586,408084349.0,743815237.0,1151899586.0,85992348.0,179139142.0,PG-13
25,Guardians of the Galaxy Vol 3,2023,250000000,358995815,845163792,358995815.0,486167977.0,845163792.0,13196774.0,118414021.0,PG-13
26,Thor: Love and Thunder,2022,250000000,343256830,760928081,343256830.0,417671251.0,760928081.0,18649878.0,144165107.0,PG-13
27,Harry Potter and the Half-Blood Prince,2009,250000000,302854063,926556531,302854063.0,623702468.0,926556531.0,177597765.0,77835727.0,PG
28,The Little Mermaid,2023,250000000,298172056,569626289,298172056.0,271454233.0,569626289.0,3504264.0,95578040.0,PG
29,The Hobbit: The Desolation of Smaug,2013,250000000,258241522,959358436,258241522.0,701116914.0,959358436.0,107101200.0,73645197.0,PG-13
30,The Hobbit: The Battle of the Five Armies,2014,250000000,255119788,940323039,255119788.0,685203251.0,940323039.0,77939946.0,54724334.0,PG-13
31,The Fate of the Furious,2017,250000000,225764765,1235534014,225764765.0,1009769249.0,1235534014.0,48797884.0,98786705.0,PG-13
32,Gladiator II,2024,250000000,172415698,460515698,172415698.0,288100000.0,460515698.0,,55034715.0,R
33,No Time to Die,2021,250000000,160891007,758929771,160891007.0,598038764.0,758929771.0,31555270.0,55225007.0,PG-13
34,Spectre,2015,245000000,200074175,879077344,200074175.0,679003169.0,879077344.0,37561508.0,70403148.0,PG-13
35,Avatar,2009,237000000,785221649,2923706026,785221649.0,2138484377.0,2923706026.0,432535014.0,77025481.0,PG-13
36,Superman Returns,2006,232000000,200120000,391081192,200120000.0,190961192.0,391081192.0,82266204.0,52535096.0,PG-13
37,The Dark Knight Rises,2012,230000000,448139099,1082228107,448139099.0,634089008.0,1082228107.0,158349514.0,160887295.0,PG-13
38,Pirates of the Caribbean: Dead Men Tell No Tales,2017,230000000,172558876,794861794,172558876.0,622302918.0,794861794.0,34123351.0,62983253.0,PG-13
39,Quantum of Solace,2008,230000000,169368427,591692078,169368427.0,422323651.0,591692078.0,58780547.0,67528882.0,PG-13
40,The Avengers,2012,225000000,623357910,1515100211,623357910.0,891742301.0,1515100211.0,252062577.0,207438708.0,PG-13
41,Pirates of the Caribbean: Dead Man’s Chest,2006,225000000,423315812,1066179725,423315812.0,642863913.0,1066179725.0,330761201.0,135634554.0,PG-13
42,Man of Steel,2013,225000000,291045518,667999518,291045518.0,376954000.0,667999518.0,120814567.0,116619362.0,PG-13
43,The Chronicles of Narnia: Prince Caspian,2008,225000000,141621490,417341288,141621490.0,275719798.0,417341288.0,90597892.0,55034805.0,PG
44,The Lone Ranger,2013,225000000,89302115,260002115,89302115.0,170700000.0,260002115.0,48001852.0,29210849.0,PG-13
45,The Amazing Spider-Man,2012,220000000,262717220,758576824,262717220.0,495859604.0,758576824.0,113791756.0,62004688.0,PG-13
46,Battleship,2012,220000000,65233400,313477717,65233400.0,248244317.0,313477717.0,34263892.0,25534825.0,PG-13
47,Transformers: The Last Knight,2017,217000000,130168683,602893340,130168683.0,472724657.0,602893340.0,36329486.0,44680073.0,PG-13
48,Jurassic World,2015,215000000,653406625,1671063641,653406625.0,1017657016.0,1671063641.0,150254746.0,208806270.0,PG-13
49,Men in Black 3,2012,215000000,179020854,654213485,179020854.0,475192631.0,654213485.0,55035003.0,54592779.0,PG-13
50,Transformers: Revenge of the Fallen,2009,210000000,402111870,836519699,402111870.0,434407829.0,836519699.0,276022505.0,108966307.0,PG-13
51,Transformers: Age of Extinction,2014,210000000,245439076,1104054072,245439076.0,858614996.0,1104054072.0,65260589.0,100038390.0,PG-13
52,X-Men: The Last Stand,2006,210000000,234362462,459260946,234362462.0,224898484.0,459260946.0,106061586.0,102750665.0,PG-13
53,Robin Hood,2010,210000000,105487148,322459006,105487148.0,216971858.0,322459006.0,64157042.0,36063385.0,PG-13
54,King Kong,2005,207000000,218080025,550517357,218080025.0,332437332.0,550517357.0,146378690.0,50130145.0,PG-13
55,Aquaman and the Lost Kingdom,2023,205000000,124481226,439381226,124481226.0,314900000.0,439381226.0,,27686211.0,PG-13
56,The Golden Compass,2007,205000000,70107728,367262558,70107728.0,297154830.0,367262558.0,41953948.0,25783232.0,PG-13
57,Tenet,2020,205000000,59473550,366273550,59473550.0,306800000.0,366273550.0,28062331.0,20001852.0,PG-13
58,Spider-Man: No Way Home,2021,200000000,814811535,1921206586,814811535.0,1106395051.0,1921206586.0,46193441.0,260138569.0,PG-13
59,Black Panther,2018,200000000,700059566,1334157082,700059566.0,634097516.0,1334157082.0,104538463.0,202003951.0,PG-13
60,Titanic,1997,200000000,674460013,2223048786,674460013.0,1548588773.0,2223048786.0,,28638131.0,PG-13
61,Inside Out 2,2024,200000000,652980194,1698863816,652980194.0,1045883622.0,1698863816.0,,154201673.0,PG
62,Deadpool & Wolverine,2024,200000000,636745858,1338071348,636745858.0,701325490.0,1338071348.0,,211435291.0,R
63,Incredibles 2,2018,200000000,608581744,1242805359,608581744.0,634223615.0,1242805359.0,72125943.0,182687905.0,PG
64,Finding Dory,2016,200000000,486295561,1025006125,486295561.0,538710564.0,1025006125.0,98021195.0,135060273.0,PG
65,Toy Story 4,2019,200000000,434038008,1071177215,434038008.0,637139207.0,1071177215.0,58623078.0,120908065.0,G
66,Toy Story 3,2010,200000000,415004880,1068879522,415004880.0,653874642.0,1068879522.0,260051759.0,110307189.0,G
67,Doctor Strange in the Multiverse of Madness,2022,200000000,411331607,952224986,411331607.0,540893379.0,952224986.0,17825537.0,187420998.0,PG-13
68,Iron Man 3,2013,200000000,408992272,1214630956,408992272.0,805638684.0,1214630956.0,87090445.0,174144585.0,PG-13
69,Guardians of the Galaxy Vol 2,2017,200000000,389813101,869087963,389813101.0,479274862.0,869087963.0,80474331.0,146510104.0,PG-13
70,Spider-Man 2,2004,200000000,374715055,795888127,374715055.0,421173072.0,795888127.0,,88156227.0,PG-13
71,The Batman,2022,200000000,369612903,772512903,369612903.0,402900000.0,772512903.0,18033584.0,134008624.0,PG-13
72,Alice in Wonderland,2010,200000000,334191110,1025491110,334191110.0,691300000.0,1025491110.0,121055710.0,116101023.0,PG
73,Skyfall,2012,200000000,304360277,1110526981,304360277.0,806166704.0,1110526981.0,101114383.0,88364714.0,PG-13
74,The Hobbit: An Unexpected Journey,2012,200000000,303003568,1014938545,303003568.0,711934977.0,1014938545.0,146211370.0,84617303.0,PG-13
75,Monsters University,2013,200000000,268488329,743455810,268488329.0,474967481.0,743455810.0,134199334.0,82429469.0,G
76,Oz the Great and Powerful,2013,200000000,234770996,490359051,234770996.0,255588055.0,490359051.0,53294955.0,79110453.0,PG
77,X-Men: Days of Future Past,2014,200000000,233921534,747862775,233921534.0,513941241.0,747862775.0,77903435.0,90823660.0,PG-13
78,Mufasa: The Lion King,2024,200000000,221468955,627996941,221468955.0,406527986.0,627996941.0,,35409365.0,PG
79,Ant-Man and the Wasp: Quantumania,2023,200000000,214506909,463635303,214506909.0,249128394.0,463635303.0,5150104.0,106109650.0,PG-13
80,The Amazing Spider-Man 2,2014,200000000,203530343,709672746,203530343.0,506142403.0,709672746.0,48685399.0,91608337.0,PG-13
81,Cars 2,2011,200000000,191450875,560155383,191450875.0,368704508.0,560155383.0,147363005.0,66135507.0,G
82,Black Widow,2021,200000000,183651655,379751131,183651655.0,196099476.0,379751131.0,23280248.0,80366312.0,PG-13
83,Fast & Furious Presents: Hobbs & Shaw,2019,200000000,173956935,760732926,173956935.0,586775991.0,760732926.0,48470144.0,60038950.0,PG-13
84,F9: The Fast Saga,2021,200000000,173005945,719360068,173005945.0,546354123.0,719360068.0,35602347.0,70043165.0,PG-13
85,Tron: Legacy,2010,200000000,172062763,399866199,172062763.0,227803436.0,399866199.0,61145135.0,44026211.0,PG
86,Black Adam,2022,200000000,168283344,393583344,168283344.0,225300000.0,393583344.0,16101531.0,67004323.0,PG-13
87,2012,2009,200000000,166112167,757677748,166112167.0,591565581.0,757677748.0,77585641.0,65237614.0,PG-13
88,Eternals,2021,200000000,164870264,401731759,164870264.0,236861495.0,401731759.0,6033313.0,71297219.0,PG-13
89,Fantastic Beasts: The Crimes of Grindelwald,2018,200000000,159555901,648455339,159555901.0,488899438.0,648455339.0,44567319.0,62163104.0,PG-13
90,Elemental,2023,200000000,154426697,484829737,154426697.0,330403040.0,484829737.0,2630861.0,29602429.0,PG
91,Terminator Salvation,2009,200000000,125322469,365491792,125322469.0,240169323.0,365491792.0,54757306.0,42558390.0,PG-13
92,Lightyear,2022,200000000,118307188,218878024,118307188.0,100570836.0,218878024.0,3687034.0,50577961.0,PG
93,Jungle Cruise,2021,200000000,116987516,210469803,116987516.0,93482287.0,210469803.0,8834887.0,35018731.0,PG-13
94,Green Lantern,2011,200000000,116601172,219535492,116601172.0,102934320.0,219535492.0,45877603.0,53174303.0,PG-13
95,The Flash,2023,200000000,108167507,271467507,108167507.0,163300000.0,271467507.0,5644384.0,55043679.0,PG-13
96,Red One,2024,200000000,97000759,185895441,97000759.0,88894682.0,185895441.0,,32106112.0,PG-13
97,Fantastic Beasts: The Secrets of Dumbledore,2022,200000000,95850844,407150844,95850844.0,311300000.0,407150844.0,19901138.0,42151256.0,PG-13
98,Prince of Persia: Sands of Time,2010,200000000,90759676,336359676,90759676.0,245600000.0,336359676.0,53207705.0,30095259.0,PG-13
99,Killers of the Flower Moon,2023,200000000,68035488,156432918,68035488.0,88397430.0,156432918.0,,23253655.0,R
100,Dark Phoenix,2019,200000000,65845974,246356895,65845974.0,180510921.0,246356895.0,22071372.0,32828348.0,PG-13
101,Wish,2023,200000000,63973821,240073909,63973821.0,176100088.0,240073909.0,,19698228.0,PG
102,Onward,2020,200000000,61555145,133357601,61555145.0,71802456.0,133357601.0,20377561.0,39119861.0,PG
103,Napoleon,2023,200000000,61524375,217917156,61524375.0,156392781.0,217917156.0,,20638887.0,R
104,Wonder Woman 1984,2020,200000000,46801036,169601036,46801036.0,122800000.0,169601036.0,39229080.0,16701957.0,PG-13
105,Argylle,2024,200000000,45207275,96214128,45207275.0,51006853.0,96214128.0,,17473540.0,PG-13
106,Mulan,2020,200000000,0,69973540,,69973540.0,69973540.0,24364888.0,,PG-13
107,The Tomorrow War,2021,200000000,0,19220000,,19220000.0,19220000.0,,,PG-13
108,The Gray Man,2022,200000000,0,451178,,451178.0,451178.0,,,PG-13
109,Transformers: Dark of the Moon,2011,195000000,352390543,1123794079,352390543.0,771403536.0,1123794079.0,113839579.0,97852865.0,PG-13
110,Transformers: Rise of the Beasts,2023,195000000,157341749,439241749,157341749.0,281900000.0,439241749.0,5647638.0,61045464.0,PG-13
111,The Mummy,2017,195000000,80101125,409953905,80101125.0,329852780.0,409953905.0,17242167.0,31668375.0,PG-13
112,Jack the Giant Slayer,2013,195000000,65187603,197687603,65187603.0,132500000.0,197687603.0,26815222.0,27202226.0,PG-13
113,Furious 7,2015,190000000,353007020,1511986364,353007020.0,1158979344.0,1511986364.0,72350342.0,147187040.0,PG-13
114,Dune: Part Two,2024,190000000,282709065,715209065,282709065.0,432500000.0,715209065.0,,82505391.0,PG-13
115,Star Trek Into Darkness,2013,190000000,228778661,467381584,228778661.0,238602923.0,467381584.0,80895024.0,70165559.0,PG-13
116,World War Z,2013,190000000,202706711,531861650,202706711.0,329154939.0,531861650.0,54414942.0,66411834.0,PG-13
117,The Great Gatsby,2013,190000000,144840419,353497733,144840419.0,208657314.0,353497733.0,49690624.0,50085184.0,PG-13
118,Disney’s A Christmas Carol,2009,190000000,137855863,315709697,137855863.0,177853834.0,315709697.0,68980633.0,30051075.0,PG
119,Pacific Rim,2013,190000000,101854397,411054397,101854397.0,309200000.0,411054397.0,59266840.0,37285325.0,PG-13
120,Joker: Folie à Deux,2024,190000000,58300287,207500287,58300287.0,149200000.0,207500287.0,,37678467.0,R
121,The Matrix Resurrections,2021,190000000,40463197,160163197,40463197.0,119700000.0,160163197.0,8754589.0,10749011.0,R
122,The Good Dinosaur,2015,187500000,123087120,333771037,123087120.0,210683917.0,333771037.0,65615715.0,39155217.0,PG
123,Iron Man,2008,186000000,318604126,584877827,318604126.0,266273701.0,584877827.0,198545283.0,102118668.0,PG-13
124,The Dark Knight,2008,185000000,536625724,1010086005,536625724.0,473460281.0,1010086005.0,300994333.0,158411483.0,PG-13
125,Indiana Jones and the Kingdom of the Crystal Skull,2008,185000000,317101119,786635413,317101119.0,469534294.0,786635413.0,119134599.0,100137835.0,PG-13
126,Brave,2012,185000000,237282182,554606532,237282182.0,317324350.0,554606532.0,198158891.0,66323594.0,PG
127,Kong: Skull Island,2017,185000000,168052812,568652812,168052812.0,400600000.0,568652812.0,40014669.0,61025472.0,PG-13
128,Star Trek Beyond,2016,185000000,158848340,335673708,158848340.0,176825368.0,335673708.0,42681742.0,59253211.0,PG-13
129,Maleficent: Mistress of Evil,2019,185000000,113929605,489181357,113929605.0,375251752.0,489181357.0,23179928.0,36948713.0,PG
130,Blade Runner 2049,2017,185000000,92054159,258157449,92054159.0,166103290.0,258157449.0,29628400.0,32753122.0,R
131,Terminator: Dark Fate,2019,185000000,62253077,250367666,62253077.0,188114589.0,250367666.0,26772236.0,29033832.0,R
132,The Suicide Squad,2021,185000000,55817425,168717425,55817425.0,112900000.0,168717425.0,15889142.0,26205415.0,R
133,Aladdin,2019,182000000,355559216,1046587513,355559216.0,691028297.0,1046587513.0,44448826.0,91500929.0,PG
134,Thor: Ragnarok,2017,180000000,315058289,850482778,315058289.0,535424489.0,850482778.0,74417166.0,122744989.0,PG-13
135,"The Chronicles of Narnia: The Lion, the Witch a…",2005,180000000,291710957,720539572,291710957.0,428828615.0,720539572.0,370026155.0,65556312.0,PG
136,Maleficent,2014,180000000,241407328,758536735,241407328.0,517129407.0,758536735.0,85281247.0,69431298.0,PG
137,Fantastic Beasts and Where to Find Them,2016,180000000,234037575,811724385,234037575.0,577686810.0,811724385.0,71049495.0,74403387.0,PG-13
138,WALL-E,2008,180000000,223808164,532508025,223808164.0,308699861.0,532508025.0,170209141.0,63087526.0,G
139,Rush Hour 3,2007,180000000,140125968,256585882,140125968.0,116459914.0,256585882.0,41582122.0,49100158.0,PG-13
140,The Legend of Tarzan,2016,180000000,126643061,348902025,126643061.0,222258964.0,348902025.0,25672918.0,38527856.0,PG-13
141,Hugo,2011,180000000,73864507,180047784,73864507.0,106183277.0,180047784.0,34648465.0,11364505.0,PG
142,Valerian and the City of a Thousand Planets,2017,180000000,40479370,215098356,40479370.0,174618986.0,215098356.0,12064765.0,17007624.0,PG-13
143,Jupiter Ascending,2015,179000000,47482519,184382519,47482519.0,136900000.0,184382519.0,19889374.0,18372372.0,PG-13
144,Mission: Impossible—Fallout,2018,178000000,220159104,786626183,220159104.0,566467079.0,786626183.0,23062791.0,61236534.0,PG-13
145,X-Men: Apocalypse,2016,178000000,155442489,542537546,155442489.0,387095057.0,542537546.0,33911037.0,65769562.0,PG-13
146,The Meg,2018,178000000,145443742,527267828,145443742.0,381824086.0,527267828.0,37125664.0,45402195.0,PG-13
147,Edge of Tomorrow,2014,178000000,100206256,367028980,100206256.0,266822724.0,367028980.0,28404201.0,28760246.0,PG-13
148,Captain Marvel,2019,175000000,426829839,1129576094,426829839.0,702746255.0,1129576094.0,67464088.0,153433423.0,PG-13
149,The Jungle Book,2016,175000000,364001123,951806722,364001123.0,587805599.0,951806722.0,47181799.0,103261464.0,PG
150,Inside Out,2015,175000000,356461711,850309035,356461711.0,493847324.0,850309035.0,122248292.0,90440272.0,PG
151,Spider-Man: Homecoming,2017,175000000,334580976,878852749,334580976.0,544271773.0,878852749.0,72050680.0,117027503.0,PG-13
152,Suicide Squad,2016,175000000,325100054,745744980,325100054.0,420644926.0,745744980.0,87563455.0,133682248.0,PG-13
153,Up,2009,175000000,293004164,731463377,293004164.0,438459213.0,731463377.0,307794072.0,68108790.0,PG
154,Coco,2017,175000000,210460015,796397165,210460015.0,585937150.0,796397165.0,85799719.0,50802605.0,PG
155,Ralph Breaks The Internet,2018,175000000,201091711,529290830,201091711.0,328199119.0,529290830.0,48090912.0,56237634.0,PG
156,Monsters vs. Aliens,2009,175000000,198351526,381687380,198351526.0,183335854.0,381687380.0,111814675.0,59321095.0,PG
157,Cars 3,2017,175000000,152901115,383541369,152901115.0,230640254.0,383541369.0,51955618.0,53688680.0,G
158,G.I. Joe: The Rise of Cobra,2009,175000000,150201498,302469017,150201498.0,152267519.0,302469017.0,89301087.0,54713046.0,PG-13
159,Wild Wild West,1999,175000000,113805681,221229335,113805681.0,107423654.0,221229335.0,,27687484.0,PG-13
160,The Mummy: Tomb of the Dragon Emperor,2008,175000000,102491776,405760225,102491776.0,303268449.0,405760225.0,44145118.0,40457770.0,PG-13
161,Evan Almighty,2007,175000000,100289690,174131329,100289690.0,73841639.0,174131329.0,39302627.0,31192615.0,PG
162,Waterworld,1995,175000000,88246220,264246220,88246220.0,176000000.0,264246220.0,,21171780.0,PG-13
163,Dolittle,2020,175000000,77047065,251509294,77047065.0,174462229.0,251509294.0,19021794.0,21844045.0,PG
164,King Arthur: Legend of the Sword,2017,175000000,39175066,139630336,39175066.0,100455270.0,139630336.0,17368901.0,15371270.0,PG-13
165,47 Ronin,2013,175000000,38362475,151716815,38362475.0,113354340.0,151716815.0,18162488.0,9910310.0,PG-13
166,Turning Red,2022,175000000,1399001,12271142,1399001.0,10872141.0,12271142.0,2119739.0,578047.0,PG
167,Top Gun: Maverick,2022,170000000,718732821,1455073504,718732821.0,736340683.0,1455073504.0,60687523.0,126707459.0,PG-13
168,Jurassic World: Fallen Kingdom,2018,170000000,417719760,1308323302,417719760.0,890603542.0,1308323302.0,68011580.0,148024610.0,PG-13
169,Guardians of the Galaxy,2014,170000000,333714112,770882395,333714112.0,437168283.0,770882395.0,151751102.0,94320883.0,PG-13
170,Iron Man 2,2010,170000000,312433331,621156389,312433331.0,308723058.0,621156389.0,186493856.0,128122480.0,PG-13
171,Captain America: The Winter Soldier,2014,170000000,259746958,714401889,259746958.0,454654931.0,714401889.0,79672062.0,95023721.0,PG-13
172,Dawn of the Planet of the Apes,2014,170000000,208545589,710644566,208545589.0,502098977.0,710644566.0,43309120.0,72611427.0,PG-13
173,The Polar Express,2004,170000000,196698043,320838625,196698043.0,124140582.0,320838625.0,,23325035.0,G
174,Snow White and the Huntsman,2012,170000000,155136755,401021746,155136755.0,245884991.0,401021746.0,51638840.0,56217700.0,PG-13
175,Terminator 3: Rise of the Machines,2003,170000000,150358296,433058296,150358296.0,282700000.0,433058296.0,,44041440.0,R
176,Van Helsing,2004,170000000,120150546,300150546,120150546.0,180000000.0,300150546.0,,51748040.0,PG-13
177,Dumbo,2019,170000000,114766307,353166307,114766307.0,238400000.0,353166307.0,24334319.0,45990748.0,PG
178,Godzilla: King of the Monsters,2019,170000000,110500138,383299914,110500138.0,272799776.0,383299914.0,36635922.0,47776293.0,PG-13
179,Tomorrowland,2015,170000000,93436322,206627518,93436322.0,113191196.0,206627518.0,12223446.0,33028165.0,PG
180,Alita: Battle Angel,2019,170000000,85838210,401900040,85838210.0,316061830.0,401900040.0,24660555.0,28525613.0,PG-13
181,Alice Through the Looking Glass,2016,170000000,77042381,276928112,77042381.0,199885731.0,276928112.0,12517153.0,26858726.0,PG
182,Furiosa: A Mad Max Saga,2024,168000000,67587546,174287546,67587546.0,106700000.0,174287546.0,,26326462.0,R
183,Jurassic World: Dominion,2022,165000000,376851080,1004004592,376851080.0,627153512.0,1004004592.0,32717060.0,145075625.0,PG-13
184,Shrek Forever After,2010,165000000,238736787,756244673,238736787.0,517507886.0,756244673.0,76521954.0,70838207.0,PG
185,Doctor Strange,2016,165000000,232641920,676343174,232641920.0,443701254.0,676343174.0,59768214.0,85058311.0,PG-13
186,Big Hero 6,2014,165000000,222527828,647263005,222527828.0,424735177.0,647263005.0,102424756.0,56215889.0,PG
187,How to Train Your Dragon,2010,165000000,217851976,495141736,217851976.0,277289760.0,495141736.0,201799069.0,43732319.0,PG
188,Interstellar,2014,165000000,203225563,642037037,203225563.0,438811474.0,642037037.0,53803151.0,47510360.0,PG-13
189,Wreck-It Ralph,2012,165000000,189412677,496511521,189412677.0,307098844.0,496511521.0,130513466.0,49038712.0,PG
190,Dune,2021,165000000,111031267,430153216,111031267.0,319121949.0,430153216.0,21001479.0,41011174.0,PG-13
191,Independence Day: Resurgence,2016,165000000,103144286,384169424,103144286.0,281025138.0,384169424.0,30849390.0,41039944.0,PG-13
192,Cowboys and Aliens,2011,163000000,100368560,176038324,100368560.0,75669764.0,176038324.0,50662981.0,36431290.0,PG-13
193,Beauty and the Beast,2017,160000000,504014165,1268697483,504014165.0,764683318.0,1268697483.0,89018299.0,174750616.0,PG
194,Spider-Man: Far From Home,2019,160000000,391362492,1132298674,391362492.0,740936182.0,1132298674.0,71455443.0,92579212.0,PG-13
195,Aquaman,2018,160000000,335061807,1131849702,335061807.0,796787895.0,1131849702.0,72457011.0,67873522.0,PG-13
196,Shrek the Third,2007,160000000,322719944,807330936,322719944.0,484610992.0,807330936.0,179087588.0,121629270.0,PG
197,Inception,2010,160000000,293662683,826873382,293662683.0,533210699.0,826873382.0,167458686.0,62785337.0,PG-13
198,The Hunger Games: Mockingjay - Part 2,2015,160000000,281723902,646219954,281723902.0,364496052.0,646219954.0,55251665.0,102665981.0,PG-13
199,Fast and Furious 6,2013,160000000,238679850,789300444,238679850.0,550620594.0,789300444.0,132125877.0,97375245.0,PG-13
200,Godzilla,2014,160000000,200676069,529076069,200676069.0,328400000.0,529076069.0,45169781.0,93188384.0,PG-13
201,Kingdom of the Planet of the Apes,2024,160000000,171130165,397369969,171130165.0,226239804.0,397369969.0,,58400788.0,PG-13
202,X-Men: First Class,2011,160000000,146408305,355408305,146408305.0,209000000.0,355408305.0,62207425.0,55101604.0,PG-13
203,The Curious Case of Benjamin Button,2008,160000000,127509326,329631958,127509326.0,202122632.0,329631958.0,46859909.0,26853816.0,PG-13
204,The Sorcerer's Apprentice,2010,160000000,63150991,217986320,63150991.0,154835329.0,217986320.0,38953065.0,17619622.0,PG
205,Poseidon,2006,160000000,60674817,181674817,60674817.0,121000000.0,181674817.0,20391408.0,22155410.0,PG-13
206,Warcraft,2016,160000000,47365290,438899824,47365290.0,391534534.0,438899824.0,17465838.0,24166110.0,PG-13
207,The Irishman,2019,159000000,0,914706,,914706.0,914706.0,,,R
208,Haunted Mansion,2023,157750000,67653287,114797989,67653287.0,47144702.0,114797989.0,1717906.0,24082475.0,PG-13
209,Deepwater Horizon,2016,156000000,61433527,122333118,61433527.0,60899591.0,122333118.0,15941604.0,20223544.0,PG-13
210,Twisters,2024,155000000,267762265,372186517,267762265.0,104424252.0,372186517.0,,81251415.0,PG-13
211,The Chronicles of Narnia: The Voyage of the Daw…,2010,155000000,104386950,418186950,104386950.0,313800000.0,418186950.0,46123494.0,24005069.0,PG
212,Godzilla vs. Kong,2021,155000000,100916094,470116094,100916094.0,369200000.0,470116094.0,36273956.0,32200000.0,PG-13
213,Terminator: Genisys,2015,155000000,89760956,432150894,89760956.0,342389938.0,432150894.0,26695329.0,27018486.0,PG-13
214,Pacific Rim: Uprising,2018,155000000,59874525,290930148,59874525.0,231055623.0,290930148.0,16682207.0,28116535.0,PG-13
215,Alexander,2004,155000000,34297191,167297191,34297191.0,133000000.0,167297191.0,,13687087.0,R
216,War for the Planet of the Apes,2017,152000000,146880162,489592267,146880162.0,342712105.0,489592267.0,22589104.0,56262929.0,PG-13
217,Pearl Harbor,2001,151500000,198539855,449239853,198539855.0,250699998.0,449239853.0,,59078912.0,PG-13
218,Barbie,2023,151000000,636785476,1447585476,636785476.0,810800000.0,1447585476.0,4312917.0,162022044.0,PG-13
219,Transformers,2007,151000000,319246193,708272592,319246193.0,389026399.0,708272592.0,303727551.0,70502384.0,PG-13
220,Frozen II,2019,150000000,477373578,1451653316,477373578.0,974279738.0,1451653316.0,81478649.0,130263358.0,PG
221,Moana 2,2024,150000000,450182382,1026162434,450182382.0,575980052.0,1026162434.0,,139787385.0,PG
222,Wonder Woman,2017,150000000,412563408,817691766,412563408.0,405128358.0,817691766.0,98834075.0,103251471.0,PG-13
223,Frozen,2013,150000000,400953009,1271023300,400953009.0,870070291.0,1271023300.0,417099450.0,243390.0,PG
224,Zootopia,2016,150000000,341268248,1025485003,341268248.0,684216755.0,1025485003.0,111866588.0,75063401.0,PG
225,Harry Potter and the Order of the Phoenix,2007,150000000,293108509,937970397,293108509.0,644861888.0,937970397.0,236779575.0,77108414.0,PG-13
226,Harry Potter and the Goblet of Fire,2005,150000000,291147424,886123994,291147424.0,594976570.0,886123994.0,228635216.0,102685961.0,PG-13
227,The Matrix Reloaded,2003,150000000,281553689,738576929,281553689.0,457023240.0,738576929.0,,91774413.0,R
228,I am Legend,2007,150000000,256393010,585532684,256393010.0,329139674.0,585532684.0,136050919.0,77211321.0,PG-13
229,Moana,2016,150000000,248757044,684654985,248757044.0,435897941.0,684654985.0,147156691.0,56631401.0,PG
230,Hancock,2008,150000000,227946274,624234272,227946274.0,396287998.0,624234272.0,92993490.0,62603879.0,PG-13
231,Shang-Chi and the Legend of the Ten Rings,2021,150000000,224543292,432224634,224543292.0,207681342.0,432224634.0,14469069.0,75388688.0,PG-13
232,Charlie and the Chocolate Factory,2005,150000000,206459076,475825484,206459076.0,269366408.0,475825484.0,,56178450.0,PG
233,Ratatouille,2007,150000000,206445654,626549695,206445654.0,420104041.0,626549695.0,217081255.0,47027395.0,G
234,Thor: The Dark World,2013,150000000,206362140,644602516,206362140.0,438240376.0,644602516.0,94040087.0,85737841.0,PG-13
235,Batman Begins,2005,150000000,205343774,356770593,205343774.0,151426819.0,356770593.0,,48745440.0,PG-13
236,Mission: Impossible—Rogue Nation,2015,150000000,195042377,688858992,195042377.0,493816615.0,688858992.0,27937514.0,55520089.0,PG-13
237,Dunkirk,2017,150000000,190068280,509736928,190068280.0,319668648.0,509736928.0,34827747.0,50513488.0,PG-13
238,Thor,2011,150000000,181030624,449326618,181030624.0,268295994.0,449326618.0,95605600.0,65723338.0,PG-13
239,Madagascar: Escape 2 Africa,2008,150000000,180174880,599680774,180174880.0,419505894.0,599680774.0,115513069.0,63106589.0,PG
240,X-Men Origins: Wolverine,2009,150000000,179883157,374825760,179883157.0,194942603.0,374825760.0,112989600.0,85058003.0,PG-13
241,Night at the Museum: Battle of the Smithsonian,2009,150000000,177243721,402231063,177243721.0,224987342.0,402231063.0,66153755.0,54173286.0,PG
242,Kung Fu Panda 2,2011,150000000,165249063,664837547,165249063.0,499588484.0,664837547.0,58697540.0,47656302.0,PG
243,Mad Max: Fury Road,2015,150000000,154363726,380463726,154363726.0,226100000.0,380463726.0,56518848.0,45428128.0,R
244,Pokémon: Detective Pikachu,2019,150000000,144105346,428919826,144105346.0,284814480.0,428919826.0,39872089.0,54365242.0,PG
245,The Matrix Revolutions,2003,150000000,139270910,427300260,139270910.0,288029350.0,427300260.0,,48475154.0,R
246,Ready Player One,2018,150000000,137690172,579055653,137690172.0,441365481.0,579055653.0,30948265.0,41769050.0,PG-13
247,Chicken Little,2005,150000000,135386665,310043823,135386665.0,174657158.0,310043823.0,142727019.0,40049778.0,G
248,Mission: Impossible III,2006,150000000,133501348,399387745,133501348.0,265886397.0,399387745.0,51722712.0,47743273.0,PG-13
249,Angels & Demons,2009,150000000,133375846,490875846,133375846.0,357500000.0,490875846.0,50288990.0,46204168.0,PG-13
250,Troy,2004,150000000,133298577,483152040,133298577.0,349853463.0,483152040.0,,46865412.0,R
251,The Last Airbender,2010,150000000,131772187,319713881,131772187.0,187941694.0,319713881.0,49277382.0,40325019.0,PG
252,Bee Movie,2007,150000000,126631277,287594577,126631277.0,160963300.0,287594577.0,85955349.0,38021044.0,PG
253,G-Force,2009,150000000,119436770,292817841,119436770.0,173381071.0,292817841.0,64599699.0,31706934.0,PG
254,Bolt,2008,150000000,114053579,328015029,114053579.0,213961450.0,328015029.0,93791071.0,26223128.0,PG
255,Encanto,2021,150000000,96093622,231181871,96093622.0,135088249.0,231181871.0,12723621.0,27206494.0,PG
256,Dungeons & Dragons: Honor Among Thieves,2023,150000000,93549650,207854947,93549650.0,114305297.0,207854947.0,6603521.0,37205784.0,PG-13
257,Wrath of the Titans,2012,150000000,83670083,305270083,83670083.0,221600000.0,305270083.0,36251381.0,33457188.0,PG-13
258,Beowulf,2007,150000000,82280579,195080579,82280579.0,112800000.0,195080579.0,36825311.0,27515871.0,PG-13
259,Dark Shadows,2012,150000000,79727149,245564215,79727149.0,165837066.0,245564215.0,25446181.0,29685274.0,PG-13
260,White House Down,2013,150000000,73103784,205440387,73103784.0,132336603.0,205440387.0,28375658.0,24852258.0,PG-13
261,Space Jam: A New Legacy,2021,150000000,70592228,163692228,70592228.0,93100000.0,163692228.0,4958532.0,31053362.0,PG
262,The Wolfman,2010,150000000,62189884,142634358,62189884.0,80444474.0,142634358.0,27973303.0,31479235.0,R
263,The Great Wall,2016,150000000,45157105,334486852,45157105.0,289329747.0,334486852.0,14866028.0,18469620.0,PG-13
264,Pan,2015,150000000,35088320,151525973,35088320.0,116437653.0,151525973.0,12642259.0,15315435.0,PG
265,Mars Needs Moms,2011,150000000,21392758,39549758,21392758.0,18157000.0,39549758.0,7013615.0,6914488.0,PG
266,Moonfall,2022,150000000,19060660,59053195,19060660.0,39992535.0,59053195.0,3238672.0,9868997.0,PG-13
267,Red Notice,2021,150000000,0,173638,,173638.0,173638.0,,,PG-13
268,Beverly Hills Cop: Axel F,2024,150000000,0,0,,,,,,R
269,6 Underground,2019,150000000,0,0,,,,,,R
270,Flushed Away,2006,149000000,64665672,179357126,64665672.0,114691454.0,179357126.0,73652409.0,18814323.0,PG
271,Wicked,2024,145000000,469291370,716965700,469291370.0,247674330.0,716965700.0,,112508890.0,PG
272,Madagascar 3: Europe's Most Wanted,2012,145000000,216391482,746921271,216391482.0,530529789.0,746921271.0,78855921.0,60316738.0,PG
273,Mission: Impossible—Ghost Protocol,2011,145000000,209397903,694713230,209397903.0,485315327.0,694713230.0,47167902.0,12785204.0,PG-13
274,How to Train Your Dragon 2,2014,145000000,177002924,614586270,177002924.0,437583346.0,614586270.0,74950343.0,49451322.0,PG
275,Tarzan,1999,145000000,171091819,448191819,171091819.0,277100000.0,448191819.0,,34221968.0,G
276,Mr. Peabody & Sherman,2014,145000000,111506430,269806430,111506430.0,158300000.0,269806430.0,30813386.0,32207057.0,PG
277,Rise of the Guardians,2012,145000000,103412758,306941670,103412758.0,203528912.0,306941670.0,70134294.0,23773465.0,PG
278,Sahara,2005,145000000,68671925,121645390,68671925.0,52973465.0,121645390.0,,18068372.0,PG-13
279,Ghostbusters,2016,144000000,128350574,229008658,128350574.0,100658084.0,229008658.0,39301445.0,46018755.0,PG-13
280,Die Another Day,2002,142000000,160942139,431942139,160942139.0,271000000.0,431942139.0,,47072040.0,PG-13
281,Pirates of the Caribbean: The Curse of the Blac…,2003,140000000,305410819,654310819,305410819.0,348900000.0,654310819.0,,46630690.0,PG-13
282,Star Trek,2009,140000000,257730019,386839614,257730019.0,129109595.0,386839614.0,192607721.0,79204289.0,PG-13
283,Armageddon,1998,140000000,201578182,554600000,201578182.0,353021818.0,554600000.0,,36089972.0,PG-13
284,Men in Black 2,2002,140000000,190418803,441767803,190418803.0,251349000.0,441767803.0,,52148751.0,PG-13
285,Captain America: The First Avenger,2011,140000000,176654505,370569776,176654505.0,193915271.0,370569776.0,152113170.0,65058524.0,PG-13
286,Kung Fu Panda 3,2016,140000000,143528619,520189225,143528619.0,376660606.0,520189225.0,26701149.0,41282042.0,PG
287,Lethal Weapon 4,1998,140000000,130444603,285400000,130444603.0,154955397.0,285400000.0,,34048124.0,R
288,G.I. Joe: Retaliation,2013,140000000,122523060,375740705,122523060.0,253217645.0,375740705.0,37282914.0,40501814.0,PG-13
289,The Last Samurai,2003,140000000,111110575,456810575,111110575.0,345700000.0,456810575.0,,24271354.0,R
290,Fun with Dick & Jane,2005,140000000,110550000,203018919,110550000.0,92468919.0,203018919.0,31251512.0,14383515.0,PG-13
291,Exodus: Gods and Kings,2014,140000000,65014513,268314513,65014513.0,203300000.0,268314513.0,18739237.0,24115934.0,PG-13
292,The BFG,2016,140000000,55483770,199646680,55483770.0,144162910.0,199646680.0,18953526.0,18775350.0,PG
293,Gemini Man,2019,140000000,48546770,166598362,48546770.0,118051592.0,166598362.0,11712318.0,20552372.0,PG-13
294,Gods of Egypt,2016,140000000,31153464,138836756,31153464.0,107683292.0,138836756.0,18220664.0,14123903.0,PG-13
296,Spider-Man,2002,139000000,404652858,822652858,404652858.0,418000000.0,822652858.0,,114844116.0,PG-13
297,Watchmen,2009,138000000,107509799,186976250,107509799.0,79466451.0,186976250.0,152971235.0,55214334.0,R
298,Stealth,2005,138000000,32116746,76416746,32116746.0,44300000.0,76416746.0,,13251545.0,PG-13
299,The Incredible Hulk,2008,137500000,134806913,265573859,134806913.0,130766946.0,265573859.0,80312249.0,55414050.0,PG-13
300,Hulk,2003,137000000,132177234,245031679,132177234.0,112854445.0,245031679.0,,62128420.0,PG-13
301,Final Fantasy: The Spirits Within,2001,137000000,32131830,85131830,32131830.0,53000000.0,85131830.0,,11408853.0,PG-13
302,"The Twilight Saga: Breaking Dawn, Part 2",2012,136200000,292324737,829724737,292324737.0,537400000.0,829724737.0,103353466.0,141067634.0,PG-13
303,Godzilla x Kong: The New Empire,2024,135000000,196805338,572305338,196805338.0,375500000.0,572305338.0,,80006561.0,PG-13
304,The Croods,2013,135000000,187168425,573068425,187168425.0,385900000.0,573068425.0,86248549.0,43639736.0,PG
305,The Revenant,2015,135000000,183637894,532938302,183637894.0,349300408.0,532938302.0,39918335.0,474560.0,R
306,The World is Not Enough,1999,135000000,126930660,361730660,126930660.0,234800000.0,361730660.0,,35519007.0,PG-13
307,Rango,2011,135000000,123477607,245724600,123477607.0,122246993.0,245724600.0,38123158.0,38079323.0,PG
308,Master and Commander: The Far Side of the World,2003,135000000,93926386,212912137,93926386.0,118985751.0,212912137.0,,25105990.0,PG-13
309,Turbo,2013,135000000,83028130,286896578,83028130.0,203868448.0,286896578.0,69414435.0,21312625.0,PG
310,Teenage Mutant Ninja Turtles: Out of the Shadows,2016,135000000,82051601,245328374,82051601.0,163276773.0,245328374.0,24767149.0,35316382.0,PG-13
311,Happy Feet Two,2011,135000000,64006466,157956462,64006466.0,93949996.0,157956462.0,26566641.0,21237068.0,PG
312,Miami Vice,2006,135000000,63478838,164920076,63478838.0,101441238.0,164920076.0,38190914.0,25723815.0,R
313,Strange World,2022,135000000,39089002,70699728,39089002.0,31610726.0,70699728.0,2157429.0,12151384.0,PG
314,The Nutcracker and the Four Realms,2018,132900000,54858851,170024300,54858851.0,115165449.0,170024300.0,10795827.0,20352491.0,PG
315,War of the Worlds,2005,132000000,234280354,606836535,234280354.0,372556181.0,606836535.0,,64878725.0,PG-13
316,Penguins of Madagascar,2014,132000000,83350911,366942531,83350911.0,283591620.0,366942531.0,23047982.0,25447444.0,PG
317,The Hunger Games: Catching Fire,2013,130000000,424668047,864808014,424668047.0,440139967.0,864808014.0,123065745.0,158074286.0,PG-13
318,Harry Potter and the Prisoner of Azkaban,2004,130000000,250853809,784242906,250853809.0,533389097.0,784242906.0,,93687367.0,PG
319,The Bourne Ultimatum,2007,130000000,227471070,444043396,227471070.0,216572326.0,444043396.0,127282110.0,69283690.0,PG-13
320,Ant-Man and the Wasp,2018,130000000,216648740,623144660,216648740.0,406495920.0,623144660.0,50922105.0,75812205.0,PG-13
321,Kung Fu Panda,2008,130000000,215727546,632203486,215727546.0,416475940.0,632203486.0,139393200.0,60239130.0,PG
322,Ant-Man,2015,130000000,180202163,518858449,180202163.0,338656286.0,518858449.0,70118859.0,57225526.0,PG-13
323,Home,2015,130000000,177397510,385997896,177397510.0,208600386.0,385997896.0,68675500.0,52107731.0,PG
324,Mary Poppins Returns,2018,130000000,171958438,345606500,171958438.0,173648062.0,345606500.0,31877967.0,23523121.0,PG
325,Puss in Boots,2011,130000000,149260504,554987477,149260504.0,405726973.0,554987477.0,72213108.0,34077439.0,PG
326,Megamind,2010,130000000,148415853,321887208,148415853.0,173471355.0,321887208.0,70614121.0,46016833.0,PG
327,Bad Boys II,2003,130000000,138540870,273271982,138540870.0,134731112.0,273271982.0,,46522560.0,R
328,Rio 2,2014,130000000,131538435,492846291,131538435.0,361307856.0,492846291.0,58512923.0,39327869.0,G
329,Salt,2010,130000000,118311368,290650494,118311368.0,172339126.0,290650494.0,50643050.0,36011243.0,PG-13
330,Noah,2014,130000000,101200044,352831065,101200044.0,251631021.0,352831065.0,22246908.0,43720472.0,PG-13
331,The Adventures of Tintin,2011,130000000,77591831,373993951,77591831.0,296402120.0,373993951.0,30493587.0,9720993.0,PG
332,After Earth,2013,130000000,60522097,251499665,60522097.0,190977568.0,251499665.0,16258619.0,27520040.0,PG-13
333,Australia,2008,130000000,49554002,215080810,49554002.0,165526808.0,215080810.0,32225300.0,14800723.0,PG-13
334,R.I.P.D.,2013,130000000,33618855,79076678,33618855.0,45457823.0,79076678.0,16336336.0,12691415.0,PG-13
335,How to Train Your Dragon: The Hidden World,2019,129000000,160799505,520979901,160799505.0,360180396.0,520979901.0,36063709.0,55022245.0,PG
336,Meg 2: The Trench,2023,129000000,82633033,397833033,82633033.0,315200000.0,397833033.0,2007579.0,30002735.0,PG-13
337,"The Twilight Saga: Breaking Dawn, Part 1",2011,127500000,281287133,683212735,281287133.0,401925602.0,683212735.0,142628356.0,138122261.0,PG-13
338,Dinosaur,2000,127500000,137748063,356148063,137748063.0,218400000.0,356148063.0,,38854851.0,PG
339,Logan,2017,127000000,226277068,614202315,226277068.0,387925247.0,614202315.0,45694695.0,88411916.0,R
340,Night at the Museum: Secret of the Tomb,2014,127000000,113746621,353756621,113746621.0,240010000.0,353756621.0,27980461.0,17100520.0,PG
341,Harry Potter and the Deathly Hallows: Part II,2011,125000000,382088758,1311562841,382088758.0,929474083.0,1311562841.0,157761023.0,169189427.0,PG-13
342,The Hunger Games: Mockingjay - Part 1,2014,125000000,337135885,766575131,337135885.0,429439246.0,766575131.0,80180127.0,121897634.0,PG-13
343,Harry Potter and the Sorcerer’s Stone,2001,125000000,317871467,962650768,317871467.0,644779301.0,962650768.0,,90294621.0,PG
344,Jumanji: The Next Level,2019,125000000,316831246,795356912,316831246.0,478525666.0,795356912.0,51557943.0,59251543.0,PG-13
345,Harry Potter and the Deathly Hallows: Part I,2010,125000000,297414693,943525724,297414693.0,646111031.0,943525724.0,153722886.0,125017372.0,PG-13
346,Wonka,2023,125000000,218581815,634681815,218581815.0,416100000.0,634681815.0,,39005800.0,PG
347,The Da Vinci Code,2006,125000000,217536138,767820459,217536138.0,550284321.0,767820459.0,102758464.0,77073388.0,PG-13
348,X-Men 2,2003,125000000,214949694,406348630,214949694.0,191398936.0,406348630.0,,85558731.0,PG-13
349,Fast Five,2011,125000000,210031325,629975898,210031325.0,419944573.0,629975898.0,68954851.0,86198765.0,PG-13
350,Teenage Mutant Ninja Turtles,2014,125000000,191204754,485004754,191204754.0,293800000.0,485004754.0,99804635.0,65575105.0,PG-13
351,Sherlock Holmes: A Game of Shadows,2011,125000000,186848418,535663443,186848418.0,348815025.0,535663443.0,86446043.0,39637079.0,PG-13
352,The Day After Tomorrow,2004,125000000,186740799,555840117,186740799.0,369099318.0,555840117.0,,68743584.0,PG-13
353,The Boss Baby,2017,125000000,175003033,527909949,175003033.0,352906916.0,527909949.0,32347650.0,50198902.0,PG
354,Clash of the Titans,2010,125000000,163214888,493214888,163214888.0,330000000.0,493214888.0,52972128.0,61235105.0,PG-13
355,Trolls,2016,125000000,153856089,342831709,153856089.0,188975620.0,342831709.0,73036789.0,46581142.0,PG
356,Godzilla,1998,125000000,136314294,376000000,136314294.0,239685706.0,376000000.0,,44047541.0,PG-13
357,Prometheus,2012,125000000,126477084,402448265,126477084.0,275971181.0,402448265.0,47691204.0,51050101.0,R
358,The Bourne Legacy,2012,125000000,113203870,280355920,113203870.0,167152050.0,280355920.0,56771592.0,38142825.0,PG-13
359,Batman & Robin,1997,125000000,107325195,238317814,107325195.0,130992619.0,238317814.0,,42872605.0,PG-13
360,The Fall Guy,2024,125000000,92900355,180389902,92900355.0,87489547.0,180389902.0,,27747035.0,PG-13
361,Skyscraper,2018,125000000,68420120,304858121,68420120.0,236438001.0,304858121.0,22439650.0,24905015.0,PG
362,The Call of the Wild,2020,125000000,62342368,107351191,62342368.0,45008823.0,107351191.0,17027986.0,24791624.0,PG
363,Total Recall,2012,125000000,58877969,211856088,58877969.0,152978119.0,211856088.0,29366222.0,25577758.0,PG-13
364,Shazam! Fury of the Gods,2023,125000000,57721819,134221819,57721819.0,76500000.0,134221819.0,3429641.0,30111158.0,PG-13
365,Assassin’s Creed,2016,125000000,54647948,240759682,54647948.0,186111734.0,240759682.0,12970438.0,10278225.0,PG-13
366,Monster Trucks,2016,125000000,33370166,61642798,33370166.0,28272632.0,61642798.0,9801107.0,10950705.0,PG-13
367,The 13th Warrior,1999,125000000,32698899,61698899,32698899.0,29000000.0,61698899.0,,10267756.0,R
368,How the Grinch Stole Christmas,2000,123000000,262425630,347522208,262425630.0,85096578.0,347522208.0,,55820330.0,PG
369,Sonic the Hedgehog 3,2024,122000000,226717266,447179575,226717266.0,220462309.0,447179575.0,,60102146.0,PG
370,Mission: Impossible 2,2000,120000000,215409889,549588516,215409889.0,334178627.0,549588516.0,,57845297.0,PG-13
371,The Perfect Storm,2000,120000000,182618434,328711434,182618434.0,146093000.0,328711434.0,,41325042.0,PG-13
372,Jason Bourne,2016,120000000,162192920,416168316,162192920.0,253975396.0,416168316.0,34005180.0,59215365.0,PG-13
373,Uncharted,2022,120000000,148648820,400689914,148648820.0,252041094.0,400689914.0,13903634.0,44010155.0,PG-13
374,Fantastic Four: Rise of the Silver Surfer,2007,120000000,131921738,289480691,131921738.0,157558953.0,289480691.0,63624928.0,58051684.0,PG
375,Life of Pi,2012,120000000,124987022,619310368,124987022.0,494323346.0,619310368.0,53070111.0,22451514.0,PG
376,Ghost Rider,2007,120000000,115802596,229545589,115802596.0,113742993.0,229545589.0,104869372.0,45388836.0,PG-13
377,Rampage,2018,120000000,101028233,427947217,101028233.0,326918984.0,427947217.0,37287431.0,35753093.0,PG-13
378,Charlie's Angels: Full Throttle,2003,120000000,100814328,227163273,100814328.0,126348945.0,227163273.0,,37634221.0,PG-13
379,Elysium,2013,120000000,93050117,286192091,93050117.0,193141974.0,286192091.0,36592163.0,29807393.0,R
380,Oblivion,2013,120000000,89107235,287916633,89107235.0,198809398.0,287916633.0,37020989.0,37054485.0,PG-13
381,Power Rangers,2017,120000000,85364450,142531552,85364450.0,57167102.0,142531552.0,15350020.0,40300288.0,PG-13
382,Blue Beetle,2023,120000000,72541501,130841501,72541501.0,58300000.0,130841501.0,596971.0,25030225.0,PG-13
383,Stuart Little 2,2002,120000000,64956806,166000000,64956806.0,101043194.0,166000000.0,,15115152.0,PG
384,RoboCop,2014,120000000,58607007,242981799,58607007.0,184374792.0,242981799.0,15928114.0,21681430.0,PG-13
385,The Chronicles of Riddick,2004,120000000,57712751,107212751,57712751.0,49500000.0,107212751.0,,24289165.0,PG-13
386,The Fantastic Four,2015,120000000,56117548,167849187,56117548.0,111731639.0,167849187.0,13569326.0,25685737.0,PG-13
387,Speed Racer,2008,120000000,43945766,93394462,43945766.0,49448696.0,93394462.0,14925030.0,18561337.0,PG
388,The Island,2005,120000000,35818913,163018913,35818913.0,127200000.0,163018913.0,,12409070.0,PG-13
389,How Do You Know?,2010,120000000,30212620,49628177,30212620.0,19415557.0,49628177.0,11400165.0,7484696.0,R
390,Outlaw King,2018,120000000,0,0,,,,,,
391,Emancipation,2022,120000000,0,0,,,,,,R
392,Knight and Day,2010,117000000,76423035,258751370,76423035.0,182328335.0,258751370.0,32846211.0,20139985.0,PG-13
393,Detective Chinatown 3 (唐人街探案3),2021,117000000,0,625136211,,625136211.0,625136211.0,,,R
394,Venom,2018,116000000,213511408,856081053,213511408.0,642569645.0,856081053.0,70737877.0,80255756.0,PG-13
395,Star Wars Ep. I: The Phantom Menace,1999,115000000,487574671,1046513456,487574671.0,558938785.0,1046513456.0,,64810970.0,PG
396,Star Wars Ep. III: Revenge of the Sith,2005,115000000,380270577,848998877,380270577.0,468728300.0,848998877.0,,108435841.0,PG-13
397,Star Wars Ep. II: Attack of the Clones,2002,115000000,310676740,656695615,310676740.0,346018875.0,656695615.0,,80027814.0,PG
398,"Monsters, Inc.",2001,115000000,290149425,560483719,290149425.0,270334294.0,560483719.0,,62577067.0,G
399,The Wolverine,2013,115000000,132556852,416456852,132556852.0,283900000.0,416456852.0,81674140.0,53113752.0,PG-13
400,Dante’s Peak,1997,115000000,67163857,178200000,67163857.0,111036143.0,178200000.0,,18479435.0,PG-13
401,The Huntsman: Winter’s War,2016,115000000,48003015,165149302,48003015.0,117146287.0,165149302.0,15378154.0,19445035.0,PG-13
402,Windtalkers,2002,115000000,40914068,77628265,40914068.0,36714197.0,77628265.0,,14520412.0,R
403,Triple Frontier,2019,115000000,0,0,,,,,,
404,Astérix aux Jeux Olympiques,2008,113500000,999811,132999811,999811.0,132000000.0,132999811.0,,,Not Rated
405,Gulliver's Travels,2010,112000000,42779261,232017848,42779261.0,189238587.0,232017848.0,9306485.0,6307691.0,PG
406,Ferdinand,2017,111000000,84410380,307491645,84410380.0,223081265.0,307491645.0,35277482.0,13401586.0,PG
407,Deadpool 2,2018,110000000,324591735,786362370,324591735.0,461770635.0,786362370.0,70336170.0,125507153.0,R
408,Gravity,2013,110000000,274092705,684657731,274092705.0,410565026.0,684657731.0,57200516.0,55785112.0,PG-13
409,Night at the Museum,2006,110000000,250863268,579446407,250863268.0,328583139.0,579446407.0,155897256.0,30433781.0,PG
410,Venom: Let There be Carnage,2021,110000000,213550366,501546922,213550366.0,287996556.0,501546922.0,39551098.0,90033210.0,PG-13
411,Mr. and Mrs. Smith,2005,110000000,186336279,486124090,186336279.0,299787811.0,486124090.0,,50342878.0,PG-13
412,San Andreas,2015,110000000,155190832,474590832,155190832.0,319400000.0,474590832.0,44297958.0,54588173.0,PG-13
413,The Smurfs,2011,110000000,142614158,563749323,142614158.0,421135165.0,563749323.0,53647532.0,35611637.0,PG
414,Venom: The Last Dance,2024,110000000,139755882,474765850,139755882.0,335009968.0,474765850.0,,51012404.0,PG-13
415,Live Free or Die Hard,2007,110000000,134529403,382288147,134529403.0,247758744.0,382288147.0,102030098.0,33369559.0,PG-13
416,The Divergent Series: Insurgent,2015,110000000,130179072,295075882,130179072.0,164896810.0,295075882.0,35504102.0,52263680.0,PG-13
417,Ocean’s Twelve,2004,110000000,125531634,362989076,125531634.0,237457442.0,362989076.0,,39153380.0,PG-13
418,Tomorrow Never Dies,1997,110000000,125304276,339504276,125304276.0,214200000.0,339504276.0,,25143007.0,PG-13
419,The Patriot,2000,110000000,113330342,215300000,113330342.0,101969658.0,215300000.0,,22413710.0,R
420,IF,2024,110000000,111375918,184898670,111375918.0,73522752.0,184898670.0,,33715801.0,PG
421,300: Rise of an Empire,2014,110000000,106580051,330780051,106580051.0,224200000.0,330780051.0,34624418.0,45038460.0,R
422,The Aviator,2004,110000000,102608827,208370892,102608827.0,105762065.0,208370892.0,,858021.0,PG-13
423,Passengers,2016,110000000,100014699,302239672,100014699.0,202224973.0,302239672.0,19699345.0,14869736.0,PG-13
424,The Green Hornet,2011,110000000,98780042,229155503,98780042.0,130375461.0,229155503.0,28690586.0,33526876.0,PG-13
425,Miss Peregrine’s Home for Peculiar Children,2016,110000000,87242834,295986876,87242834.0,208744042.0,295986876.0,24520661.0,28871140.0,PG-13
426,Real Steel,2011,110000000,85463309,263880341,85463309.0,178417032.0,263880341.0,51316377.0,27319677.0,PG-13
427,Men in Black: International,2019,110000000,80001807,254310003,80001807.0,174308196.0,254310003.0,12899447.0,30035838.0,PG-13
428,The A-Team,2010,110000000,77222099,177241171,77222099.0,100019072.0,177241171.0,43722704.0,25669455.0,PG-13
429,The Smurfs 2,2013,110000000,71017784,348547523,71017784.0,277529739.0,348547523.0,32909147.0,17548389.0,PG
430,The Divergent Series: Allegiant,2016,110000000,66184051,172022517,66184051.0,105838466.0,172022517.0,22382820.0,29027348.0,PG-13
431,The Taking of Pelham 123,2009,110000000,65452312,152364370,65452312.0,86912058.0,152364370.0,35485573.0,23373102.0,R
432,Ender’s Game,2013,110000000,61737191,127983283,61737191.0,66246092.0,127983283.0,28471876.0,27017351.0,PG-13
433,Home on the Range,2004,110000000,50026353,76482461,50026353.0,26456108.0,76482461.0,,13880771.0,PG
434,Speed 2: Cruise Control,1997,110000000,48097081,150468000,48097081.0,102370919.0,150468000.0,,16158942.0,PG-13
435,Kingdom of Heaven,2005,110000000,47398413,218674938,47398413.0,171276525.0,218674938.0,,19635996.0,R
436,Ghost in the Shell,2017,110000000,40563557,167910690,40563557.0,127347133.0,167910690.0,13611641.0,18676033.0,PG-13
437,Kraven the Hunter,2024,110000000,24862229,59850472,24862229.0,34988243.0,59850472.0,,11001109.0,R
438,Around the World in 80 Days,2004,110000000,24004159,72004159,24004159.0,48000000.0,72004159.0,,7576132.0,PG
439,Babylon,2022,110000000,16596054,64470244,16596054.0,47874190.0,64470244.0,1898999.0,3603368.0,R
440,Dr. Seuss’ The Cat in the Hat,2003,109000000,101018283,133818283,101018283.0,32800000.0,133818283.0,,38329160.0,PG
441,Ali,2001,109000000,58183966,87683966,58183966.0,29500000.0,87683966.0,,14710892.0,R
442,The Martian,2015,108000000,228433663,653609107,228433663.0,425175444.0,653609107.0,50707140.0,54308575.0,PG-13
443,Allied,2016,106000000,40098064,119266661,40098064.0,79168597.0,119266661.0,4425053.0,12701743.0,R
444,"I, Robot",2004,105000000,144801023,348629585,144801023.0,203828562.0,348629585.0,,52179887.0,PG-13
445,Stuart Little,1999,105000000,140015224,298815224,140015224.0,158800000.0,298815224.0,,15018223.0,PG
446,The Princess and the Frog,2009,105000000,104400899,270997378,104400899.0,166596479.0,270997378.0,117722021.0,786190.0,G
447,"10,000 B.C.",2008,105000000,94784201,269065678,94784201.0,174281477.0,269065678.0,27455101.0,35867488.0,PG-13
448,Ice Age: Collision Course,2016,105000000,64063008,402156682,64063008.0,338093674.0,402156682.0,17853560.0,21373064.0,PG
449,Starship Troopers,1997,105000000,54768952,121099956,54768952.0,66331004.0,121099956.0,,22058773.0,R
450,Town & Country,2001,105000000,6712451,10364769,6712451.0,3652318.0,10364769.0,,3029858.0,R
451,Kingsman: The Golden Circle,2017,104000000,100234838,408803696,100234838.0,308568858.0,408803696.0,21541953.0,39023010.0,R
452,Gone in 60 Seconds,2000,103300000,101643008,232643008,101643008.0,131000000.0,232643008.0,,25336048.0,PG-13
453,Gladiator,2000,103000000,187683805,451683599,187683805.0,263999794.0,451683599.0,,34819017.0,R
454,The Hangover 3,2013,103000000,112200072,362000072,112200072.0,249800000.0,362000072.0,27285321.0,41671198.0,R
455,A Wrinkle in Time,2018,103000000,100478608,133214549,100478608.0,32735941.0,133214549.0,14024553.0,33123609.0,PG
456,Public Enemies,2009,102500000,97104620,212282709,97104620.0,115178089.0,212282709.0,54321793.0,25271675.0,R
457,Casino Royale,2006,102000000,167365000,594420216,167365000.0,427055216.0,594420216.0,85530666.0,40833156.0,PG-13
458,Minority Report,2002,102000000,132024714,358824714,132024714.0,226800000.0,358824714.0,,35677125.0,PG-13
459,Bumblebee,2018,102000000,127195589,464731819,127195589.0,337536230.0,464731819.0,38562139.0,21654047.0,PG-13
460,Cloud Atlas,2012,102000000,27108272,130673154,27108272.0,103564882.0,130673154.0,14662779.0,9612247.0,R
461,The Super Mario Bros. Movie,2023,100000000,574934330,1359146628,574934330.0,784212298.0,1359146628.0,22662823.0,146361865.0,PG
462,Spider-Man: Across the Spider-Verse,2023,100000000,381593754,681138413,381593754.0,299544659.0,681138413.0,9239326.0,120663589.0,PG
463,Despicable Me 4,2024,100000000,361004205,969239433,361004205.0,608235228.0,969239433.0,,75009210.0,PG
464,Oppenheimer,2023,100000000,329862540,976518442,329862540.0,646655902.0,976518442.0,,82455420.0,R
465,Beetlejuice Beetlejuice,2024,100000000,294100435,451900435,294100435.0,157800000.0,451900435.0,,111003345.0,PG-13
466,Harry Potter and the Chamber of Secrets,2002,100000000,263581232,876162990,263581232.0,612581758.0,876162990.0,,88357488.0,PG
467,Terminator 2: Judgment Day,1991,100000000,203464105,515344899,203464105.0,311880794.0,515344899.0,,31765506.0,R
468,Bad Boys: Ride or Die,2024,100000000,193573217,400526237,193573217.0,206953020.0,400526237.0,,56527324.0,R
469,John Wick: Chapter 4,2023,100000000,187131806,440320578,187131806.0,253188772.0,440320578.0,21482181.0,73817950.0,R
470,Batman Forever,1995,100000000,184190913,336688945,184190913.0,152498032.0,336688945.0,,52784433.0,PG-13
471,Planet of the Apes,2001,100000000,180011740,362211740,180011740.0,182200000.0,362211740.0,,68532960.0,PG-13
472,National Treasure,2004,100000000,173005002,331323410,173005002.0,158318408.0,331323410.0,,35142554.0,PG
473,The Hunger Games: The Ballad of Songbirds & Snakes,2023,100000000,166350594,349048698,166350594.0,182698104.0,349048698.0,,44607143.0,PG-13
474,Django Unchained,2012,100000000,162805434,449841566,162805434.0,287036132.0,449841566.0,65726757.0,30122888.0,R
475,1917,2019,100000000,159227644,383710072,159227644.0,224482428.0,383710072.0,52109708.0,576216.0,R
476,Little Fockers,2010,100000000,148438600,310650574,148438600.0,162211974.0,310650574.0,25110475.0,30833665.0,PG-13
477,True Lies,1994,100000000,146282411,365300000,146282411.0,219017589.0,365300000.0,,25869770.0,R
478,American Gangster,2007,100000000,130164645,267985456,130164645.0,137820811.0,267985456.0,75274267.0,43565135.0,R
479,Cloudy with a Chance of Meatballs,2009,100000000,124870275,236827677,124870275.0,111957402.0,236827677.0,66787235.0,30304648.0,PG
480,The Other Guys,2010,100000000,119219978,170936470,119219978.0,51716492.0,170936470.0,54267605.0,35543162.0,PG-13
481,Lemony Snicket's A Series of Unfortunate Events,2004,100000000,118627117,212956024,118627117.0,94328907.0,212956024.0,,30061756.0,PG
482,The Wolf of Wall Street,2013,100000000,116949183,389816136,116949183.0,272866953.0,389816136.0,40108852.0,18410067.0,R
483,Ghostbusters: Frozen Empire,2024,100000000,113376590,200796241,113376590.0,87419651.0,200796241.0,,45004673.0,PG-13
484,Epic,2013,100000000,107518682,262794441,107518682.0,155275759.0,262794441.0,58480233.0,33531068.0,PG
485,Eraser,1996,100000000,101295562,234400000,101295562.0,133104438.0,234400000.0,,24566446.0,R
486,The Hunchback of Notre Dame,1996,100000000,100138851,325500000,100138851.0,225361149.0,325500000.0,,21037414.0,G
487,The Emperor's New Groove,2000,100000000,89630573,169630573,89630573.0,80000000.0,169630573.0,,9812302.0,G
488,The Expendables 2,2012,100000000,85028192,311979256,85028192.0,226951064.0,311979256.0,38461040.0,28591370.0,R
489,Where the Wild Things Are,2009,100000000,77233467,99123656,77233467.0,21890189.0,99123656.0,36569621.0,32695407.0,PG
490,Eragon,2006,100000000,75030163,249488115,75030163.0,174457952.0,249488115.0,88992438.0,23239907.0,PG
491,Hercules,2014,100000000,72688614,243388614,72688614.0,170700000.0,243388614.0,18982539.0,29800263.0,PG-13
492,The Tourist,2010,100000000,67631157,278731369,67631157.0,211100212.0,278731369.0,23076677.0,16472458.0,PG-13
493,End of Days,1999,100000000,66889043,212026975,66889043.0,145137932.0,212026975.0,,20523595.0,R
494,Spies in Disguise,2019,100000000,66757013,165124093,66757013.0,98367080.0,165124093.0,8651945.0,13354798.0,PG
495,The Stepford Wives,2004,100000000,59475623,96150482,59475623.0,36674859.0,96150482.0,,21406781.0,PG-13
496,Surf’s Up,2007,100000000,58867694,145395745,58867694.0,86528051.0,145395745.0,48095250.0,17640249.0,PG
497,Blood Diamond,2006,100000000,57377916,171377916,57377916.0,114000000.0,171377916.0,64024967.0,8648324.0,R
498,Midway,2019,100000000,56846802,126787360,56846802.0,69940558.0,126787360.0,31352687.0,17897419.0,PG-13
499,Legend of the Guardians: The Owls of Ga'Hoole,2010,100000000,55675313,139716717,55675313.0,84041404.0,139716717.0,24624508.0,16112211.0,PG
500,The Deep,1977,100000000,50681884,50681884,50681884.0,,,,6835540.0,PG
501,Land of the Lost,2009,100000000,49438370,69548641,49438370.0,20110271.0,69548641.0,25853631.0,18837350.0,PG-13
502,Peter Pan,2003,100000000,48417850,95255485,48417850.0,46837635.0,95255485.0,,11139495.0,PG
503,Wonder Park,2019,100000000,45216793,115103325,45216793.0,69886532.0,115103325.0,6326770.0,15853646.0,PG
504,Catwoman,2004,100000000,40202379,82078046,40202379.0,41875667.0,82078046.0,,16728411.0,PG-13
505,The Expendables 3,2014,100000000,39322544,209461378,39322544.0,170138834.0,209461378.0,28611744.0,15879645.0,PG-13
506,West Side Story,2021,100000000,38530322,74829369,38530322.0,36299047.0,74829369.0,1383197.0,10574618.0,PG-13
507,Treasure Planet,2002,100000000,38120554,91800000,38120554.0,53679446.0,91800000.0,,12083248.0,PG
508,The King’s Man,2021,100000000,37176373,121125300,37176373.0,83948927.0,121125300.0,2826532.0,5915542.0,R
509,Green Zone,2010,100000000,35497337,97523020,35497337.0,62025683.0,97523020.0,23046816.0,14309295.0,R
510,Geostorm,2017,100000000,33700160,220796009,33700160.0,187095849.0,220796009.0,7121969.0,13707376.0,PG-13
511,Point Break,2015,100000000,28782481,133782481,28782481.0,105000000.0,133782481.0,6021573.0,9800252.0,PG-13
512,Cats,2019,100000000,27166770,75323946,27166770.0,48157176.0,75323946.0,3336410.0,6619870.0,PG
513,In the Heart of the Sea,2015,100000000,25020758,94320758,25020758.0,69300000.0,94320758.0,8627951.0,11053366.0,PG-13
514,Transcendence,2014,100000000,23022309,103039258,23022309.0,80016949.0,103039258.0,7843325.0,10886386.0,PG-13
515,Fly Me to the Moon,2024,100000000,20532222,38198351,20532222.0,17666129.0,38198351.0,,9402176.0,PG-13
516,Son of the Mask,2005,100000000,17018422,59918422,17018422.0,42900000.0,59918422.0,,7511675.0,PG
517,Expend4bles,2023,100000000,16710153,51133603,16710153.0,34423450.0,51133603.0,,8039021.0,R
518,Mortal Engines,2018,100000000,15951040,85481904,15951040.0,69530864.0,85481904.0,11097632.0,7559850.0,PG-13
519,Chaos Walking,2021,100000000,13287908,27072169,13287908.0,13784261.0,27072169.0,3312983.0,3775350.0,PG-13
520,The Last Duel,2021,100000000,10853945,30080003,10853945.0,19226058.0,30080003.0,1469877.0,4759151.0,R
521,The Adventures of Pluto Nash,2002,100000000,4411102,7094995,4411102.0,2683893.0,7094995.0,,2182900.0,PG-13
522,Jin líng shí san chai,2012,100000000,311434,98227017,311434.0,97915583.0,98227017.0,2445711.0,48558.0,R
523,The Midnight Sky,2020,100000000,0,75615,,75615.0,75615.0,,,PG-13
524,Artemis Fowl,2020,100000000,0,0,,,,,,PG
525,The Peanuts Movie,2015,99000000,130178411,250091610,130178411.0,119913199.0,250091610.0,36476521.0,44213073.0,G
526,The LEGO Movie 2: The Second Part,2019,99000000,105806508,192306508,105806508.0,86500000.0,192306508.0,21393215.0,34115335.0,PG
527,Robin Hood,2018,99000000,30824628,85210012,30824628.0,54385384.0,85210012.0,9529043.0,9195670.0,PG-13
528,The Mummy Returns,2001,98000000,202007640,435040395,202007640.0,233032755.0,435040395.0,,68139035.0,PG-13
529,Ford v. Ferrari,2019,97600000,117624357,224390706,117624357.0,106766349.0,224390706.0,19245823.0,31474958.0,PG-13
530,Gangs of New York,2002,97000000,77730500,183124621,77730500.0,105394121.0,183124621.0,,9496870.0,R
531,Alien: Covenant,2017,97000000,74262031,238521247,74262031.0,164259216.0,238521247.0,19371689.0,36160621.0,R
532,Cinderella,2015,95000000,201151353,542351353,201151353.0,341200000.0,542351353.0,51580197.0,67877361.0,PG
533,Ice Age: Continental Drift,2012,95000000,161321843,879765137,161321843.0,718443294.0,879765137.0,64372096.0,46629259.0,PG
534,Black Hawk Down,2001,95000000,108638745,159691085,108638745.0,51052340.0,159691085.0,,179823.0,R
535,Trolls Band Together,2023,95000000,103974820,210651834,103974820.0,106677014.0,210651834.0,,30002525.0,PG
536,Sex and the City 2,2010,95000000,95347692,294680778,95347692.0,199333086.0,294680778.0,33796679.0,31001870.0,R
537,Percy Jackson & the Olympians: The Lightning Thief,2010,95000000,88768303,223050874,88768303.0,134282571.0,223050874.0,55242147.0,31236067.0,PG
538,The Campaign,2012,95000000,86907746,104907746,86907746.0,18000000.0,104907746.0,21489026.0,26588460.0,R
539,Unstoppable,2010,95000000,81562942,165720921,81562942.0,84157979.0,165720921.0,40307799.0,22688457.0,PG-13
540,The Fifth Element,1997,95000000,63570862,263892271,63570862.0,200321409.0,263892271.0,,17031345.0,PG-13
541,The Road to El Dorado,2000,95000000,50802661,65700000,50802661.0,14897339.0,65700000.0,,12846652.0,PG
542,The Lovely Bones,2009,95000000,44114232,94894448,44114232.0,50780216.0,94894448.0,14690532.0,116616.0,PG-13
543,Ben-Hur,2016,95000000,26410477,91669648,26410477.0,65259171.0,91669648.0,5526507.0,11203815.0,PG-13
544,Ferrari,2023,95000000,18550030,40989660,18550030.0,22439630.0,40989660.0,,3921773.0,R
545,Seventh Son,2014,95000000,17725785,108874967,17725785.0,91149182.0,108874967.0,8572149.0,7217640.0,PG-13
546,The Lord of the Rings: The Return of the King,2003,94000000,381472917,1123837908,381472917.0,742364991.0,1123837908.0,,72629713.0,PG-13
547,Finding Nemo,2003,94000000,380529370,936094852,380529370.0,555565482.0,936094852.0,,70251710.0,G
548,The Lord of the Rings: The Two Towers,2002,94000000,345115396,921711177,345115396.0,576595781.0,921711177.0,,62007528.0,PG-13
549,Lara Croft: Tomb Raider,2001,94000000,131144183,273330185,131144183.0,142186002.0,273330185.0,,47735743.0,PG-13
550,Kingsman: The Secret Service,2015,94000000,128261724,404561724,128261724.0,276300000.0,404561724.0,38826509.0,36206331.0,R
551,The Lord of the Rings: The Fellowship of the Ring,2001,93000000,318651105,894316394,318651105.0,575665289.0,894316394.0,,47211490.0,PG-13
552,Jurassic Park III,2001,93000000,181166115,365900000,181166115.0,184733885.0,365900000.0,,50771645.0,PG-13
553,Rise of the Planet of the Apes,2011,93000000,176760185,470986200,176760185.0,294226015.0,470986200.0,76894642.0,54806191.0,PG-13
554,The Spiderwick Chronicles,2008,92500000,71195053,162839667,71195053.0,91644614.0,162839667.0,28321564.0,19004058.0,PG
555,The Incredibles,2004,92000000,261441092,631441092,261441092.0,370000000.0,631441092.0,,70467623.0,PG
556,A Good Day to Die Hard,2013,92000000,67349198,304249198,67349198.0,236900000.0,304249198.0,29406766.0,24834845.0,R
557,The Alamo,2004,92000000,22406362,23911362,22406362.0,1505000.0,23911362.0,,9124701.0,PG-13
558,Cutthroat Island,1995,92000000,10017322,18517322,10017322.0,8500000.0,18517322.0,,2371415.0,PG-13
559,The Secret Life of Walter Mitty,2013,91000000,58236838,187861183,58236838.0,129624345.0,187861183.0,16090241.0,12765508.0,PG
560,Jumanji: Welcome to the Jungle,2017,90000000,404508916,961632807,404508916.0,557123891.0,961632807.0,70398510.0,36169328.0,PG-13
561,Men in Black,1997,90000000,250690539,587790539,250690539.0,337100000.0,587790539.0,,51068455.0,PG-13
562,Toy Story 2,1999,90000000,245852179,511358276,245852179.0,265506097.0,511358276.0,,300163.0,G
563,Rush Hour 2,2001,90000000,226164286,347425832,226164286.0,121261546.0,347425832.0,,67408222.0,PG-13
564,Sherlock Holmes,2009,90000000,209028679,498438212,209028679.0,289409533.0,498438212.0,79910865.0,62304277.0,PG-13
565,Bad Boys For Life,2020,90000000,204417855,424471663,204417855.0,220053808.0,424471663.0,28801090.0,62504105.0,R
566,Ice Age: Dawn of the Dinosaurs,2009,90000000,196573705,886686817,196573705.0,690113112.0,886686817.0,120548849.0,41690382.0,PG
567,Sonic the Hedgehog 2,2022,90000000,190872904,405154426,190872904.0,214281522.0,405154426.0,9693783.0,72105176.0,PG
568,Spider-Man: Into The Spider-Verse 3D,2018,90000000,190173195,374561597,190173195.0,184388402.0,374561597.0,52597102.0,35363376.0,PG
569,Puss in Boots: The Last Wish,2022,90000000,186090535,485254377,186090535.0,299163842.0,485254377.0,7033699.0,12429515.0,PG
570,What Lies Beneath,2000,90000000,155464351,288693989,155464351.0,133229638.0,288693989.0,,29702959.0,PG-13
571,Sonic The Hedgehog,2020,90000000,146066470,302536124,146066470.0,156469654.0,302536124.0,52715695.0,58018348.0,PG
572,Rio,2011,90000000,143619809,487517241,143619809.0,343897432.0,487517241.0,108850430.0,39225962.0,PG
573,Once Upon a Time…in Hollywood,2019,90000000,142502728,377426903,142502728.0,234924175.0,377426903.0,30175495.0,41082018.0,R
574,The Departed,2006,90000000,132384315,289660619,132384315.0,157276304.0,289660619.0,147098194.0,26887467.0,R
575,Charlie's Angels,2000,90000000,125305545,259736090,125305545.0,134430545.0,259736090.0,,40128550.0,PG-13
576,Mulan,1998,90000000,120620254,303500000,120620254.0,182879746.0,303500000.0,,22745143.0,G
577,Tropic Thunder,2008,90000000,110515313,191145256,110515313.0,80629943.0,191145256.0,52752489.0,25812796.0,R
578,The Girl with the Dragon Tattoo,2011,90000000,102515793,239373970,102515793.0,136858177.0,239373970.0,38814627.0,12768604.0,R
579,Contact,1997,90000000,100920329,165900000,100920329.0,64979671.0,165900000.0,,20584908.0,PG
580,You Don't Mess With the Zohan,2008,90000000,100018837,202910991,100018837.0,102892154.0,202910991.0,26051950.0,38531374.0,PG-13
581,Die Hard: With a Vengeance,1995,90000000,100012499,366101666,100012499.0,266089167.0,366101666.0,,22162245.0,R
582,DC League of Super Pets,2022,90000000,93657117,207557117,93657117.0,113900000.0,207557117.0,4836741.0,23003441.0,PG
583,The Magnificent Seven,2016,90000000,93432655,162122642,93432655.0,68689987.0,162122642.0,41503212.0,34703397.0,PG-13
584,Alvin and the Chipmunks: The Road Chip,2015,90000000,85886987,249517956,85886987.0,163630969.0,249517956.0,16984550.0,14287159.0,PG
585,Atlantis: The Lost Empire,2001,90000000,84052762,186049020,84052762.0,101996258.0,186049020.0,,329011.0,PG
586,Valkyrie,2008,90000000,83107829,203932174,83107829.0,120824345.0,203932174.0,28186810.0,21027007.0,PG-13
587,Pixels,2015,90000000,78765986,244041804,78765986.0,165275818.0,244041804.0,19832057.0,24011616.0,PG-13
588,Artificial Intelligence: AI,2001,90000000,78616689,235900000,78616689.0,157283311.0,235900000.0,,29352630.0,PG-13
589,The Haunted Mansion,2003,90000000,75817994,155750628,75817994.0,79932634.0,155750628.0,,24278410.0,PG
590,Hollow Man,2000,90000000,73209340,191200000,73209340.0,117990660.0,191200000.0,,26414386.0,R
591,The Interpreter,2005,90000000,72708161,162753837,72708161.0,90045676.0,162753837.0,,22822455.0,PG-13
592,Percy Jackson: Sea of Monsters,2013,90000000,68559554,200859554,68559554.0,132300000.0,200859554.0,49234445.0,14401054.0,PG
593,Lara Croft: Tomb Raider: The Cradle of Life,2003,90000000,65653758,157092943,65653758.0,91439185.0,157092943.0,,21783641.0,PG-13
594,Now You See Me 2,2016,90000000,65075540,328325007,65075540.0,263249467.0,328325007.0,16793367.0,22383146.0,PG-13
595,Spy Game,2001,90000000,62362560,143049560,62362560.0,80687000.0,143049560.0,,21689125.0,R
596,The Saint,1997,90000000,61363304,169400000,61363304.0,108036696.0,169400000.0,,16278873.0,PG-13
597,Mission to Mars,2000,90000000,60874615,106000000,60874615.0,45125385.0,106000000.0,,22855247.0,PG
598,Tomb Raider,2018,90000000,58250803,273477501,58250803.0,215226698.0,273477501.0,13672846.0,23633317.0,PG-13
599,Bicentennial Man,1999,90000000,58220776,87420776,58220776.0,29200000.0,87420776.0,,8234926.0,PG
600,King Arthur,2004,90000000,51877963,203653524,51877963.0,151775561.0,203653524.0,,15193907.0,PG-13
601,Volcano,1997,90000000,47546796,120100000,47546796.0,72553204.0,120100000.0,,14581740.0,PG-13
602,Death on the Nile,2022,90000000,45630104,130298184,45630104.0,84668080.0,130298184.0,1187544.0,12891123.0,PG-13
603,The Devil's Own,1997,90000000,42885593,140900000,42885593.0,98014407.0,140900000.0,,14274503.0,R
604,K-19: The Widowmaker,2002,90000000,35168966,65716126,35168966.0,30547160.0,65716126.0,,12778459.0,PG-13
605,Conan the Barbarian,2011,90000000,21295021,63356133,21295021.0,42061112.0,63356133.0,16311379.0,10021215.0,R
606,The Three Musketeers,2011,90000000,20377913,139877913,20377913.0,119500000.0,139877913.0,9977091.0,8674452.0,PG-13
607,The Promise,2017,90000000,8224288,10551417,8224288.0,2327129.0,10551417.0,981262.0,4095718.0,PG-13
608,The Nutcracker in 3D,2010,90000000,195459,20466016,195459.0,20270557.0,20466016.0,,65944.0,PG
609,Bright,2017,90000000,0,0,,,,,,
610,Army of the Dead,2021,90000000,0,0,,,,,,R
611,Twister,1996,88000000,245219182,499230797,245219182.0,254011615.0,499230797.0,,41059405.0,PG-13
612,Cinderella Man,2005,88000000,61649911,105021488,61649911.0,43371577.0,105021488.0,,18320205.0,PG-13
613,The Predator,2018,88000000,51024708,159487563,51024708.0,108462855.0,159487563.0,17456975.0,24632284.0,R
614,Snake Eyes: G.I. Joe Origins,2021,88000000,28264325,34677221,28264325.0,6412896.0,34677221.0,5976303.0,13367853.0,PG-13
615,Fantastic Four,2005,87500000,154696080,333132750,154696080.0,178436670.0,333132750.0,,56061504.0,PG-13
616,Hannibal,2001,87000000,165092266,350100280,165092266.0,185008014.0,350100280.0,,58003121.0,R
617,Renfield,2023,86203077,17297895,26874347,17297895.0,9576452.0,26874347.0,1676458.0,8026475.0,R
618,Seabiscuit,2003,86000000,120277854,148715342,120277854.0,28437488.0,148715342.0,,20854735.0,PG-13
619,Bullet Train,2022,85900000,103368602,238534963,103368602.0,135166361.0,238534963.0,8605697.0,30030156.0,R
620,Project Power,2020,85100000,0,0,,,,,,R
621,Cast Away,2000,85000000,233632142,427230516,233632142.0,193598374.0,427230516.0,,28883406.0,PG-13
622,Happy Feet,2006,85000000,198000317,385000315,198000317.0,186999998.0,385000315.0,213926455.0,41533432.0,PG
623,Kung Fu Panda 4,2024,85000000,193590620,547699816,193590620.0,354109196.0,547699816.0,,57989905.0,PG
624,Ocean’s Eleven,2001,85000000,183417150,450728529,183417150.0,267311379.0,450728529.0,,38107822.0,PG-13
625,The Bourne Supremacy,2004,85000000,176087450,311001124,176087450.0,134913674.0,311001124.0,,52521865.0,PG-13
626,Air Force One,1997,85000000,172956409,315268353,172956409.0,142311944.0,315268353.0,314827.0,37132505.0,R
627,Sing 2,2021,85000000,162790990,404534588,162790990.0,241743598.0,404534588.0,10676781.0,22326230.0,PG
628,Fast & Furious,2009,85000000,155064265,359347833,155064265.0,204283568.0,359347833.0,77860683.0,70950500.0,PG-13
629,Horton Hears a Who,2008,85000000,154529439,299477886,154529439.0,144948447.0,299477886.0,83665720.0,45012998.0,G
630,Elvis,2022,85000000,151416153,288116153,151416153.0,136700000.0,288116153.0,14370723.0,31211579.0,PG-13
631,Divergent,2014,85000000,150947895,276014965,150947895.0,125067070.0,276014965.0,64564730.0,54607747.0,PG-13
632,Hotel Transylvania,2012,85000000,148313048,377369679,148313048.0,229056631.0,377369679.0,100128958.0,42522194.0,PG
633,Shazam!,2019,85000000,140371656,363563907,140371656.0,223192251.0,363563907.0,30811174.0,53505326.0,PG-13
634,Enchanted,2007,85000000,127706877,340384141,127706877.0,212677264.0,340384141.0,93724215.0,34440317.0,PG
635,Safe House,2012,85000000,126181630,207884401,126181630.0,81702771.0,207884401.0,39391183.0,40172720.0,R
636,I Now Pronounce You Chuck and Larry,2007,85000000,119725280,185708462,119725280.0,65983182.0,185708462.0,70101008.0,34233750.0,PG-13
637,Ocean\'s Thirteen,2007,85000000,117144465,311744465,117144465.0,194600000.0,311744465.0,49083756.0,36133403.0,PG-13
638,It’s Complicated,2009,85000000,112735375,224614744,112735375.0,111879369.0,224614744.0,46229389.0,22100820.0,R
639,Enemy of the State,1998,85000000,111549836,250649836,111549836.0,139100000.0,250649836.0,,20038573.0,R
640,Open Season,2006,85000000,85105259,191932158,85105259.0,106826899.0,191932158.0,98423787.0,23624548.0,PG
641,Tower Heist,2011,85000000,78046570,150422946,78046570.0,72376376.0,150422946.0,20015226.0,24025190.0,PG-13
642,102 Dalmatians,2000,85000000,66941559,66941559,66941559.0,,,,19883351.0,G
643,Mirror Mirror,2012,85000000,64935167,173613482,64935167.0,108678315.0,173613482.0,30474116.0,18132085.0,PG
644,The Holiday,2006,85000000,63280000,204920447,63280000.0,141640447.0,204920447.0,82909150.0,12778913.0,PG-13
645,The Fast and the Furious: Tokyo Drift,2006,85000000,62615510,157794205,62615510.0,95178695.0,157794205.0,43072964.0,23973840.0,PG-13
646,Memoirs of a Geisha,2005,85000000,57010853,161510853,57010853.0,104500000.0,161510853.0,32902479.0,682504.0,PG-13
647,Enemy at the Gates,2001,85000000,51396781,96971293,51396781.0,45574512.0,96971293.0,,13810266.0,R
648,Last Action Hero,1993,85000000,50016394,137298489,50016394.0,87282095.0,137298489.0,,15338241.0,PG-13
649,The Rundown,2003,85000000,47641743,80831893,47641743.0,33190150.0,80831893.0,,18533765.0,PG-13
650,Arthur Christmas,2011,85000000,46462469,147555243,46462469.0,101092774.0,147555243.0,20930361.0,12068931.0,PG
651,xXx: Return of Xander Cage,2017,85000000,44898413,345033359,44898413.0,300134946.0,345033359.0,12493401.0,20130142.0,PG-13
652,Meet Joe Black,1998,85000000,44650003,44650003,44650003.0,,,,15017995.0,PG-13
653,Cats & Dogs: The Revenge of Kitty Galore,2010,85000000,43585753,113026383,43585753.0,69440630.0,113026383.0,13114449.0,12279363.0,PG
654,Collateral Damage,2002,85000000,40048332,78353508,40048332.0,38305176.0,78353508.0,,15058432.0,R
655,Showtime,2002,85000000,37948765,78948765,37948765.0,41000000.0,78948765.0,,15011430.0,PG-13
656,Judge Dredd,1995,85000000,34687912,113487912,34687912.0,78800000.0,113487912.0,,12291536.0,R
657,Scott Pilgrim vs. The World,2010,85000000,33085015,49379547,33085015.0,16294532.0,49379547.0,30395937.0,10609795.0,PG-13
658,Zodiac,2007,85000000,33080084,83027938,33080084.0,49947854.0,83027938.0,21407554.0,13395610.0,R
659,The Core,2003,85000000,31111260,74120792,31111260.0,43009532.0,74120792.0,,12053131.0,PG-13
660,Father's Day,1997,85000000,28681080,35681080,28681080.0,7000000.0,35681080.0,,8776159.0,PG-13
661,The Greatest Showman,2017,84000000,174340174,428796000,174340174.0,254455826.0,428796000.0,82454259.0,8805843.0,PG
662,Scooby-Doo,2002,84000000,153294164,276294164,153294164.0,123000000.0,276294164.0,,54155312.0,PG
663,Nutty Professor II: The Klumps,2000,84000000,123307945,166307945,123307945.0,43000000.0,166307945.0,,42518830.0,PG-13
664,RED 2,2013,84000000,53262560,141507355,53262560.0,88244795.0,141507355.0,50838334.0,18048422.0,PG-13
665,Click,2006,82500000,137355633,237685089,137355633.0,100329456.0,237685089.0,82010251.0,40011365.0,PG-13
666,Charlotte\'s Web,2006,82500000,82985708,143985708,82985708.0,61000000.0,143985708.0,86591359.0,11457353.0,G
667,Jumper,2008,82500000,80172128,222640812,80172128.0,142468684.0,222640812.0,34649163.0,27354808.0,PG-13
668,Hellboy II: The Golden Army,2008,82500000,75986503,160388063,75986503.0,84401560.0,160388063.0,53907301.0,34539115.0,PG-13
669,The Longest Yard,2005,82000000,158119460,191558505,158119460.0,33439045.0,191558505.0,,47606480.0,PG-13
670,The Expendables,2010,82000000,103068524,268268174,103068524.0,165199650.0,268268174.0,77335220.0,34825135.0,R
671,Birds of Prey (And the Fantabulous Emancipation…,2020,82000000,84158461,205358461,84158461.0,121200000.0,205358461.0,31220905.0,33010017.0,R
672,The Boss Baby: Family Business,2021,82000000,57300280,146281732,57300280.0,88981452.0,146281732.0,6681337.0,16000665.0,PG
673,The 6th Day,2000,82000000,34543701,96024898,34543701.0,61481197.0,96024898.0,,13020883.0,PG-13
674,Bruce Almighty,2003,81000000,242704995,484468608,242704995.0,241763613.0,484468608.0,,67953330.0,PG-13
675,The Hunger Games,2012,80000000,408010692,677923379,408010692.0,269912687.0,677923379.0,226114174.0,152535747.0,PG-13
676,Minions: The Rise of Gru,2022,80000000,370549695,937706494,370549695.0,567156799.0,937706494.0,15026438.0,107010140.0,PG
677,The Hangover Part II,2011,80000000,254464305,586764305,254464305.0,332300000.0,586764305.0,76007871.0,85946294.0,R
678,Mission: Impossible,1996,80000000,180981886,457697994,180981886.0,276716108.0,457697994.0,12225983.0,45436830.0,PG-13
679,The Lego Batman Movie,2017,80000000,175750384,310082280,175750384.0,134331896.0,310082280.0,45426672.0,53003468.0,PG
680,Hotel Transylvania 2,2015,80000000,169700110,474800000,169700110.0,305099890.0,474800000.0,42612903.0,48464322.0,PG
681,Batman Returns,1992,80000000,162979405,266970061,162979405.0,103990656.0,266970061.0,,45687710.0,PG-13
682,The Secret Life of Pets 2,2019,80000000,159214420,446449908,159214420.0,287235488.0,446449908.0,27035863.0,46652680.0,PG
683,The Mummy,1999,80000000,157138535,418138535,157138535.0,261000000.0,418138535.0,,43369635.0,PG-13
684,Over the Hedge,2006,80000000,155019340,343397247,155019340.0,188377907.0,343397247.0,133490065.0,38457003.0,PG
685,Lilo & Stitch,2002,80000000,145771527,245799997,145771527.0,100028470.0,245799997.0,,35260212.0,PG
686,Deep Impact,1998,80000000,140464664,349464664,140464664.0,209000000.0,349464664.0,,41152375.0,PG-13
687,Grown Ups 2,2013,80000000,133668525,247023808,133668525.0,113355283.0,247023808.0,29747147.0,41508572.0,PG-13
688,Alvin and the Chipmunks: Chipwrecked,2011,80000000,133107389,349088523,133107389.0,215981134.0,349088523.0,55277225.0,23244744.0,G
689,Get Smart,2008,80000000,130319208,226739416,130319208.0,96420208.0,226739416.0,36660062.0,38683480.0,PG-13
690,Robots,2005,80000000,128200012,260636271,128200012.0,132436259.0,260636271.0,,36045301.0,PG
691,Shutter Island,2010,80000000,128012934,299461782,128012934.0,171448848.0,299461782.0,35121059.0,41062440.0,R
692,Something's Gotta Give,2003,80000000,124685242,266685242,124685242.0,142000000.0,266685242.0,,16064723.0,PG-13
693,Four Christmases,2008,80000000,120146040,168311558,120146040.0,48165518.0,168311558.0,35818815.0,31069826.0,PG-13
694,Face/Off,1997,80000000,112276146,241199984,112276146.0,128923838.0,241199984.0,,23387530.0,R
695,Bedtime Stories,2008,80000000,110101975,221468935,110101975.0,111366960.0,221468935.0,52667777.0,27450296.0,PG
696,Alien: Romulus,2024,80000000,105313091,350865342,105313091.0,245552251.0,350865342.0,,42003361.0,R
697,Road to Perdition,2002,80000000,104054514,183354514,104054514.0,79300000.0,183354514.0,,22079481.0,R
698,Just Go With It,2011,80000000,103028109,214974953,103028109.0,111946844.0,214974953.0,24079736.0,30514732.0,PG-13
699,Daredevil,2003,80000000,102543518,182782518,102543518.0,80239000.0,182782518.0,,40310418.0,PG-13
700,Eagle Eye,2008,80000000,101440743,180585259,101440743.0,79144516.0,180585259.0,39473234.0,29150721.0,PG-13
701,Con Air,1997,80000000,101117573,224117573,101117573.0,123000000.0,224117573.0,,24131738.0,R
702,Yogi Bear,2010,80000000,100246011,204774690,100246011.0,104528679.0,204774690.0,22912201.0,16411322.0,PG
703,Cold Mountain,2003,80000000,95632614,165173909,95632614.0,69541295.0,165173909.0,,14574213.0,R
704,The Book of Eli,2010,80000000,94835059,158750817,94835059.0,63915758.0,158750817.0,63286468.0,32789494.0,R
705,Flubber,1997,80000000,92993801,177993801,92993801.0,85000000.0,177993801.0,,26725207.0,PG
706,The Haunting,1999,80000000,91188905,180188905,91188905.0,89000000.0,180188905.0,,33435140.0,PG-13
707,Space Jam,1996,80000000,90463534,250180384,90463534.0,159716850.0,250180384.0,,27528529.0,PG
708,Fury,2014,80000000,85817906,210221008,85817906.0,124403102.0,210221008.0,35798802.0,23702421.0,R
709,Smallfoot,2018,80000000,83240103,214244195,83240103.0,131004092.0,214244195.0,21952497.0,23045635.0,PG
710,The Pink Panther,2006,80000000,82226474,158926474,82226474.0,76700000.0,158926474.0,23265511.0,20220412.0,PG
711,Zookeeper,2011,80000000,80360866,170805525,80360866.0,90444659.0,170805525.0,18378756.0,20065617.0,PG
712,The Day the Earth Stood Still,2008,80000000,79366978,237370350,79366978.0,158003372.0,237370350.0,32746420.0,30480153.0,PG-13
713,Conspiracy Theory,1997,80000000,76118990,142783718,76118990.0,66664728.0,142783718.0,252453.0,19313566.0,R
714,"Six Days, Seven Nights",1998,80000000,74339294,164800000,74339294.0,90460706.0,164800000.0,,16485276.0,PG-13
715,Spirit: Stallion of the Cimarron,2002,80000000,73215310,106515310,73215310.0,33300000.0,106515310.0,,17770036.0,G
716,Swordfish,2001,80000000,69772969,147080413,69772969.0,77307444.0,147080413.0,,18145632.0,R
717,Lost In Space,1998,80000000,69117629,136047317,69117629.0,66929688.0,136047317.0,,20154919.0,PG-13
718,The Manchurian Candidate,2004,80000000,65948711,96135872,65948711.0,30187161.0,96135872.0,,20018620.0,R
719,Déjà Vu,2006,80000000,64038616,181038616,64038616.0,117000000.0,181038616.0,41989933.0,20574802.0,PG-13
720,Bewitched,2005,80000000,63313159,131159306,63313159.0,67846147.0,131159306.0,,20131130.0,PG-13
721,Fantasia 2000,1999,80000000,60507228,60518248,60507228.0,11020.0,60518248.0,,2290525.0,G
722,The Good Shepherd,2006,80000000,59908565,100378271,59908565.0,40469706.0,100378271.0,34706180.0,10033960.0,R
723,The Time Machine,2002,80000000,56684819,98983590,56684819.0,42298771.0,98983590.0,,22610437.0,PG-13
724,What Dreams May Come,1998,80000000,55485043,71485043,55485043.0,16000000.0,71485043.0,,15833592.0,PG-13
725,Mighty Joe Young,1998,80000000,50632037,50632037,50632037.0,,,,10602042.0,PG
726,Ad Astra,2019,80000000,50188370,135154826,50188370.0,84966456.0,135154826.0,9765989.0,19001398.0,PG-13
727,The Legend of Zorro,2005,80000000,45575336,141475336,45575336.0,95900000.0,141475336.0,30187531.0,16328506.0,PG
728,Madame Web,2024,80000000,43817106,100298817,43817106.0,56481711.0,100298817.0,,15335860.0,PG-13
729,The Creator,2023,80000000,40774679,104272136,40774679.0,63497457.0,104272136.0,,14079512.0,PG-13
730,Little Nicky,2000,80000000,39442871,58270391,39442871.0,18827520.0,58270391.0,,16063904.0,PG-13
731,Surrogates,2009,80000000,38577772,119668350,38577772.0,81090578.0,119668350.0,17157433.0,14902692.0,PG-13
732,Evolution,2001,80000000,38311134,98341932,38311134.0,60030798.0,98341932.0,,13408351.0,PG-13
733,The Brothers Grimm,2005,80000000,37899638,105299638,37899638.0,67400000.0,105299638.0,,15092079.0,PG-13
734,Mars Attacks!,1996,80000000,37771017,101371017,37771017.0,63600000.0,101371017.0,,9384272.0,PG-13
735,The Wild,2006,80000000,37384046,99010667,37384046.0,61626621.0,99010667.0,43241618.0,9684809.0,G
736,Walking with Dinosaurs,2013,80000000,36076121,123368842,36076121.0,87292721.0,123368842.0,12601815.0,7091938.0,PG
737,Thirteen Days,2000,80000000,34566746,66554547,34566746.0,31987801.0,66554547.0,206260.0,46668.0,PG-13
738,Daylight,1996,80000000,32908290,158908290,32908290.0,126000000.0,158908290.0,,10015875.0,PG-13
739,The Last Witch Hunter,2015,80000000,27367660,130818912,27367660.0,103451252.0,130818912.0,18961390.0,10812861.0,PG-13
740,Pompeii,2014,80000000,23169033,108469033,23169033.0,85300000.0,108469033.0,8971099.0,10340823.0,PG-13
741,Battlefield Earth: A Saga of the Year 3000,2000,80000000,21471685,29725663,21471685.0,8253978.0,29725663.0,,11548898.0,PG-13
742,Looney Tunes: Back in Action,2003,80000000,20950820,54540662,20950820.0,33589842.0,54540662.0,,9317371.0,PG
743,Nine,2009,80000000,19676965,56984219,19676965.0,37307254.0,56984219.0,6951593.0,257232.0,PG-13
744,Timeline,2003,80000000,19480739,26703184,19480739.0,7222445.0,26703184.0,,8440629.0,PG-13
745,Oceans,2010,80000000,19422319,86787530,19422319.0,67365211.0,86787530.0,8553509.0,6058958.0,G
746,Babe: Pig in the City,1998,80000000,18319860,69131860,18319860.0,50812000.0,69131860.0,,6162640.0,G
747,The Postman,1997,80000000,17650704,20841123,17650704.0,3190419.0,20841123.0,,5260324.0,R
748,Red Planet,2000,80000000,17480890,33463969,17480890.0,15983079.0,33463969.0,,8721296.0,PG-13
749,Arthur et les Minimoys,2007,80000000,15132763,113325743,15132763.0,98192980.0,113325743.0,13213394.0,4294936.0,PG
750,The Invasion,2007,80000000,15074191,40147042,15074191.0,25072851.0,40147042.0,5172575.0,5951409.0,PG-13
751,Amsterdam,2022,80000000,14947969,29400826,14947969.0,14452857.0,29400826.0,,6444896.0,R
752,A Sound of Thunder,2005,80000000,1900451,6300451,1900451.0,4400000.0,6300451.0,,917398.0,PG-13
753,The Aeronauts,2019,80000000,0,6628721,,6628721.0,6628721.0,,,PG-13
754,The Lion King,1994,79300000,423981226,988389726,423981226.0,564408500.0,988389726.0,,1586753.0,G
755,Journey 2: The Mysterious Island,2012,79000000,103860290,318146162,103860290.0,214285872.0,318146162.0,31007260.0,27335363.0,PG
756,Jack and Jill,2011,79000000,74158157,150519217,74158157.0,76361060.0,150519217.0,15072552.0,25003575.0,PG
757,A Beautiful Mind,2001,78000000,170708996,317668058,170708996.0,146959062.0,317668058.0,,367151.0,PG-13
758,The Wild Robot,2024,78000000,143891790,324778862,143891790.0,180887072.0,324778862.0,,35790150.0,PG
759,Cloudy with a Chance of Meatballs 2,2013,78000000,119793567,274392649,119793567.0,154599082.0,274392649.0,49982973.0,34017930.0,PG
760,Red Dragon,2002,78000000,92955420,206455420,92955420.0,113500000.0,206455420.0,,36540945.0,R
761,Hidalgo,2004,78000000,67286731,108086731,67286731.0,40800000.0,108086731.0,,18829435.0,PG-13
762,The League of Extraordinary Gentlemen,2003,78000000,66465204,179265204,66465204.0,112800000.0,179265204.0,,23075892.0,PG-13
763,Exorcist: The Beginning,2004,78000000,41814863,43957541,41814863.0,2142678.0,43957541.0,,18054001.0,R
764,Astérix et Obélix: Au service de Sa Majesté,2012,77600000,0,60680125,,60680125.0,60680125.0,,,
765,The Little Prince,2015,77500000,1311213,102027275,1311213.0,100716062.0,102027275.0,15964.0,116927.0,PG
766,Renegades,2017,77500000,0,1521672,,1521672.0,1521672.0,3476910.0,,PG-13
767,The Equalizer 2,2018,77000000,102084362,190376181,102084362.0,88291819.0,190376181.0,26131038.0,36011640.0,R
768,Despicable Me 2,2013,76000000,368065385,975216835,368065385.0,607151450.0,975216835.0,250111631.0,84227980.0,PG
769,2 Fast 2 Furious,2003,76000000,127120058,236410607,127120058.0,109290549.0,236410607.0,,50472480.0,PG-13
770,Children of Men,2006,76000000,35552383,69845011,35552383.0,34292628.0,69845011.0,26473311.0,501003.0,R
771,The Adventures of Rocky & Bullwinkle,2000,76000000,26000610,35129610,26000610.0,9129000.0,35129610.0,,6814270.0,PG
772,The Secret Life of Pets,2016,75000000,369094830,886013000,369094830.0,516918170.0,886013000.0,101418194.0,104352905.0,PG
773,Independence Day,1996,75000000,306169255,817400878,306169255.0,511231623.0,817400878.0,,50228264.0,PG-13
774,Dr. Seuss’ The Grinch,2018,75000000,272961295,514330681,272961295.0,241369386.0,514330681.0,62662920.0,67572855.0,PG
775,Sing,2016,75000000,270329045,631064182,270329045.0,360735137.0,631064182.0,72315715.0,35258145.0,PG
776,Despicable Me 3,2017,75000000,264624300,1032809657,264624300.0,768185357.0,1032809657.0,48898988.0,72434025.0,PG
777,The Lost World: Jurassic Park,1997,75000000,229086679,618638999,229086679.0,389552320.0,618638999.0,,72132785.0,PG-13
778,Ice Age: The Meltdown,2006,75000000,195330621,651899282,195330621.0,456568661.0,651899282.0,137847773.0,68033544.0,PG
779,Madagascar,2005,75000000,193595521,556559566,193595521.0,362964045.0,556559566.0,,47224594.0,PG
780,John Wick: Chapter 3 — Parabellum,2019,75000000,171016727,326685379,171016727.0,155668652.0,326685379.0,71431064.0,56818067.0,R
781,Grown Ups,2010,75000000,162001186,272222420,162001186.0,110221234.0,272222420.0,60017384.0,40506564.0,PG-13
782,Shark Tale,2004,75000000,161412000,371741123,161412000.0,210329123.0,371741123.0,,47604606.0,PG
783,X-Men,2000,75000000,157299717,296872367,157299717.0,139572650.0,296872367.0,,54471475.0,PG-13
784,Creed III,2023,75000000,156248615,276148615,156248615.0,119900000.0,276148615.0,2197778.0,58370007.0,PG-13
785,Wanted,2008,75000000,134508551,342416460,134508551.0,207907909.0,342416460.0,72981576.0,50927085.0,R
786,The Rock,1996,75000000,134069511,336069511,134069511.0,202000000.0,336069511.0,,25069525.0,R
787,Ghostbusters: Afterlife,2021,75000000,129360575,203540177,129360575.0,74179602.0,203540177.0,20265010.0,44008406.0,PG-13
788,50 First Dates,2004,75000000,120776832,196320329,120776832.0,75543497.0,196320329.0,,39852237.0,PG-13
789,Mamma Mia: Here We Go Again!,2018,75000000,120634935,393439007,120634935.0,272804072.0,393439007.0,21617434.0,34952180.0,PG-13
790,Hairspray,2007,75000000,118871849,202822861,118871849.0,83951012.0,202822861.0,104955283.0,27476745.0,PG
791,Now You See Me,2013,75000000,117723989,342769200,117723989.0,225045211.0,342769200.0,35113710.0,29350389.0,PG-13
792,Dreamgirls,2006,75000000,103365956,155620350,103365956.0,52254394.0,155620350.0,54530489.0,378950.0,PG-13
793,Christopher Robin,2018,75000000,99215042,197744377,99215042.0,98529335.0,197744377.0,24826209.0,24585139.0,PG
794,Inspector Gadget,1999,75000000,97387965,97387965,97387965.0,,,,21889138.0,PG
795,Immortals,2011,75000000,83504017,211562435,83504017.0,128058418.0,211562435.0,36234020.0,32206425.0,R
796,The Terminal,2004,75000000,77073959,218673959,77073959.0,141600000.0,218673959.0,378220.0,19053199.0,PG-13
797,Constantine,2005,75000000,75976178,221593554,75976178.0,145617376.0,221593554.0,,29769098.0,R
798,Morbius,2022,75000000,73865530,162759437,73865530.0,88893907.0,162759437.0,11260070.0,39005895.0,PG-13
799,Monster House,2006,75000000,73661010,141267370,73661010.0,67606360.0,141267370.0,80066421.0,22217226.0,PG
800,Vertical Limit,2000,75000000,68473360,213500000,68473360.0,145026640.0,213500000.0,,15507845.0,PG-13
801,Charlie Wilson’s War,2007,75000000,66661095,119512771,66661095.0,52851676.0,119512771.0,18601808.0,9656250.0,R
802,Life,1999,75000000,64062587,73521587,64062587.0,9459000.0,73521587.0,,20414775.0,R
803,Abominable,2019,75000000,60761390,188668889,60761390.0,127907499.0,188668889.0,21106075.0,20612100.0,PG
804,Transformers One,2024,75000000,59098421,128317666,59098421.0,69219245.0,128317666.0,,24613970.0,PG
805,Be Cool,2005,75000000,55849401,94944017,55849401.0,39094616.0,94944017.0,,23450212.0,PG-13
806,House of Gucci,2021,75000000,53809574,147474138,53809574.0,93664564.0,147474138.0,1601376.0,14423794.0,R
807,Munich,2005,75000000,47379090,131492772,47379090.0,84113682.0,131492772.0,34629868.0,4152260.0,R
808,Killers,2010,75000000,47059963,95572749,47059963.0,48512786.0,95572749.0,21085482.0,15837266.0,PG-13
809,The Man From U.N.C.L.E.,2015,75000000,45445109,110045109,45445109.0,64600000.0,110045109.0,9238957.0,13421036.0,PG-13
810,Tears of the Sun,2003,75000000,43632458,85632458,43632458.0,42000000.0,85632458.0,,17057213.0,R
811,Lady in the Water,2006,75000000,42285169,72785169,42285169.0,30500000.0,72785169.0,13382980.0,18044396.0,PG-13
812,Spanglish,2004,75000000,42044321,54344321,42044321.0,12300000.0,54344321.0,,8817853.0,PG-13
813,Bandits,2001,75000000,41523271,71523271,41523271.0,30000000.0,71523271.0,,13050700.0,PG-13
814,Anna and the King,1999,75000000,39251128,39251128,39251128.0,,,,5223416.0,PG-13
815,First Knight,1995,75000000,37361412,127361412,37361412.0,90000000.0,127361412.0,,10856442.0,PG-13
816,Sucker Punch,2011,75000000,36392502,89758389,36392502.0,53365887.0,89758389.0,19547887.0,19058199.0,R
817,Hostage,2005,75000000,34636443,77636443,34636443.0,43000000.0,77636443.0,,10214734.0,R
818,Inferno,2016,75000000,34343574,219519367,34343574.0,185175793.0,219519367.0,11033083.0,14860425.0,PG-13
819,Hollywood Homicide,2003,75000000,30207785,50409753,30207785.0,20201968.0,50409753.0,,11112632.0,PG-13
820,Titan A.E.,2000,75000000,22751979,36751979,22751979.0,14000000.0,36751979.0,,9376845.0,PG
821,Flight of the Phoenix,2004,75000000,21009180,34009180,21009180.0,13000000.0,34009180.0,,5019430.0,PG-13
822,Soldier,1998,75000000,14623082,14623082,14623082.0,,,,6447237.0,R
823,The 355,2022,75000000,14570455,18902798,14570455.0,4332343.0,18902798.0,1408254.0,4621765.0,PG-13
824,Virus,1999,75000000,14010690,30626690,14010690.0,16616000.0,30626690.0,,6013640.0,R
825,Devara Part 1,2024,75000000,5600000,33398822,5600000.0,27798822.0,33398822.0,,5600000.0,
826,Monkeybone,2001,75000000,5409517,5409517,5409517.0,,,,2685078.0,PG-13
827,PLAYMOBIL,2019,75000000,1115008,16288031,1115008.0,15173023.0,16288031.0,39343.0,656530.0,PG
828,Don’t Look Up,2021,75000000,0,762858,,762858.0,762858.0,,,R
829,The Man From Toronto,2022,75000000,0,470000,,470000.0,470000.0,237501.0,,PG-13
830,28 Years Later,2025,75000000,0,0,,,,,,
831,Minions,2015,74000000,336045770,1157271759,336045770.0,821225989.0,1157271759.0,125772398.0,115718405.0,PG
832,The SpongeBob Movie: Sponge Out of Water,2015,74000000,162994032,311013181,162994032.0,148019149.0,311013181.0,24792934.0,55365012.0,PG
833,The Lost City,2022,74000000,105344029,192327444,105344029.0,86983415.0,192327444.0,7377991.0,30453269.0,PG-13
834,Unbreakable,2000,73243106,94999143,248099143,94999143.0,153100000.0,248099143.0,,30330771.0,PG-13
835,Talladega Nights: The Ballad of Ricky Bobby,2006,73000000,148213377,162870525,148213377.0,14657148.0,162870525.0,89142006.0,47042215.0,PG-13
836,The Angry Birds Movie,2016,73000000,107509366,352288341,107509366.0,244778975.0,352288341.0,28311546.0,38155177.0,PG
837,Snake Eyes,1998,73000000,55591409,103891409,55591409.0,48300000.0,103891409.0,,16310373.0,R
838,Sphere,1998,73000000,37068294,50168294,37068294.0,13100000.0,50168294.0,,16586765.0,PG-13
839,The Simpsons Movie,2007,72500000,183135014,527071022,183135014.0,343936008.0,527071022.0,97413084.0,74036787.0,PG-13
840,Fool’s Gold,2008,72500000,70231041,109362966,70231041.0,39131925.0,109362966.0,21301469.0,21589295.0,PG-13
841,Funny People,2009,72500000,51855045,71880305,51855045.0,20025260.0,71880305.0,15521325.0,22657780.0,R
842,The Kingdom,2007,72500000,47467250,86802457,47467250.0,39335207.0,86802457.0,35808803.0,17135055.0,R
843,Migration,2023,72000000,127630880,299350661,127630880.0,171719781.0,299350661.0,,12453275.0,PG
844,Dr. Dolittle 2,2001,72000000,112950721,176101721,112950721.0,63151000.0,176101721.0,,25037039.0,PG
845,Braveheart,1995,72000000,75545647,209045244,75545647.0,133499597.0,209045244.0,,12908202.0,R
846,Jarhead,2005,72000000,62647540,96947540,62647540.0,34300000.0,96947540.0,53139255.0,27726210.0,R
847,Driven,2001,72000000,32616869,54616869,32616869.0,22000000.0,54616869.0,,12174504.0,PG-13
848,The Majestic,2001,72000000,27796042,37306334,27796042.0,9510292.0,37306334.0,,4904339.0,PG
849,Two Brothers,2004,72000000,19176754,62176754,19176754.0,43000000.0,62176754.0,,6144160.0,PG
850,The Village,2004,71682975,114197520,257641634,114197520.0,143444114.0,257641634.0,,50746142.0,PG-13
851,Doctor Dolittle,1998,71500000,144156605,294156605,144156605.0,150000000.0,294156605.0,,29014324.0,PG-13
852,Signs,2002,70702619,227969295,408250578,227969295.0,180281283.0,408250578.0,,60116619.0,PG-13
853,Shrek 2,2004,70000000,441426807,935454538,441426807.0,494027731.0,935454538.0,,108037878.0,PG
854,Cars,2006,70000000,244082982,461630558,244082982.0,217547576.0,461630558.0,314245911.0,60119509.0,G
855,Alvin and the Chipmunks: The Squeakquel,2009,70000000,219614612,443483213,219614612.0,223868601.0,443483213.0,83276483.0,48875415.0,PG
856,It: Chapter Two,2019,70000000,211593228,467561586,211593228.0,255968358.0,467561586.0,27238210.0,91062152.0,R
857,Who Framed Roger Rabbit?,1988,70000000,154112492,351500000,154112492.0,197387508.0,351500000.0,,11226239.0,PG
858,Runaway Bride,1999,70000000,152257509,310138178,152257509.0,157880669.0,310138178.0,,35055556.0,PG
859,xXx,2002,70000000,141930000,267200000,141930000.0,125270000.0,267200000.0,,44506103.0,PG-13
860,Ocean’s 8,2018,70000000,140218711,297718711,140218711.0,157500000.0,297718711.0,15898740.0,41607378.0,PG-13
861,Ransom,1996,70000000,136492681,308700000,136492681.0,172207319.0,308700000.0,,34216088.0,R
862,Inglourious Basterds,2009,70000000,120774594,316802281,120774594.0,196027687.0,316802281.0,99136275.0,38054676.0,R
863,Hook,1991,70000000,119654823,300854823,119654823.0,181200000.0,300854823.0,,13522535.0,PG
864,Teenage Mutant Ninja Turtles: Mutant Mayhem,2023,70000000,118700272,180329865,118700272.0,61629593.0,180329865.0,,28007544.0,PG
865,Die Hard 2,1990,70000000,117323878,239813888,117323878.0,122490010.0,239813888.0,,21744661.0,R
866,S.W.A.T.,2003,70000000,116877597,207154748,116877597.0,90277151.0,207154748.0,,37062535.0,PG-13
867,Daddy’s Home 2,2017,70000000,104029443,175807183,104029443.0,71777740.0,175807183.0,12983941.0,29651193.0,PG-13
868,Sleepy Hollow,1999,70000000,101068340,207068340,101068340.0,106000000.0,207068340.0,,30060467.0,R
869,Vanilla Sky,2001,70000000,100614858,202726605,100614858.0,102111747.0,202726605.0,,25015518.0,R
870,Hercules,1997,70000000,99112101,250700000,99112101.0,151587899.0,250700000.0,,249567.0,G
871,Olympus Has Fallen,2013,70000000,98927592,172836993,98927592.0,73909401.0,172836993.0,39770808.0,30373794.0,R
872,The Bad Guys,2022,70000000,97459240,250901649,97459240.0,153442409.0,250901649.0,9668192.0,23950245.0,PG
873,Battle: Los Angeles,2011,70000000,83552429,213463976,83552429.0,129911547.0,213463976.0,30700783.0,35573187.0,PG-13
874,AVP: Alien Vs. Predator,2004,70000000,80281096,172543519,80281096.0,92262423.0,172543519.0,,38291056.0,PG-13
875,War Horse,2011,70000000,79883359,156815529,79883359.0,76932170.0,156815529.0,43452293.0,7515402.0,PG-13
876,We Were Soldiers,2002,70000000,78120196,114658262,78120196.0,36538066.0,114658262.0,,20212543.0,R
877,The Monuments Men,2014,70000000,78031620,158702748,78031620.0,80671128.0,158702748.0,24182150.0,22003433.0,PG-13
878,Storks,2016,70000000,72679278,183353431,72679278.0,110674153.0,183353431.0,28065161.0,21311407.0,PG
879,Star Trek: Insurrection,1998,70000000,70187658,117800000,70187658.0,47612342.0,117800000.0,,22052836.0,PG
880,Big Fish,2003,70000000,66432867,123954323,66432867.0,57521456.0,123954323.0,,207377.0,PG-13
881,Wolf,1994,70000000,65011757,131011757,65011757.0,66000000.0,131011757.0,,17911366.0,R
882,Underworld: Awakening,2012,70000000,62321039,160379930,62321039.0,98058891.0,160379930.0,29539690.0,25306725.0,R
883,The Lego Ninjago Movie,2017,70000000,59281555,122737201,59281555.0,63455646.0,122737201.0,16901623.0,20433071.0,PG
884,Dracula Untold,2014,70000000,55991880,220241723,55991880.0,164249843.0,220241723.0,18636364.0,23514615.0,PG-13
885,The Guardian,2006,70000000,55011732,94973540,55011732.0,39961808.0,94973540.0,54280852.0,18006064.0,PG-13
886,The Abyss,1989,70000000,54763229,54793434,54763229.0,30205.0,54793434.0,,9319797.0,PG-13
887,Wall Street 2: Money Never Sleeps,2010,70000000,52474616,137431619,52474616.0,84957003.0,137431619.0,18941832.0,19011188.0,PG-13
888,The Dilemma,2011,70000000,48475290,70546865,48475290.0,22071575.0,70546865.0,8941011.0,17816230.0,PG-13
889,Rumor Has It,2005,70000000,42996140,88933562,42996140.0,45937422.0,88933562.0,21498456.0,3470000.0,PG-13
890,The Siege,1998,70000000,40934175,116625798,40934175.0,75691623.0,116625798.0,,13931285.0,R
891,Stardust,2007,70000000,38634938,137022245,38634938.0,98387307.0,137022245.0,26183997.0,9169779.0,PG-13
892,Rock of Ages,2012,70000000,38518613,61031932,38518613.0,22513319.0,61031932.0,17193234.0,14437269.0,PG-13
893,The Hitman’s Wife’s Bodyguard,2021,70000000,38014727,67387455,38014727.0,29372728.0,67387455.0,11223536.0,11397820.0,R
894,Seven Years in Tibet,1997,70000000,37945884,131445884,37945884.0,93500000.0,131445884.0,,10020378.0,PG-13
895,Sky Captain and the World of Tomorrow,2004,70000000,37760080,49730854,37760080.0,11970774.0,49730854.0,,15580278.0,PG
896,The Brave One,2007,70000000,36793804,69792704,36793804.0,32998900.0,69792704.0,18656349.0,13471488.0,R
897,I Spy,2002,70000000,33561137,60279822,33561137.0,26718685.0,60279822.0,,12752803.0,PG-13
898,Bad Company,2002,70000000,30157016,69157016,30157016.0,39000000.0,69157016.0,,11007367.0,PG-13
899,Doom,2005,70000000,28212337,58757178,28212337.0,30544841.0,58757178.0,29292355.0,15488870.0,R
900,The Finest Hours,2016,70000000,27569558,49252761,27569558.0,21683203.0,49252761.0,5226523.0,10288932.0,PG
901,Escape Plan,2013,70000000,25135965,103735965,25135965.0,78600000.0,103735965.0,15558490.0,9885732.0,R
902,Killer Elite,2011,70000000,25124986,65409046,25124986.0,40284060.0,65409046.0,12075145.0,9352008.0,R
903,Hard Rain,1998,70000000,19870567,19870567,19870567.0,,,,7076110.0,R
904,Hart's War,2002,70000000,19076815,33076815,19076815.0,14000000.0,33076815.0,,7771753.0,R
905,Rollerball,2002,70000000,18990542,25852508,18990542.0,6861966.0,25852508.0,,9013548.0,PG-13
906,The Legend of Hercules,2014,70000000,18848538,58953319,18848538.0,40104781.0,58953319.0,12880423.0,8868318.0,PG-13
907,Next,2007,70000000,18211013,73591500,18211013.0,55380487.0,73591500.0,19466116.0,7133049.0,PG-13
908,"Ruby Gillman, Teenage Kraken",2023,70000000,15753600,46247409,15753600.0,30493809.0,46247409.0,707717.0,5500990.0,PG
909,Ballistic: Ecks vs. Sever,2002,70000000,14294842,14294842,14294842.0,,,,7010474.0,R
910,Osmosis Jones,2001,70000000,13596911,13596911,13596911.0,,,,5271248.0,PG
911,Legends of Oz: Dorothy’s Return,2014,70000000,8462347,20107933,8462347.0,11645586.0,20107933.0,2084950.0,3747780.0,PG
912,Blackhat,2015,70000000,8005980,19665004,8005980.0,11659024.0,19665004.0,3256828.0,3901815.0,R
913,Basic Instinct 2,2006,70000000,5946136,35417162,5946136.0,29471026.0,35417162.0,6901695.0,3201420.0,R
914,Agora,2010,70000000,619423,38992292,619423.0,38372869.0,38992292.0,,33262.0,R
915,The Old Guard,2020,70000000,0,0,,,,,,R
917,Marty Supreme,2025,70000000,0,0,,,,,,
918,Despicable Me,2010,69000000,252756705,544707293,252756705.0,291950588.0,544707293.0,281505885.0,56397125.0,PG
919,Dinner for Schmucks,2010,69000000,73026337,86796502,73026337.0,13770165.0,86796502.0,16903235.0,23527839.0,PG-13
920,Red Sparrow,2018,69000000,46874505,145951861,46874505.0,99077356.0,145951861.0,9302566.0,16853422.0,R
921,The Twilight Saga: Eclipse,2010,68000000,300531751,706101755,300531751.0,405570004.0,706101755.0,206275533.0,64832191.0,PG-13
922,Nope,2022,68000000,123277080,172039087,123277080.0,48762007.0,172039087.0,4673880.0,44366910.0,R
923,The Sum of All Fears,2002,68000000,118471320,193500000,118471320.0,75028680.0,193500000.0,,31178526.0,PG-13
924,Ted 2,2015,68000000,81476385,217214143,81476385.0,135737758.0,217214143.0,25271452.0,33507870.0,R
925,The Score,2001,68000000,71069884,113542091,71069884.0,42472207.0,113542091.0,,19018807.0,R
926,Hall Pass,2011,68000000,45060734,87173475,45060734.0,42112741.0,87173475.0,12908353.0,13535374.0,R
927,Money Train,1995,68000000,35324232,77224232,35324232.0,41900000.0,77224232.0,,10608297.0,R
928,Dreamcatcher,2003,68000000,33685268,75685268,33685268.0,42000000.0,75685268.0,,15027423.0,R
929,Mystery Men,1999,68000000,29762011,33462011,29762011.0,3700000.0,33462011.0,,10017865.0,PG-13
930,The Insider,1999,68000000,28965197,60265197,28965197.0,31300000.0,60265197.0,,6712361.0,R
931,Downsizing,2017,68000000,24449754,54462971,24449754.0,30013217.0,54462971.0,2822404.0,4954287.0,R
932,Reminiscence,2021,67972729,3900193,16400193,3900193.0,12500000.0,16400193.0,,1950793.0,PG-13
933,Dr. Seuss’ The Lorax,2012,67500000,214151550,351097803,214151550.0,136946253.0,351097803.0,116410536.0,70217070.0,PG
934,Body of Lies,2008,67500000,39394666,118556530,39394666.0,79161864.0,118556530.0,23575394.0,12884416.0,R
935,Abraham Lincoln: Vampire Hunter,2012,67500000,37519139,137489730,37519139.0,99970591.0,137489730.0,18340243.0,16306974.0,R
936,A Quiet Place: Day One,2024,67000000,139051884,261067171,139051884.0,122015287.0,261067171.0,,52202495.0,PG-13
937,The New Mutants,2020,67000000,23855569,47535251,23855569.0,23679682.0,47535251.0,6831246.0,7037017.0,PG-13
938,Last Man Standing,1996,67000000,18115927,18149997,18115927.0,34070.0,18149997.0,,7010333.0,R
939,The Last Legion,2007,67000000,5932060,25357771,5932060.0,19425711.0,25357771.0,,2746312.0,PG-13
940,Entrapment,1999,66000000,87707396,211700000,87707396.0,123992604.0,211700000.0,,20145595.0,PG-13
941,The X Files: Fight the Future,1998,66000000,83898313,189176423,83898313.0,105278110.0,189176423.0,,30138758.0,PG-13
942,The Dark Tower,2017,66000000,50701325,113461527,50701325.0,62760202.0,113461527.0,12400792.0,19153698.0,PG-13
943,Need for Speed,2014,66000000,43568507,194169619,43568507.0,150601112.0,194169619.0,10881262.0,17844939.0,PG-13
944,Saving Private Ryan,1998,65000000,216335085,485035085,216335085.0,268700000.0,485035085.0,,30576104.0,R
945,What Women Want,2000,65000000,182805123,374105123,182805123.0,191300000.0,374105123.0,,33614543.0,PG-13
946,Lincoln,2012,65000000,182207973,273346281,182207973.0,91138308.0,273346281.0,37825611.0,944308.0,PG-13
947,Ice Age,2002,65000000,176387405,386116343,176387405.0,209728938.0,386116343.0,,46312454.0,PG
948,The Matrix,1999,65000000,174304288,466281862,174304288.0,291977574.0,466281862.0,,27788331.0,R
949,Apollo 13,1995,65000000,173772767,335802271,173772767.0,162029504.0,335802271.0,,25353380.0,PG
950,Hotel Transylvania 3: Summer Vacation,2018,65000000,167500092,527361714,167500092.0,359861622.0,527361714.0,38660498.0,44076225.0,PG
951,Les Misérables,2012,65000000,149260140,435292452,149260140.0,286032312.0,435292452.0,85633711.0,27281735.0,PG-13
952,The Santa Clause 2,2002,65000000,139225854,172844592,139225854.0,33618738.0,172844592.0,,29008696.0,G
953,Total Recall,1990,65000000,119394839,261399684,119394839.0,142004845.0,261399684.0,,25533700.0,R
954,You’ve Got Mail,1998,65000000,115821495,250800000,115821495.0,134978505.0,250800000.0,,18426749.0,PG
955,Unbroken,2014,65000000,115637895,163527824,115637895.0,47889929.0,163527824.0,20420217.0,30621445.0,PG-13
956,Spy!,2015,65000000,110825712,233844106,110825712.0,123018394.0,233844106.0,24482201.0,29085719.0,R
957,Due Date,2010,65000000,100539043,211739043,100539043.0,111200000.0,211739043.0,38124123.0,32689406.0,R
958,Step Brothers,2008,65000000,100468793,128107642,100468793.0,27638849.0,128107642.0,69671961.0,30940732.0,R
959,Jumanji,1995,65000000,100458310,262758310,100458310.0,162300000.0,262758310.0,1404798.0,11084370.0,PG
960,The Mask of Zorro,1998,65000000,93828745,233700000,93828745.0,139871255.0,233700000.0,,22525855.0,PG-13
961,Space Cowboys,2000,65000000,90454043,128874043,90454043.0,38420000.0,128874043.0,,18093776.0,PG-13
962,Annie,2014,65000000,85911262,139829625,85911262.0,53918363.0,139829625.0,18205898.0,15861939.0,PG
963,Cliffhanger,1993,65000000,84049211,255000000,84049211.0,170950789.0,255000000.0,,20458022.0,R
964,Pete’s Dragon,2016,65000000,76233151,137768975,76233151.0,61535824.0,137768975.0,27772646.0,21514095.0,PG
965,Broken Arrow,1996,65000000,70645997,148345997,70645997.0,77700000.0,148345997.0,,15583510.0,R
966,World Trade Center,2006,65000000,70278893,163295654,70278893.0,93016761.0,163295654.0,37535827.0,18730762.0,PG-13
967,The Kid,2000,65000000,69688384,69688384,69688384.0,,,,12687726.0,PG
968,Mona Lisa Smile,2003,65000000,63803100,141205169,63803100.0,77402069.0,141205169.0,,11528498.0,PG-13
969,The Dictator,2012,65000000,59650222,180148897,59650222.0,120498675.0,180148897.0,8688278.0,17435092.0,R
970,The Croods: A New Age,2020,65000000,58568815,214766238,58568815.0,156197423.0,214766238.0,29071562.0,9724200.0,PG
971,Eyes Wide Shut,1999,65000000,55791346,104364755,55791346.0,48573409.0,104364755.0,,21706163.0,R
972,This Means War,2012,65000000,54760791,156974557,54760791.0,102213766.0,156974557.0,16867875.0,17405930.0,PG-13
973,Focus,2015,65000000,53862963,168065700,53862963.0,114202737.0,168065700.0,8009957.0,18685137.0,PG-13
974,Blade: Trinity,2004,65000000,52397389,131353165,52397389.0,78955776.0,131353165.0,,16061271.0,R
975,Red Dawn,2012,65000000,44806783,48164150,44806783.0,3357367.0,48164150.0,21875925.0,14276668.0,PG-13
976,We Are Marshall,2006,65000000,43545364,43545364,43545364.0,,,26910732.0,6114264.0,PG
977,Everest,2015,65000000,43482270,221297061,43482270.0,177814791.0,221297061.0,9728103.0,7222035.0,PG-13
978,Resident Evil: Retribution,2012,65000000,42345531,240647629,42345531.0,198302098.0,240647629.0,24136149.0,21052227.0,R
979,The Angry Birds Movie 2,2019,65000000,41657076,152255188,41657076.0,110598112.0,152255188.0,7368803.0,10354073.0,PG
980,Primary Colors,1998,65000000,39017984,39017984,39017984.0,,,,12045395.0,R
981,Fight Club,1999,65000000,37030102,100820947,37030102.0,63790845.0,100820947.0,,11035485.0,R
982,Death Race,2008,65000000,36316032,72516819,36316032.0,36200787.0,72516819.0,25980227.0,12621090.0,R
983,The Long Kiss Goodnight,1996,65000000,33447612,33447612,33447612.0,,,,10183230.0,R
984,Proof of Life,2000,65000000,32598931,62761005,32598931.0,30162074.0,62761005.0,,10207869.0,R
985,Zathura,2005,65000000,28045540,58545540,28045540.0,30500000.0,58545540.0,22193748.0,13427872.0,PG
986,The Missing,2003,65000000,26900336,38253433,26900336.0,11353097.0,38253433.0,,10833633.0,R
987,Elektra,2005,65000000,24409722,56824633,24409722.0,32414911.0,56824633.0,,12804793.0,PG-13
988,Astro Boy,2009,65000000,19551067,41636243,19551067.0,22085176.0,41636243.0,10901645.0,6702923.0,PG
989,"I, Frankenstein",2014,65000000,19075290,74575290,19075290.0,55500000.0,74575290.0,13318095.0,8610441.0,PG-13
990,Underwater,2019,65000000,17291078,39177495,17291078.0,21886417.0,39177495.0,3761728.0,7008297.0,PG-13
991,Hudson Hawk,1991,65000000,17218916,17218916,17218916.0,,,,7082820.0,R
992,Sin City: A Dame to Kill For,2014,65000000,13757804,40650842,13757804.0,26893038.0,40650842.0,6609907.0,6317683.0,R
993,Live by Night,2016,65000000,10378555,21774432,10378555.0,11395877.0,21774432.0,1573520.0,33336.0,R
994,Lucky Numbers,2000,65000000,10014234,10014234,10014234.0,,,,4536625.0,R
995,Oliver Twist,2005,65000000,2070920,26670920,2070920.0,24600000.0,26670920.0,,68447.0,PG-13
996,Tian jiang xiong shi,2015,65000000,74070,122519874,74070.0,122445804.0,122519874.0,,30346.0,R
997,Air Strike,2018,65000000,0,516279,,516279.0,516279.0,,,R
998,Extraction,2020,65000000,0,0,,,,,,R
999,Prey,2022,65000000,0,0,,,,3769176.0,,R
"1,000",Little Man,2006,64000000,58636047,101636047,58636047.0,43000000.0,101636047.0,33319301.0,21613176.0,PG-13
"1,001",Clifford the Big Red Dog,2021,64000000,48947356,113350187,48947356.0,64402831.0,113350187.0,3417721.0,16627491.0,PG
"1,002",Random Hearts,1999,64000000,31054924,63200000,31054924.0,32145076.0,63200000.0,,13012585.0,R
"1,003",Perfume: The Story of a Murderer,2006,63700000,2223293,133603463,2223293.0,131380170.0,133603463.0,11674521.0,37079.0,R
"1,004",Jurassic Park,1993,63000000,415404543,1058454230,415404543.0,643049687.0,1058454230.0,,50159460.0,PG-13
"1,005",Austin Powers in Goldmember,2002,63000000,213117789,296338663,213117789.0,83220874.0,296338663.0,,73071188.0,PG-13
"1,006",Hop,2011,63000000,108085305,188494082,108085305.0,80408777.0,188494082.0,60214582.0,37543710.0,PG
"1,007",American Assassin,2017,63000000,36249674,68310140,36249674.0,32060466.0,68310140.0,9184842.0,14846778.0,R
"1,008",Wyatt Earp,1994,63000000,25052000,25052000,25052000.0,,,,7543504.0,PG-13
"1,009",Clear and Present Danger,1994,62000000,122012656,207500000,122012656.0,85487344.0,207500000.0,,20348017.0,PG-13
"1,010",U-571,2000,62000000,77086030,127630030,77086030.0,50544000.0,127630030.0,,19553310.0,PG-13
"1,011",The American President,1995,62000000,60022813,107822813,60022813.0,47800000.0,107822813.0,,10014558.0,PG-13
"1,012",The Hateful Eight,2015,62000000,54117416,151813358,54117416.0,97695942.0,151813358.0,27087458.0,4610676.0,R
"1,013",The Love Guru,2008,62000000,32235793,40159017,32235793.0,7923224.0,40159017.0,9726296.0,13907130.0,PG-13
"1,014",3000 Miles to Graceland,2001,62000000,15738632,18708848,15738632.0,2970216.0,18708848.0,,7160521.0,R
"1,015",Gone Girl,2014,61000000,167767189,367128535,167767189.0,199361346.0,367128535.0,26047944.0,37513109.0,R
"1,016",A Quiet Place: Part II,2021,61000000,160215764,296650356,160215764.0,136434592.0,296650356.0,13029766.0,47547231.0,PG-13
"1,017",Blades of Glory,2007,61000000,118594548,145594548,118594548.0,27000000.0,145594548.0,49786318.0,33014202.0,PG-13
"1,018",Maze Runner: The Scorch Trials,2015,61000000,81697192,310566162,81697192.0,228868970.0,310566162.0,26204133.0,30316510.0,PG-13
"1,019",2 Guns,2013,61000000,75612460,132493015,75612460.0,56880555.0,132493015.0,21489183.0,27059130.0,R
"1,020",Maze Runner: The Death Cure,2018,61000000,58032443,265878536,58032443.0,207846093.0,265878536.0,12223841.0,24167011.0,PG-13
"1,021",A Dog’s Way Home,2019,61000000,41952715,81152505,41952715.0,39199790.0,81152505.0,8569225.0,11251263.0,PG
"1,022",Mei Ren Yu,2016,60720000,3229457,525018479,3229457.0,521789022.0,525018479.0,,985052.0,R
"1,023",Meet the Fockers,2004,60000000,279167575,516567575,279167575.0,237400000.0,516567575.0,,46120980.0,PG-13
"1,024",The Lego Movie,2014,60000000,258364131,468155841,258364131.0,209791710.0,468155841.0,111310935.0,69050279.0,PG
"1,025",300,2007,60000000,210614939,454161935,210614939.0,243546996.0,454161935.0,276327624.0,70885301.0,R
"1,026",Wild Hogs,2007,60000000,168213584,253555383,168213584.0,85341799.0,253555383.0,94732563.0,39699023.0,PG-13
"1,027",Marley & Me,2008,60000000,143153751,247812011,143153751.0,104658260.0,247812011.0,71305939.0,36357586.0,PG
"1,028",The Green Mile,1999,60000000,136801374,290701374,136801374.0,153900000.0,290701374.0,,18017152.0,R
"1,029",The Truman Show,1998,60000000,125618201,264118201,125618201.0,138500000.0,264118201.0,,31542121.0,PG
"1,030",Sully,2016,60000000,125070033,238524556,125070033.0,113454523.0,238524556.0,28233245.0,35028301.0,PG-13
"1,031",The Bourne Identity,2002,60000000,121468960,214357371,121468960.0,92888411.0,214357371.0,,27118640.0,PG-13
"1,032",Coraline,2009,60000000,116472020,167222848,116472020.0,50750828.0,167222848.0,70307063.0,16849640.0,PG
"1,033",Couples Retreat,2009,60000000,109205660,172450423,109205660.0,63244763.0,172450423.0,47404321.0,34286740.0,PG-13
"1,034",Goldeneye,1995,60000000,106429941,356429933,106429941.0,249999992.0,356429933.0,,26205007.0,PG-13
"1,035",The Italian Job,2003,60000000,106126012,176262839,106126012.0,70136827.0,176262839.0,44180.0,19457944.0,PG-13
"1,036",Daddy Day Care,2003,60000000,104148781,164285587,104148781.0,60136806.0,164285587.0,,27623580.0,PG
"1,037",The General\'s Daughter,1999,60000000,102705852,149705852,102705852.0,47000000.0,149705852.0,,22332053.0,R
"1,038",The Prince of Egypt,1998,60000000,101413188,218613188,101413188.0,117200000.0,218613188.0,,14524321.0,PG
"1,039",Collateral,2004,60000000,100170152,217602967,100170152.0,117432815.0,217602967.0,,24701458.0,R
"1,040",Cats & Dogs,2001,60000000,93375151,200700000,93375151.0,107324849.0,200700000.0,,21707617.0,PG
"1,041",Two Weeks Notice,2002,60000000,93354918,199043309,93354918.0,105688391.0,199043309.0,,14328494.0,PG-13
"1,042",The Garfield Movie,2024,60000000,91956547,254816479,91956547.0,162859932.0,254816479.0,,24006629.0,PG
"1,043",Antz,1998,60000000,90757863,152457863,90757863.0,61700000.0,152457863.0,,17195160.0,PG
"1,044",The Scorpion King,2002,60000000,90580000,165890634,90580000.0,75310634.0,165890634.0,,36075875.0,PG-13
"1,045",Red,2010,60000000,90380162,196439693,90380162.0,106059531.0,196439693.0,60996354.0,21761408.0,PG-13
"1,046",Starsky & Hutch,2004,60000000,88200225,170200225,88200225.0,82000000.0,170200225.0,,28103367.0,PG-13
"1,047",Days of Thunder,1990,60000000,82670733,157670733,82670733.0,75000000.0,157670733.0,,15490445.0,PG-13
"1,048",Cheaper by the Dozen 2,2005,60000000,82571173,135015330,82571173.0,52444157.0,135015330.0,26862084.0,9309387.0,PG
"1,049",Eat Pray Love,2010,60000000,80574010,206598789,80574010.0,126024779.0,206598789.0,40747878.0,23104523.0,PG-13
"1,050",Jack Reacher,2012,60000000,80070736,217370736,80070736.0,137300000.0,217370736.0,30259446.0,15210156.0,PG-13
"1,051",Man on Fire,2004,60000000,77906816,130968579,77906816.0,53061763.0,130968579.0,,22751490.0,R
"1,052",The Family Man,2000,60000000,75764085,124715863,75764085.0,48951778.0,124715863.0,,15104055.0,PG-13
"1,053",Contagion,2011,60000000,75658097,137203939,75658097.0,61545842.0,137203939.0,20893110.0,22403596.0,PG-13
"1,054",Any Given Sunday,1999,60000000,75530832,100230832,75530832.0,24700000.0,100230832.0,,13584625.0,R
"1,055",The Horse Whisperer,1998,60000000,75383563,186883563,75383563.0,111500000.0,186883563.0,,13685488.0,PG-13
"1,056",Ladder 49,2004,60000000,74541707,102332848,74541707.0,27791141.0,102332848.0,,22088204.0,PG-13
"1,057",Deep Blue Sea,1999,60000000,73648228,165048228,73648228.0,91400000.0,165048228.0,,19107643.0,R
"1,058",Michael Jackson's This Is It,2009,60000000,72091016,261183588,72091016.0,189092572.0,261183588.0,58470189.0,23234394.0,PG
"1,059",Ticket to Paradise,2022,60000000,68275985,168576981,68275985.0,100300996.0,168576981.0,4971281.0,16509095.0,PG-13
"1,060",Kangaroo Jack,2003,60000000,66723216,90558582,66723216.0,23835366.0,90558582.0,,16580209.0,PG
"1,061",The Happening,2008,60000000,64506874,162778384,64506874.0,98271510.0,162778384.0,22429062.0,30517109.0,R
"1,062",London Has Fallen,2016,60000000,62524260,195194085,62524260.0,132669825.0,195194085.0,19802853.0,21635601.0,R
"1,063",Rules of Engagement,2000,60000000,61322858,71719931,61322858.0,10397073.0,71719931.0,,15011181.0,R
"1,064",The Shaggy Dog,2006,60000000,61123569,87123569,61123569.0,26000000.0,87123569.0,29602497.0,16310058.0,PG
"1,065",Jingle All the Way,1996,60000000,60592389,129832389,60592389.0,69240000.0,129832389.0,,12112267.0,PG
"1,066",Hellboy,2004,60000000,59623958,99823958,59623958.0,40200000.0,99823958.0,,23172440.0,PG-13
"1,067",Jack Reacher: Never Go Back,2016,60000000,58697076,159946489,58697076.0,101249413.0,159946489.0,15620947.0,22872490.0,PG-13
"1,068",Baywatch,2017,60000000,58060186,175863783,58060186.0,117803597.0,175863783.0,9300226.0,18503871.0,R
"1,069",U.S. Marshals,1998,60000000,57833603,57833603,57833603.0,,,,16863988.0,PG-13
"1,070",A Civil Action,1998,60000000,56709981,56709981,56709981.0,,,,70079.0,PG-13
"1,071",Joy,2015,60000000,56451232,101134059,56451232.0,44682827.0,101134059.0,6585125.0,17015168.0,PG-13
"1,072",ParaNorman,2012,60000000,56003051,108119662,56003051.0,52116611.0,108119662.0,24905196.0,14087050.0,PG
"1,073",The Jackal,1997,60000000,54956941,159356941,54956941.0,104400000.0,159356941.0,,15164595.0,R
"1,074",Paycheck,2003,60000000,53789313,98819789,53789313.0,45030476.0,98819789.0,,13462374.0,PG-13
"1,075",Up Close & Personal,1996,60000000,51045801,100645801,51045801.0,49600000.0,100645801.0,,11101955.0,PG-13
"1,076",The Tale of Despereaux,2008,60000000,50877145,90482317,50877145.0,39605172.0,90482317.0,27773197.0,10103675.0,G
"1,077",The Boxtrolls,2014,60000000,50837305,111898741,50837305.0,61061436.0,111898741.0,17337802.0,17275239.0,PG
"1,078",The Tuxedo,2002,60000000,50586000,104429625,50586000.0,53843625.0,104429625.0,,15051028.0,PG-13
"1,079",Jack Ryan: Shadow Recruit,2014,60000000,50577412,131377412,50577412.0,80800000.0,131377412.0,16385834.0,15451981.0,PG-13
"1,080",Under Siege 2: Dark Territory,1995,60000000,50024083,104324083,50024083.0,54300000.0,104324083.0,,12624402.0,R
"1,081",Miss Congeniality 2: Armed and Fabulous,2005,60000000,48478006,101292343,48478006.0,52814337.0,101292343.0,,14043215.0,PG-13
"1,082",Vice,2018,60000000,47836282,70893782,47836282.0,23057500.0,70893782.0,2350767.0,7768371.0,R
"1,083",Alien: Resurrection,1997,60000000,47802866,160707848,47802866.0,112904982.0,160707848.0,,16474092.0,R
"1,084",Shooter,2007,60000000,47003582,95538560,47003582.0,48534978.0,95538560.0,59174438.0,14523571.0,R
"1,085",Practical Magic,1998,60000000,46850558,68336997,46850558.0,21486439.0,68336997.0,,13104694.0,PG-13
"1,086",Gangster Squad,2013,60000000,46000903,104100903,46000903.0,58100000.0,104100903.0,16416059.0,17070347.0,R
"1,087",Smurfs: The Lost Village,2017,60000000,45020282,197578586,45020282.0,152558304.0,197578586.0,9451161.0,13210449.0,PG
"1,088",First Man,2018,60000000,44936545,105523737,44936545.0,60587192.0,105523737.0,7393726.0,16006065.0,PG-13
"1,089",Year One,2009,60000000,43337279,57604723,43337279.0,14267444.0,57604723.0,19800325.0,19610304.0,PG-13
"1,090",Edge of Darkness,2010,60000000,43313890,82812456,43313890.0,39498566.0,82812456.0,18731947.0,17214384.0,R
"1,091",Star Trek: Nemesis,2002,60000000,43254409,67312826,43254409.0,24058417.0,67312826.0,,18513305.0,PG-13
"1,092",Reign of Fire,2002,60000000,43061982,82150183,43061982.0,39088201.0,82150183.0,,15632281.0,PG-13
"1,093",Planet 51,2009,60000000,42194060,108996113,42194060.0,66802053.0,108996113.0,20142172.0,12286129.0,PG
"1,094",Duplicity,2009,60000000,40572825,81079566,40572825.0,40506741.0,81079566.0,13008488.0,13965110.0,PG-13
"1,095",Righteous Kill,2008,60000000,40081410,78481410,40081410.0,38400000.0,78481410.0,16872358.0,16288361.0,R
"1,096",Invictus,2009,60000000,37491364,124514011,37491364.0,87022647.0,124514011.0,19048611.0,8611147.0,PG-13
"1,097",State of Play,2009,60000000,37017955,88832210,37017955.0,51814255.0,88832210.0,17901740.0,14071280.0,PG-13
"1,098",My Favorite Martian,1999,60000000,36850101,36850101,36850101.0,,,,11181043.0,PG
"1,099",The Sentinel,2006,60000000,36280697,78080697,36280697.0,41800000.0,78080697.0,18113897.0,14367854.0,PG-13
"1,100",Trouble with the Curve,2012,60000000,35763137,47818913,35763137.0,12055776.0,47818913.0,21032012.0,12162040.0,PG-13
"1,101",Intolerable Cruelty,2003,60000000,35327628,121327628,35327628.0,86000000.0,121327628.0,,12525075.0,PG-13
"1,102",The Relic,1997,60000000,33956608,33956608,33956608.0,,,,9064143.0,R
"1,103",Mercury Rising,1998,60000000,32983332,32983332,32983332.0,,,,10104715.0,R
"1,104",Almost Famous,2000,60000000,32522352,47371191,32522352.0,14848839.0,47371191.0,,2314646.0,R
"1,105",Cold Pursuit,2019,60000000,32138862,62599159,32138862.0,30460297.0,62599159.0,5671752.0,11030233.0,R
"1,106",Analyze That,2002,60000000,32122249,54994757,32122249.0,22872508.0,54994757.0,,11034422.0,R
"1,107",The Soloist,2009,60000000,31853584,38522450,31853584.0,6668866.0,38522450.0,12689944.0,9716458.0,PG-13
"1,108",The Mortal Instruments: City of Bones,2013,60000000,31165421,75965567,31165421.0,44800146.0,75965567.0,14266977.0,9336957.0,PG-13
"1,109",The Legend of Bagger Vance,2000,60000000,30695227,39235486,30695227.0,8540259.0,39235486.0,,11516712.0,PG-13
"1,110",Dragonfly,2002,60000000,30063805,30317425,30063805.0,253620.0,30317425.0,,10216025.0,PG-13
"1,111",Priest,2011,60000000,29136626,84154026,29136626.0,55017400.0,84154026.0,12685771.0,14953664.0,PG-13
"1,112",Garfield: A Tail of Two Kitties,2006,60000000,28426747,147985373,28426747.0,119558626.0,147985373.0,18852378.0,7288977.0,PG
"1,113",XXX: State of the Union,2005,60000000,26873932,71073932,26873932.0,44200000.0,71073932.0,,12712272.0,PG-13
"1,114",Event Horizon,1997,60000000,26673242,26673954,26673242.0,712.0,26673954.0,,9511915.0,R
"1,115",Sinbad: Legend of the Seven Seas,2003,60000000,26483452,80767884,26483452.0,54284432.0,80767884.0,,6874477.0,PG
"1,116",Dark Water,2005,60000000,25473093,49473093,25473093.0,24000000.0,49473093.0,,9939251.0,PG-13
"1,117",The Avengers,1998,60000000,23385416,48585416,23385416.0,25200000.0,48585416.0,,10305957.0,PG-13
"1,118",The Black Dahlia,2006,60000000,22672813,49238525,22672813.0,26565712.0,49238525.0,12774239.0,10005895.0,R
"1,119",EDtv,1999,60000000,22508689,35319689,22508689.0,12811000.0,35319689.0,,8311290.0,PG-13
"1,120",The Spirit,2008,60000000,19806188,39006188,19806188.0,19200000.0,39006188.0,20544122.0,6463278.0,PG-13
"1,121",The Last Castle,2001,60000000,18208078,20541668,18208078.0,2333590.0,20541668.0,,7088213.0,R
"1,122",Inkheart,2009,60000000,17303424,66655938,17303424.0,49352514.0,66655938.0,9333968.0,7601379.0,PG
"1,123",Monster Hunter,2020,60000000,15162470,47853893,15162470.0,32691423.0,47853893.0,13580083.0,2201269.0,PG-13
"1,124",Supernova,2000,60000000,14218868,14816494,14218868.0,597626.0,14816494.0,,6731940.0,PG-13
"1,125",Flyboys,2006,60000000,13090630,14816379,13090630.0,1725749.0,14816379.0,25207986.0,6004219.0,PG-13
"1,126",Winter’s Tale,2014,60000000,12600231,29575033,12600231.0,16974802.0,29575033.0,5465774.0,7297694.0,PG-13
"1,127",Holy Man,1998,60000000,12069719,12069719,12069719.0,,,,5106919.0,PG
"1,128",Meet Dave,2008,60000000,11803254,50648806,11803254.0,38845552.0,50648806.0,,5251918.0,PG
"1,129",Nightmare Alley,2021,60000000,11338107,37537773,11338107.0,26199666.0,37537773.0,1384737.0,2811703.0,R
"1,130",The Great Raid,2005,60000000,10166502,10597070,10166502.0,430568.0,10597070.0,,3376009.0,R
"1,131",Rock Dog,2016,60000000,9420546,24148488,9420546.0,14727942.0,24148488.0,2987543.0,3704749.0,PG
"1,132",Three Thousand Years of Longing,2022,60000000,8286741,21245954,8286741.0,12959213.0,21245954.0,,2919717.0,R
"1,133",Mortdecai,2015,60000000,7696134,37360909,7696134.0,29664775.0,37360909.0,2979820.0,4200586.0,R
"1,134",The SpongeBob Movie: Sponge on the Run,2020,60000000,4810790,4810790,4810790.0,,,2897370.0,865824.0,PG
"1,135",In the Name of the King: A Dungeon Siege Tale,2008,60000000,4775656,13233220,4775656.0,8457564.0,13233220.0,16206688.0,2984524.0,PG-13
"1,136",Beyond Borders,2003,60000000,4426297,11427090,4426297.0,7000793.0,11427090.0,,2076402.0,R
"1,137",Knights of the Zodiac,2023,60000000,1090155,6951086,1090155.0,5860931.0,6951086.0,1206876.0,556794.0,PG-13
"1,138",The Monkey King 2 (西游记之孙悟空三打白骨精)…,2016,60000000,709982,194058503,709982.0,193348521.0,194058503.0,80282.0,166391.0,Not Rated
"1,139",The Informer,2019,60000000,300460,3377027,300460.0,3076567.0,3377027.0,1403956.0,133475.0,R
"1,140",Coming 2 America,2021,60000000,0,0,,,,427879.0,,
"1,141",The Ridiculous 6,2015,60000000,0,0,,,,,,
"1,142",Lady and the Tramp,2019,60000000,0,0,,,,,,PG
"1,143",Young Guns II,1990,59000000,44143410,44143410,44143410.0,,,,8017438.0,PG-13
"1,144",Sherlock Gnomes,2018,59000000,43242871,97459106,43242871.0,54216235.0,97459106.0,7274706.0,10604774.0,PG
"1,145",The Kid Who Would Be King,2019,59000000,16790790,28296983,16790790.0,11506193.0,28296983.0,2293573.0,7173887.0,PG
"1,146",Deadpool,2016,58000000,363070709,781947691,363070709.0,418876982.0,781947691.0,110171770.0,132434639.0,R
"1,147",American Sniper,2014,58000000,350126372,547626372,350126372.0,197500000.0,547626372.0,80375794.0,633456.0,R
"1,148",Goosebumps,2015,58000000,80069458,158952243,80069458.0,78882785.0,158952243.0,20603527.0,23618556.0,PG
"1,149",Rambo III,1988,58000000,53715611,188715611,53715611.0,135000000.0,188715611.0,,16745418.0,R
"1,150",Sabrina,1995,58000000,53458319,87100000,53458319.0,33641681.0,87100000.0,,5563259.0,PG
"1,151",Red Tails,2012,58000000,49876377,50365498,49876377.0,489121.0,50365498.0,23358859.0,18782154.0,PG-13
"1,152",Just Like Heaven,2005,58000000,48318130,100687083,48318130.0,52368953.0,100687083.0,37782959.0,16408718.0,PG-13
"1,153",The Internship,2013,58000000,44672764,93672764,44672764.0,49000000.0,93672764.0,13305807.0,17325307.0,PG-13
"1,154",The Flintstones in Viva Rock Vegas,2000,58000000,35231365,59431365,35231365.0,24200000.0,59431365.0,,10518435.0,PG
"1,155",Leatherheads,2008,58000000,31373938,41348628,31373938.0,9974690.0,41348628.0,9290273.0,12682595.0,PG-13
"1,156",Life,2017,58000000,30234022,101815660,30234022.0,71581638.0,101815660.0,10241162.0,12501936.0,R
"1,157",Did You Hear About the Morgans?,2009,58000000,29580087,80480566,29580087.0,50900479.0,80480566.0,9719512.0,6616571.0,PG-13
"1,158","Che, Part 1: The Argentine",2008,58000000,1802521,31627370,1802521.0,29824849.0,31627370.0,,61070.0,R
"1,159",Sex and the City,2008,57500000,152647258,415247258,152647258.0,262600000.0,415247258.0,87894355.0,56848056.0,R
"1,160",Resident Evil: Afterlife,2010,57500000,60128566,295874190,60128566.0,235745624.0,295874190.0,34040134.0,26650264.0,R
"1,161",That’s My Boy,2012,57500000,36931089,58879681,36931089.0,21948592.0,58879681.0,8083240.0,13453714.0,R
"1,162",Devil’s Advocate,1997,57000000,61007424,153007424,61007424.0,92000000.0,153007424.0,,12170536.0,R
"1,163",Ghost Rider: Spirit of Vengeance,2012,57000000,51774002,149217355,51774002.0,97443353.0,149217355.0,17952950.0,22115334.0,PG-13
"1,164",Dragonheart,1996,57000000,51364680,104364680,51364680.0,53000000.0,104364680.0,,15027150.0,PG-13
"1,165",After the Sunset,2004,57000000,28328132,38329114,28328132.0,10000982.0,38329114.0,,11100392.0,PG-13
"1,166",Captain Corelli's Mandolin,2001,57000000,25528495,62097495,25528495.0,36569000.0,62097495.0,,7209345.0,R
"1,167",Into the Woods,2014,56200000,128002372,212416317,128002372.0,84413945.0,212416317.0,28929449.0,31051923.0,PG
"1,168",Anger Management,2003,56000000,135560942,195484552,135560942.0,59923610.0,195484552.0,,42220847.0,PG-13
"1,169",The Pacifier,2005,56000000,113006880,198006880,113006880.0,85000000.0,198006880.0,,30552694.0,PG
"1,170",Walking Tall,2004,56000000,46213824,47856383,46213824.0,1642559.0,47856383.0,,15501114.0,PG-13
"1,171",Zhuo yao ji,2015,56000000,32766,340969819,32766.0,340937053.0,340969819.0,,21074.0,Not Rated
"1,172",Joker,2019,55000000,335451311,1063574394,335451311.0,728123083.0,1063574394.0,56931916.0,96202337.0,R
"1,173",Forrest Gump,1994,55000000,330151138,679835137,330151138.0,349683999.0,679835137.0,,24450602.0,PG-13
"1,174",Alvin and the Chipmunks,2007,55000000,217326974,362605033,217326974.0,145278059.0,362605033.0,142382702.0,44307417.0,PG
"1,175",Bohemian Rhapsody,2018,55000000,216303339,879088897,216303339.0,662785558.0,879088897.0,60950667.0,51061119.0,PG-13
"1,176",Hitch,2005,55000000,177784257,366784257,177784257.0,189000000.0,366784257.0,,43142214.0,PG-13
"1,177",Meet the Parents,2000,55000000,166225040,330425040,166225040.0,164200000.0,330425040.0,,28623300.0,PG-13
"1,178",The Pursuit of Happyness,2006,55000000,162586036,307311093,162586036.0,144725057.0,307311093.0,94229774.0,26541709.0,PG-13
"1,179",Pocahontas,1995,55000000,141579773,347100000,141579773.0,205520227.0,347100000.0,,2689714.0,G
"1,180",Superman,1978,55000000,134218018,300200000,134218018.0,165981982.0,300200000.0,,7465343.0,PG
"1,181",The Nutty Professor,1996,55000000,128814019,273814019,128814019.0,145000000.0,273814019.0,,25411725.0,PG-13
"1,182",Fifty Shades Darker,2017,55000000,114434010,381367046,114434010.0,266933036.0,381367046.0,31710848.0,46607250.0,R
"1,183",Captain Phillips,2013,55000000,107136417,220648184,107136417.0,113511767.0,220648184.0,32045197.0,25718314.0,PG-13
"1,184",George Of The Jungle,1997,55000000,105263257,174463257,105263257.0,69200000.0,174463257.0,,16540791.0,PG
"1,185",American Wedding,2003,55000000,104354205,232354205,104354205.0,128000000.0,232354205.0,,33369440.0,R
"1,186",Murder on the Orient Express,2017,55000000,102826543,351767147,102826543.0,248940604.0,351767147.0,10489373.0,28681472.0,PG-13
"1,187",The Equalizer,2014,55000000,101530738,192903624,101530738.0,91372886.0,192903624.0,41825709.0,34137828.0,R
"1,188",Casper,1995,55000000,100836847,282808653,100836847.0,181971806.0,282808653.0,,22091975.0,PG
"1,189",Fifty Shades Freed,2018,55000000,100407760,371985018,100407760.0,271577258.0,371985018.0,32701529.0,38560195.0,R
"1,190",Date Night,2010,55000000,98711404,152269033,98711404.0,53557629.0,152269033.0,30347870.0,25207599.0,PG-13
"1,191",Maid in Manhattan,2002,55000000,93932896,163838217,93932896.0,69905321.0,163838217.0,,18711407.0,PG-13
"1,192",Crimson Tide,1995,55000000,91387195,159387195,91387195.0,68000000.0,159387195.0,,18612190.0,R
"1,193",Flightplan,2005,55000000,89706988,214392904,89706988.0,124685916.0,214392904.0,42687901.0,24629938.0,PG-13
"1,194",Disclosure,1994,55000000,83015089,212200000,83015089.0,129184911.0,212200000.0,,10068126.0,R
"1,195",City of Angels,1998,55000000,78750909,198750909,78750909.0,120000000.0,198750909.0,360279.0,15369048.0,PG-13
"1,196",Paddington,2014,55000000,76223578,250068640,76223578.0,173845062.0,250068640.0,23104336.0,18966676.0,PG
"1,197",R.V.,2006,55000000,71724497,87473024,71724497.0,15748527.0,87473024.0,32384377.0,16414767.0,PG
"1,198",Stargate,1994,55000000,71565669,196565669,71565669.0,125000000.0,196565669.0,,16651018.0,PG-13
"1,199",Kill Bill: Volume 1,2003,55000000,70098138,176469428,70098138.0,106371290.0,176469428.0,,22089322.0,R
"1,200",Mr. Poppers's Penguins,2011,55000000,68224452,189624452,68224452.0,121400000.0,189624452.0,30234312.0,18445355.0,PG
"1,201",Bowfinger,1999,55000000,66458769,98699769,66458769.0,32241000.0,98699769.0,,18062550.0,PG-13
"1,202",Kill Bill: Volume 2,2004,55000000,66207920,153535982,66207920.0,87328062.0,153535982.0,,25104949.0,R
"1,203",Tango & Cash,1989,55000000,63408614,63408614,63408614.0,,,,6628918.0,R
"1,204",Death Becomes Her,1992,55000000,58422650,149022650,58422650.0,90600000.0,149022650.0,,12110355.0,PG-13
"1,205",Shanghai Noon,2000,55000000,56932305,71189835,56932305.0,14257530.0,71189835.0,,19647065.0,PG-13
"1,206",Executive Decision,1996,55000000,56679192,122079192,56679192.0,65400000.0,122079192.0,,12069780.0,R
"1,207",Free Birds,2013,55000000,55750480,110387072,55750480.0,54636592.0,110387072.0,18872913.0,15805237.0,PG
"1,208",Alien 3,1992,55000000,54927174,158500000,54927174.0,103572826.0,158500000.0,,19449867.0,R
"1,209",The Forbidden Kingdom,2008,55000000,52075270,129059885,52075270.0,76984615.0,129059885.0,25347566.0,21401121.0,PG-13
"1,210",The Phantom of the Opera,2004,55000000,51363743,153907999,51363743.0,102544256.0,153907999.0,,4001890.0,PG-13
"1,211",Muppets Most Wanted,2014,55000000,51178893,79312301,51178893.0,28133408.0,79312301.0,11964360.0,17005126.0,PG
"1,212",Challengers,2024,55000000,50119408,96119408,50119408.0,46000000.0,96119408.0,,15011061.0,R
"1,213",Evita,1996,55000000,50047179,151947179,50047179.0,101900000.0,151947179.0,,195085.0,PG
"1,214",Kubo and the Two Strings,2016,55000000,48023088,77548122,48023088.0,29525034.0,77548122.0,10471685.0,12608372.0,PG
"1,215",Mortal Kombat,2021,55000000,42326031,84426031,42326031.0,42100000.0,84426031.0,13849703.0,23302503.0,R
"1,216",Ronin,1998,55000000,41610884,70692101,41610884.0,29081217.0,70692101.0,,12697641.0,R
"1,217",Burlesque,2010,55000000,39440655,90552675,39440655.0,51112020.0,90552675.0,38042754.0,11947744.0,PG-13
"1,218",The Ghost and the Darkness,1996,55000000,38564422,38564422,38564422.0,,,,10321400.0,R
"1,219",Changeling,2008,55000000,35739802,113805580,35739802.0,78065778.0,113805580.0,13840340.0,489015.0,R
"1,220",The Watch,2012,55000000,34353000,67130045,34353000.0,32777045.0,67130045.0,8621964.0,12750297.0,R
"1,221",The Hunted,2003,55000000,34234008,47213095,34234008.0,12979087.0,47213095.0,,13482638.0,R
"1,222",Instinct,1999,55000000,34105207,34105207,34105207.0,,,,10390387.0,R
"1,223",Stuck On You,2003,55000000,33832741,63537164,33832741.0,29704423.0,63537164.0,,9411055.0,PG-13
"1,224",Semi-Pro,2008,55000000,33479698,43980363,33479698.0,10500665.0,43980363.0,21667455.0,15075114.0,R
"1,225",Annihilation,2018,55000000,32732301,43070915,32732301.0,10338614.0,43070915.0,7544198.0,11071584.0,R
"1,226",Crimson Peak,2015,55000000,31090320,74966854,31090320.0,43876534.0,74966854.0,7442065.0,13143310.0,R
"1,227",The Pirates! Band of Misfits,2012,55000000,31051126,136143605,31051126.0,105092479.0,136143605.0,8881322.0,11137734.0,PG
"1,228",In the Heights,2021,55000000,29975167,45175167,29975167.0,15200000.0,45175167.0,1944077.0,11504710.0,PG-13
"1,229",Aeon Flux,2005,55000000,25857987,53913573,25857987.0,28055586.0,53913573.0,22275784.0,12661112.0,PG-13
"1,230",Chain Reaction,1996,55000000,21226204,60209334,21226204.0,38983130.0,60209334.0,,7545944.0,PG-13
"1,231",The Fan,1996,55000000,18582965,18582965,18582965.0,,,,6271406.0,R
"1,232",Elizabeth: The Golden Age,2007,55000000,16285240,74870866,16285240.0,58585626.0,74870866.0,10899995.0,6153075.0,PG-13
"1,233",Imagine That,2009,55000000,16222392,22438144,16222392.0,6215752.0,22438144.0,,5503519.0,PG
"1,234",Gods and Generals,2003,55000000,12882934,12923936,12882934.0,41002.0,12923936.0,,4675246.0,PG-13
"1,235",Turbulence,1997,55000000,11532774,11532774,11532774.0,,,,4464008.0,R
"1,236",Bullet to the Head,2013,55000000,9489829,22597969,9489829.0,13108140.0,22597969.0,10527946.0,4548201.0,R
"1,237",All the King's Men,2006,55000000,7221458,9521458,7221458.0,2300000.0,9521458.0,,3672366.0,PG-13
"1,238",Thunderbirds,2004,55000000,6768055,28231444,6768055.0,21463389.0,28231444.0,,2766810.0,PG
"1,239",Un long dimanche de fiançailles,2004,55000000,6167817,69722444,6167817.0,63554627.0,69722444.0,,101749.0,R
"1,240",Lucky You,2007,55000000,5755286,6521829,5755286.0,766543.0,6521829.0,962062.0,2710445.0,PG-13
"1,241",Lolita,1998,55000000,1147784,1147784,1147784.0,,,,19492.0,R
"1,242",Eye See You,2002,55000000,79161,1807990,79161.0,1728829.0,1807990.0,,32300.0,Not Rated
"1,243",Superman II,1981,54000000,108185706,190400000,108185706.0,82214294.0,190400000.0,,14100522.0,PG
"1,244",Blade 2,2002,54000000,81676888,154338601,81676888.0,72661713.0,154338601.0,,32528016.0,R
"1,245","You, Me and Dupree",2006,54000000,75802010,130402010,75802010.0,54600000.0,130402010.0,42043938.0,21525560.0,PG-13
"1,246",Seven Pounds,2008,54000000,69951824,166617328,69951824.0,96665504.0,166617328.0,29808448.0,14851136.0,PG-13
"1,247",The Godfather: Part III,1990,54000000,66666062,66786966,66666062.0,120904.0,66786966.0,,19558558.0,R
"1,248",Elizabethtown,2005,54000000,26850426,50719373,26850426.0,23868947.0,50719373.0,16625816.0,10618711.0,PG-13
"1,249",Gigli,2003,54000000,6087542,7126002,6087542.0,1038460.0,7126002.0,,3753518.0,R
"1,250",Shaft,2000,53012938,70327868,107190108,70327868.0,36862240.0,107190108.0,,21714757.0,R
"1,251",The Dukes of Hazzard,2005,53000000,80270227,109848461,80270227.0,29578234.0,109848461.0,,30675314.0,PG-13
"1,252",Law Abiding Citizen,2009,53000000,73357727,131159781,73357727.0,57802054.0,131159781.0,35015443.0,21039502.0,R
"1,253",Black Mass,2015,53000000,62575678,99975678,62575678.0,37400000.0,99975678.0,11790000.0,22635037.0,R
"1,254",Anastasia,1997,53000000,58403409,139801096,58403409.0,81397687.0,139801096.0,,120541.0,G
"1,255",Moulin Rouge,2001,53000000,57386369,179199536,57386369.0,121813167.0,179199536.0,,167540.0,PG-13
"1,256",Domestic Disturbance,2001,53000000,45207112,54207112,45207112.0,9000000.0,54207112.0,,14033112.0,PG-13
"1,257",Flags of Our Fathers,2006,53000000,33602376,63657941,33602376.0,30055565.0,63657941.0,45171897.0,10245190.0,R
"1,258",Grindhouse,2007,53000000,25031037,50187789,25031037.0,25156752.0,50187789.0,37002800.0,11596613.0,R
"1,259",Beloved,1998,53000000,22852487,22852487,22852487.0,,,,8165551.0,R
"1,260",Zero Dark Thirty,2012,52500000,95720716,134612435,95720716.0,38891719.0,134612435.0,14969169.0,417150.0,R
"1,261",Catch Me if You Can,2002,52000000,164606800,355612291,164606800.0,191005491.0,355612291.0,,30082000.0,PG-13
"1,262",Mamma Mia!,2008,52000000,144540088,584481736,144540088.0,439941648.0,584481736.0,148217611.0,27751240.0,PG-13
"1,263",The Break-Up,2006,52000000,118703275,205727307,118703275.0,87024032.0,205727307.0,53485792.0,39172785.0,PG-13
"1,264",Valentine's Day,2010,52000000,110485654,217569328,110485654.0,107083674.0,217569328.0,24013867.0,56260707.0,PG-13
"1,265",Casino,1995,52000000,42438300,110400000,42438300.0,67961700.0,110400000.0,3202873.0,9946480.0,R
"1,266",The Change-Up,2011,52000000,37243418,75997067,37243418.0,38753649.0,75997067.0,20065713.0,13531115.0,R
"1,267",The Thin Red Line,1998,52000000,36400491,97709034,36400491.0,61308543.0,97709034.0,,223548.0,R
"1,268",Man on the Moon,1999,52000000,34580635,47407635,34580635.0,12827000.0,47407635.0,,7515585.0,R
"1,269",From Paris With Love,2010,52000000,24077427,53139168,24077427.0,29061741.0,53139168.0,20848519.0,8158860.0,R
"1,270",Bulletproof Monk,2003,52000000,23010607,26922492,23010607.0,3911885.0,26922492.0,,8653542.0,PG-13
"1,271","Me, Myself & Irene",2000,51000000,90570999,149270999,90570999.0,58700000.0,149270999.0,,24209385.0,R
"1,272",Barnyard: The Original Party Animals,2006,51000000,72779000,118583844,72779000.0,45804844.0,118583844.0,67703688.0,15820864.0,PG
"1,273",Alpha,2018,51000000,35851379,99624873,35851379.0,63773494.0,99624873.0,6756320.0,10352512.0,PG-13
"1,274",Deck the Halls,2006,51000000,35093569,46815807,35093569.0,11722238.0,46815807.0,30532039.0,12001256.0,PG
"1,275",Greyhound,2020,50300000,0,0,,,,,,PG-13
"1,276",The Adjustment Bureau,2011,50200000,62495645,126931325,62495645.0,64435680.0,126931325.0,18402673.0,21157730.0,PG-13
"1,277",The Twilight Saga: New Moon,2009,50000000,296623634,687556547,296623634.0,390932913.0,687556547.0,210610321.0,142839137.0,PG-13
"1,278",Shrek,2001,50000000,268377061,492534844,268377061.0,224157783.0,492534844.0,,42347760.0,PG
"1,279",Ted,2012,50000000,218665740,556016627,218665740.0,337350887.0,556016627.0,132210254.0,54415205.0,R
"1,280",22 Jump Street,2014,50000000,191719337,331333876,191719337.0,139614539.0,331333876.0,28067947.0,57071445.0,R
"1,281",Robin Hood: Prince of Thieves,1991,50000000,165493908,390500000,165493908.0,225006092.0,390500000.0,,25625602.0,PG-13
"1,282",Jerry Maguire,1996,50000000,153952592,273552592,153952592.0,119600000.0,273552592.0,,17084296.0,R
"1,283",Daddy’s Home,2015,50000000,150357137,241504989,150357137.0,91147852.0,241504989.0,17929255.0,38740203.0,PG-13
"1,284",As Good as it Gets,1997,50000000,148478011,314111923,148478011.0,165633912.0,314111923.0,,12606928.0,PG-13
"1,285",Patch Adams,1998,50000000,135014968,202173000,135014968.0,67158032.0,202173000.0,,25262280.0,PG-13
"1,286",Central Intelligence,2016,50000000,127440871,217194805,127440871.0,89753934.0,217194805.0,21167437.0,35535250.0,PG-13
"1,287",Anchorman 2: The Legend Continues,2013,50000000,127413176,172246223,127413176.0,44833047.0,172246223.0,15571914.0,26232425.0,PG-13
"1,288",Super 8,2011,50000000,127004179,257972745,127004179.0,130968566.0,257972745.0,37000321.0,35451168.0,PG-13
"1,289",Mr. Deeds,2002,50000000,126293452,171269535,126293452.0,44976083.0,171269535.0,,37162787.0,PG-13
"1,290",Erin Brockovich,2000,50000000,125548685,257805243,125548685.0,132256558.0,257805243.0,,28138465.0,R
"1,291",Creed II,2018,50000000,115715889,213591522,115715889.0,97875633.0,213591522.0,19929658.0,35574710.0,PG-13
"1,292",Peter Rabbit,2018,50000000,115234093,358117307,115234093.0,242883214.0,358117307.0,21705191.0,25010928.0,PG
"1,293",How to Lose a Guy in 10 Days,2003,50000000,105807520,178503788,105807520.0,72696268.0,178503788.0,,23774850.0,PG-13
"1,294",Interview with the Vampire,1994,50000000,105341412,223641412,105341412.0,118300000.0,223641412.0,,36389705.0,R
"1,295",The Mule,2018,50000000,103804407,173453994,103804407.0,69649587.0,173453994.0,36352727.0,17509431.0,R
"1,296",Yes Man,2008,50000000,97690976,225990976,97690976.0,128300000.0,225990976.0,27791914.0,18262471.0,PG-13
"1,297",Non-Stop,2014,50000000,91742160,222383055,91742160.0,130640895.0,222383055.0,19407835.0,28875635.0,PG-13
"1,298",Stepmom,1998,50000000,91137662,159745279,91137662.0,68607617.0,159745279.0,,19142440.0,PG-13
"1,299",Disney Planes,2013,50000000,90282580,238059569,90282580.0,147776989.0,238059569.0,91401304.0,22232291.0,PG
"1,300",Failure to Launch,2006,50000000,88715192,128402901,88715192.0,39687709.0,128402901.0,41535300.0,24411322.0,PG-13
"1,301",Inside Man,2006,50000000,88634237,185798265,88634237.0,97164028.0,185798265.0,38625213.0,28954945.0,R
"1,302",The Emoji Movie,2017,50000000,86089513,216564839,86089513.0,130475326.0,216564839.0,17714937.0,24531923.0,PG
"1,303","Crazy, Stupid, Love",2011,50000000,84351197,146493974,84351197.0,62142777.0,146493974.0,29164634.0,19104303.0,PG-13
"1,304",The Post,2017,50000000,81903458,179769457,81903458.0,97865999.0,179769457.0,6601698.0,526011.0,PG-13
"1,305",Payback,1999,50000000,81526121,161626121,81526121.0,80100000.0,161626121.0,,21221526.0,R
"1,306",Congo,1995,50000000,81022333,152022333,81022333.0,71000000.0,152022333.0,,24642539.0,PG-13
"1,307",Knowing,2009,50000000,79957634,186450317,79957634.0,106492683.0,186450317.0,27826547.0,24604751.0,PG-13
"1,308",The Ring Two,2005,50000000,75941727,161941727,75941727.0,86000000.0,161941727.0,,35065237.0,PG-13
"1,309",We Bought a Zoo,2011,50000000,75624550,118729073,75624550.0,43104523.0,118729073.0,34409124.0,9360434.0,PG
"1,310",Moneyball,2011,50000000,75605492,111300835,75605492.0,35695343.0,111300835.0,34297776.0,19501302.0,PG-13
"1,311",Garfield: The Movie,2004,50000000,75367693,208094550,75367693.0,132726857.0,208094550.0,,21727611.0,PG
"1,312",Christmas with the Kranks,2004,50000000,73701902,96469187,73701902.0,22767285.0,96469187.0,,21570867.0,PG
"1,313",V for Vendetta,2006,50000000,70511035,130214162,70511035.0,59703127.0,130214162.0,65345967.0,25642640.0,R
"1,314",Civil War,2024,50000000,68757539,106547052,68757539.0,37789513.0,106547052.0,,25537368.0,R
"1,315",Outbreak,1995,50000000,67823573,190023573,67823573.0,122200000.0,190023573.0,,13420387.0,R
"1,316",The Woman King,2022,50000000,67328130,94374749,67328130.0,27046619.0,94374749.0,7195348.0,19051442.0,PG-13
"1,317",Race to Witch Mountain,2009,50000000,67172595,105103784,67172595.0,37931189.0,105103784.0,42082758.0,24402214.0,PG
"1,318",The Forgotten,2004,50000000,66711892,117211892,66711892.0,50500000.0,117211892.0,,21022111.0,PG-13
"1,319",Herbie: Fully Loaded,2005,50000000,66010682,144110682,66010682.0,78100000.0,144110682.0,,12709221.0,G
"1,320",A Man Called Otto,2022,50000000,64267657,108641148,64267657.0,44373491.0,108641148.0,5207029.0,56257.0,PG-13
"1,321",Shanghai Knights,2003,50000000,60470220,88316835,60470220.0,27846615.0,88316835.0,,19603630.0,PG-13
"1,322",Planes: Fire and Rescue,2014,50000000,59157732,156399644,59157732.0,97241912.0,156399644.0,30216044.0,17509407.0,PG
"1,323",Curious George,2006,50000000,58640119,71052604,58640119.0,12412485.0,71052604.0,48329609.0,14703405.0,G
"1,324",American Reunion,2012,50000000,56758835,236799211,56758835.0,180040376.0,236799211.0,25962641.0,21514080.0,R
"1,325",Hansel & Gretel: Witch Hunters,2013,50000000,55703475,214949716,55703475.0,159246241.0,214949716.0,23716672.0,19690956.0,R
"1,326",I am Number Four,2011,50000000,55100437,146195159,55100437.0,91094722.0,146195159.0,20990926.0,19449893.0,PG-13
"1,327",Don’t Say a Word,2001,50000000,54997476,104488383,54997476.0,49490907.0,104488383.0,,17090474.0,R
"1,328",13 Hours: The Secret Soldiers of Benghazi,2016,50000000,52853219,69411370,52853219.0,16558151.0,69411370.0,22379348.0,16194738.0,R
"1,329",Unfaithful,2002,50000000,52752475,119114494,52752475.0,66362019.0,119114494.0,,14065277.0,R
"1,330",American Made,2017,50000000,51342000,135569212,51342000.0,84227212.0,135569212.0,8897445.0,16776390.0,R
"1,331",Syriana,2005,50000000,50824620,92690959,50824620.0,41866339.0,92690959.0,15433427.0,374502.0,R
"1,332",Resident Evil: Apocalypse,2004,50000000,50740078,125168734,50740078.0,74428656.0,125168734.0,,23036273.0,R
"1,333",The Book of Life,2014,50000000,50151543,97651543,50151543.0,47500000.0,97651543.0,23656640.0,17005218.0,PG
"1,334",Absolute Power,1997,50000000,50068310,50068310,50068310.0,,,,16770220.0,R
"1,335",Firewall,2006,50000000,48751189,82751189,48751189.0,34000000.0,82751189.0,21403639.0,13635463.0,PG-13
"1,336",The Game,1997,50000000,48265581,80369970,48265581.0,32104389.0,80369970.0,,14337029.0,R
"1,337",G.I. Jane,1997,50000000,48169156,48169156,48169156.0,,,,11094241.0,R
"1,338",Into the Storm,2014,50000000,47602194,150429371,47602194.0,102827177.0,150429371.0,9779370.0,17346427.0,PG-13
"1,339",The Judge,2014,50000000,47119388,76073556,47119388.0,28954168.0,76073556.0,12991409.0,13116226.0,R
"1,340",Silent Hill,2006,50000000,46982632,94704227,46982632.0,47721595.0,94704227.0,23672530.0,20152598.0,R
"1,341","Lyle, Lyle, Crocodile",2022,50000000,46888441,107192068,46888441.0,60303627.0,107192068.0,5121431.0,11401182.0,PG
"1,342",Tom and Jerry,2021,50000000,46536687,136536687,46536687.0,90000000.0,136536687.0,10294462.0,14112629.0,PG
"1,343",Rambo: Last Blood,2019,50000000,44819352,91378886,44819352.0,46559534.0,91378886.0,26780214.0,18872919.0,R
"1,344",The Replacements,2000,50000000,44737059,50054511,44737059.0,5317452.0,50054511.0,,11039214.0,PG-13
"1,345",The Negotiator,1998,50000000,44705766,49105766,44705766.0,4400000.0,49105766.0,,10218831.0,R
"1,346",War Dogs,2016,50000000,43034523,86234503,43034523.0,43199980.0,86234503.0,6382151.0,14685305.0,R
"1,347",Beverly Hills Cop III,1994,50000000,42586861,119180938,42586861.0,76594077.0,119180938.0,,15276224.0,R
"1,348",Gremlins 2: The New Batch,1990,50000000,41476097,41476097,41476097.0,,,,9702804.0,PG-13
"1,349",The Peacemaker,1997,50000000,41263140,62967368,41263140.0,21704228.0,62967368.0,,12311939.0,R
"1,350",Out of Time,2003,50000000,41083108,55489826,41083108.0,14406718.0,55489826.0,,16185316.0,PG-13
"1,351",Bridget Jones: The Edge Of Reason,2004,50000000,40203020,263894551,40203020.0,223691531.0,263894551.0,,8684055.0,R
"1,352",The Beach,2000,50000000,39778599,39778599,39778599.0,,,,15277921.0,R
"1,353",The Adventures of Sharkboy and Lavagirl in 3-D,2005,50000000,39177684,69425966,39177684.0,30248282.0,69425966.0,,12582088.0,PG
"1,354",On Deadly Ground,1994,50000000,38590458,38590458,38590458.0,,,,12679573.0,R
"1,355",Ninja Assassin,2009,50000000,38122883,62209892,38122883.0,24087009.0,62209892.0,22422688.0,13316158.0,R
"1,356",Raising Helen,2004,50000000,37485528,49842431,37485528.0,12356903.0,49842431.0,,10985597.0,PG-13
"1,357",The Nice Guys,2016,50000000,36261763,59596747,36261763.0,23334984.0,59596747.0,6464484.0,11203270.0,R
"1,358",For Love of the Game,1999,50000000,35188640,46112640,35188640.0,10924000.0,46112640.0,,13041685.0,PG-13
"1,359",Jack Frost,1998,50000000,34645374,34645374,34645374.0,,,,7104125.0,PG
"1,360",Marmaduke,2010,50000000,33644788,89895930,33644788.0,56251142.0,89895930.0,19513613.0,11599661.0,PG
"1,361",Striptease,1996,50000000,33109743,113309743,33109743.0,80200000.0,113309743.0,,12322069.0,R
"1,362",Hereafter,2010,50000000,32746941,108660270,32746941.0,75913329.0,108660270.0,10136229.0,220322.0,PG-13
"1,363",Murder by Numbers,2002,50000000,31874869,56643267,31874869.0,24768398.0,56643267.0,,9307394.0,R
"1,364",Assassins,1995,50000000,30306268,83306268,30306268.0,53000000.0,83306268.0,,9378637.0,R
"1,365",Hostiles,2017,50000000,29819114,36976336,29819114.0,7157222.0,36976336.0,6643331.0,22849.0,R
"1,366",Horizon: An American Saga Chapter 1,2024,50000000,29035702,38735702,29035702.0,9700000.0,38735702.0,,11052561.0,R
"1,367",Zoolander 2,2016,50000000,28848693,55348693,28848693.0,26500000.0,55348693.0,3372173.0,13841146.0,PG-13
"1,368",Defiance,2009,50000000,28644813,52987754,28644813.0,24342941.0,52987754.0,14361221.0,123513.0,R
"1,369",Hannibal Rising,2007,50000000,27669725,80583311,27669725.0,52913586.0,80583311.0,24311380.0,13051650.0,R
"1,370",The Story of Us,1999,50000000,27100030,27100030,27100030.0,,,,9673080.0,R
"1,371",The Host,2013,50000000,26623701,64477051,26623701.0,37853350.0,64477051.0,11347667.0,10600112.0,PG-13
"1,372",Basic,2003,50000000,26599248,42598498,26599248.0,15999250.0,42598498.0,,11511960.0,R
"1,373",Run All Night,2015,50000000,26461644,71661644,26461644.0,45200000.0,71661644.0,8071193.0,11012305.0,R
"1,374",Blood Work,2002,50000000,26199517,26199517,26199517.0,,,,7312413.0,R
"1,375",The International,2009,50000000,25450527,53850527,25450527.0,28400000.0,53850527.0,8013687.0,9331739.0,R
"1,376",Escape from L.A.,1996,50000000,25426861,25426861,25426861.0,,,,8912557.0,R
"1,377",Twisted,2004,50000000,25195050,40119848,25195050.0,14924798.0,40119848.0,,8904299.0,R
"1,378",All the Money in the World,2017,50000000,25106325,56890649,25106325.0,31784324.0,56890649.0,1270616.0,5584684.0,R
"1,379",The Life Aquatic with Steve Zissou,2004,50000000,24006726,34806726,24006726.0,10800000.0,34806726.0,1167761.0,113085.0,R
"1,380",The Iron Giant,1999,50000000,23534992,31709604,23534992.0,8174612.0,31709604.0,,5732614.0,PG
"1,381",Hellboy,2019,50000000,21903748,53956480,21903748.0,32052732.0,53956480.0,12201279.0,12045147.0,R
"1,382",Your Highness,2011,50000000,21596445,26121638,21596445.0,4525193.0,26121638.0,9206578.0,9360020.0,R
"1,383",Snowden,2015,50000000,21587519,35380918,21587519.0,13793399.0,35380918.0,4065257.0,8000058.0,R
"1,384",Dream House,2011,50000000,21302340,41642166,21302340.0,20339826.0,41642166.0,5400024.0,8129355.0,PG-13
"1,385",Free State of Jones,2016,50000000,20810036,23237252,20810036.0,2427216.0,23237252.0,6352668.0,7572206.0,R
"1,386",Gamer,2009,50000000,20534907,42002029,20534907.0,21467122.0,42002029.0,16937651.0,9156057.0,R
"1,387",Man of the House,2005,50000000,19699706,22099706,19699706.0,2400000.0,22099706.0,,8917251.0,PG-13
"1,388",The Life of David Gale,2003,50000000,19694635,28920188,19694635.0,9225553.0,28920188.0,,7117225.0,R
"1,389",Cabrini,2024,50000000,19512135,20592796,19512135.0,1080661.0,20592796.0,,7168520.0,PG-13
"1,390",Beautiful Creatures,2013,50000000,19452138,60282876,19452138.0,40830738.0,60282876.0,10823012.0,7582595.0,PG-13
"1,391",Into the Blue,2005,50000000,18782227,41982227,18782227.0,23200000.0,41982227.0,,7057854.0,PG-13
"1,392",Eastern Promises,2007,50000000,17181265,56077088,17181265.0,38895823.0,56077088.0,13826806.0,547092.0,R
"1,393",Baby’s Day Out,1994,50000000,16581575,16581575,16581575.0,,,,4044662.0,PG
"1,394",King Richard,2021,50000000,15138334,39538334,15138334.0,24400000.0,39538334.0,1093214.0,5406033.0,PG-13
"1,395",The Messenger: The Story of Joan of Arc,1999,50000000,14271297,14271297,14271297.0,,,,6360968.0,R
"1,396",Here,2024,50000000,12237270,15049963,12237270.0,2812693.0,15049963.0,,4875195.0,PG-13
"1,397",Fair Game,1995,50000000,11497497,26097497,11497497.0,14600000.0,26097497.0,,4946332.0,R
"1,398",Drive Angry,2011,50000000,10721033,41042583,10721033.0,30321550.0,41042583.0,9803812.0,5187625.0,R
"1,399",Mad City,1997,50000000,10561038,10561038,10561038.0,,,,4649742.0,PG-13
"1,400",The Scarlet Letter,1995,50000000,10359006,10359006,10359006.0,,,11347.0,4119086.0,R
"1,401",Domino,2005,50000000,10169202,23574057,10169202.0,13404855.0,23574057.0,16172622.0,4670120.0,R
"1,402",Jade,1995,50000000,9812870,9812870,9812870.0,,,,4284246.0,R
"1,403",The Crow,2024,50000000,9275659,15952484,9275659.0,6676825.0,15952484.0,,4644666.0,R
"1,404",Street Fighter: The Legend of Chun-Li,2009,50000000,8742261,12660287,8742261.0,3918026.0,12660287.0,6071817.0,4721110.0,PG-13
"1,405",Death to Smoochy,2002,50000000,8355815,8374062,8355815.0,18247.0,8374062.0,,4266463.0,R
"1,406",Early Man,2018,50000000,8267544,45285890,8267544.0,37018346.0,45285890.0,2012125.0,3190525.0,PG
"1,407",The Many Saints of Newark,2021,50000000,8237403,13037403,8237403.0,4800000.0,13037403.0,1141127.0,4651571.0,R
"1,408",The Boat That Rocked,2009,50000000,8017467,37472651,8017467.0,29455184.0,37472651.0,3572635.0,2904380.0,R
"1,409",Operation Fortune: Ruse de guerre,2023,50000000,6496125,27835815,6496125.0,21339690.0,27835815.0,1564126.0,3140214.0,R
"1,410",The Big Bounce,2004,50000000,6471394,6626115,6471394.0,154721.0,6626115.0,,3336374.0,PG-13
"1,411",What Planet Are You From?,2000,50000000,6291602,6291602,6291602.0,,,,3008746.0,R
"1,412",The Wandering Earth (流浪地球),2019,50000000,5875487,655883084,5875487.0,650007597.0,655883084.0,,1685287.0,Not Rated
"1,413",Arctic Dogs,2019,50000000,5801249,11285154,5801249.0,5483905.0,11285154.0,1452933.0,2901335.0,PG
"1,414",The Rhythm Section,2020,50000000,5437971,5983043,5437971.0,545072.0,5983043.0,,2715384.0,R
"1,415",Child 44,2015,50000000,1224330,8004221,1224330.0,6779891.0,8004221.0,,621812.0,R
"1,416",Outlander,2009,50000000,166003,1250617,166003.0,1084614.0,1250617.0,3460113.0,59581.0,R
"1,417",Upside Down,2012,50000000,102118,26387039,102118.0,26284921.0,26387039.0,3166462.0,28722.0,PG-13
"1,418",Shanghai,2012,50000000,46425,15505922,46425.0,15459497.0,15505922.0,29782.0,26604.0,R
"1,421",Dora and the Lost City of Gold,2019,49000000,60477943,120592276,60477943.0,60114333.0,120592276.0,7144870.0,17431588.0,PG
"1,422",The One,2001,49000000,43905746,72689126,43905746.0,28783380.0,72689126.0,,19112404.0,PG-13
"1,423",Chappie,2015,49000000,31569268,105002056,31569268.0,73432788.0,105002056.0,11604753.0,13346782.0,R
"1,424",The Adventures of Ford Fairlane,1990,49000000,20423389,20423389,20423389.0,,,,6374391.0,R
"1,425",Anna Karenina,2012,49000000,12816367,71004627,12816367.0,58188260.0,71004627.0,6779844.0,320690.0,R
"1,426",Indiana Jones and the Last Crusade,1989,48000000,197171806,474171806,197171806.0,277000000.0,474171806.0,554530.0,37031573.0,PG-13
"1,427",The Ring,2002,48000000,129094024,248218486,129094024.0,119124462.0,248218486.0,,15015393.0,PG-13
"1,428",Traffic,2000,48000000,124107476,208300000,124107476.0,84192524.0,208300000.0,,184725.0,R
"1,429",Panic Room,2002,48000000,95308367,196308367,95308367.0,101000000.0,196308367.0,,30056751.0,R
"1,430",Taken 3,2015,48000000,89256424,327656424,89256424.0,238400000.0,327656424.0,22878200.0,39201657.0,PG-13
"1,431",Zombieland: Double Tap,2019,48000000,73118130,125213018,73118130.0,52094888.0,125213018.0,16649224.0,26803104.0,R
"1,432",The Thomas Crown Affair,1999,48000000,69304264,124304264,69304264.0,55000000.0,124304264.0,,14600719.0,R
"1,433",Instant Family,2018,48000000,67363237,119736188,67363237.0,52372951.0,119736188.0,10091492.0,14504315.0,PG-13
"1,434",The Bone Collector,1999,48000000,66488090,151463090,66488090.0,84975000.0,151463090.0,,16712020.0,R
"1,435",Three Kings,1999,48000000,60652036,107752036,60652036.0,47100000.0,107752036.0,,15847636.0,R
"1,436",Tooth Fairy,2010,48000000,60022256,112610386,60022256.0,52588130.0,112610386.0,26059073.0,14010409.0,PG
"1,437",Rat Race,2001,48000000,56607223,86607223,56607223.0,30000000.0,86607223.0,,11662094.0,PG-13
"1,438",3:10 to Yuma,2007,48000000,53606916,71171825,53606916.0,17564909.0,71171825.0,56297459.0,14035033.0,R
"1,439",K-PAX,2001,48000000,50315140,64978140,50315140.0,14663000.0,64978140.0,,17215275.0,PG-13
"1,440",Kate and Leopold,2001,48000000,47095453,70937778,47095453.0,23842325.0,70937778.0,,9725408.0,PG-13
"1,441",Bedazzled,2000,48000000,37879996,90376224,37879996.0,52496228.0,90376224.0,,13106526.0,PG-13
"1,442",Out of Sight,1998,48000000,37562568,77562568,37562568.0,40000000.0,77562568.0,,12020435.0,R
"1,443",The Cotton Club,1984,48000000,25928721,25928721,25928721.0,,,,2903603.0,R
"1,444",Charlie’s Angels,2019,48000000,17801306,73235048,17801306.0,55433742.0,73235048.0,2632172.0,8351109.0,PG-13
"1,445",Rambo,2008,47500000,42754105,113244290,42754105.0,70490185.0,113244290.0,42407430.0,18203876.0,R
"1,446",The Infiltrator,2016,47500000,15436808,22152137,15436808.0,6715329.0,22152137.0,1617854.0,5303775.0,R
"1,447",Dick Tracy,1990,47000000,103738726,162738726,103738726.0,59000000.0,162738726.0,,22543911.0,PG
"1,448",Arrival,2016,47000000,100546139,202241353,100546139.0,101695214.0,202241353.0,20599729.0,24074047.0,PG-13
"1,449",The Cable Guy,1996,47000000,60240295,102825796,60240295.0,42585501.0,102825796.0,,19806226.0,PG-13
"1,450",Addams Family Values,1993,47000000,46293855,46293855,46293855.0,,,,14117545.0,PG-13
"1,451",Earth,2009,47000000,32011576,116773317,32011576.0,84761741.0,116773317.0,21460975.0,8825760.0,G
"1,452",Riding in Cars with Boys,2001,47000000,29781453,29781453,29781453.0,,,,10404652.0,PG-13
"1,453",Happily N'Ever After,2007,47000000,15849032,37923818,15849032.0,22074786.0,37923818.0,16810539.0,6608244.0,PG
"1,454",Solaris,2002,47000000,14970038,14970038,14970038.0,,,,6752722.0,PG-13
"1,455",Jonah Hex,2010,47000000,10547117,11022696,10547117.0,475579.0,11022696.0,10451127.0,5379365.0,PG-13
"1,456",Mary Reilly,1996,47000000,5707094,12900000,5707094.0,7192906.0,12900000.0,,2812620.0,R
"1,457",Silence,2016,46500000,7100177,23709894,7100177.0,16609717.0,23709894.0,2216457.0,130880.0,R
"1,458",Mr. Nobody,2012,46500000,3622,22254,3622.0,18632.0,22254.0,1601714.0,1612.0,R
"1,459",My Best Friend's Wedding,1997,46000000,126813153,298923419,126813153.0,172110266.0,298923419.0,,21678377.0,PG
"1,460",America's Sweethearts,2001,46000000,93607673,160648493,93607673.0,67040820.0,160648493.0,,30181877.0,PG-13
"1,461",Star Trek: First Contact,1996,46000000,92027888,150000000,92027888.0,57972112.0,150000000.0,,30716131.0,PG-13
"1,462",Brother Bear,2003,46000000,85336277,250397798,85336277.0,165061521.0,250397798.0,,291940.0,G
"1,463",Insomnia,2002,46000000,67263182,113622499,67263182.0,46359317.0,113622499.0,,20930169.0,R
"1,464",Prisoners,2013,46000000,61002302,113310547,61002302.0,52308245.0,113310547.0,18341673.0,20817053.0,R
"1,465",Courage Under Fire,1996,46000000,59003384,100833145,59003384.0,41829761.0,100833145.0,,12501586.0,R
"1,466",Strays,2023,46000000,23988885,35983009,23988885.0,11994124.0,35983009.0,879432.0,8247810.0,R
"1,467",Inchon,1982,46000000,4408636,4408636,4408636.0,,,,2326112.0,
"1,468",Arthur and the War of Two Worlds,2015,45500000,347136,36180824,347136.0,35833688.0,36180824.0,,,PG
"1,469",Liar Liar,1997,45000000,181410615,302710615,181410615.0,121300000.0,302710615.0,,31423025.0,PG-13
"1,470",A Bug’s Life,1998,45000000,162798565,363095319,162798565.0,200296754.0,363095319.0,,291121.0,G
"1,471",Taken 2,2012,45000000,139854287,377807404,139854287.0,237953117.0,377807404.0,64530563.0,49514769.0,PG-13
"1,472",The Flintstones,1994,45000000,130531208,358500000,130531208.0,227968792.0,358500000.0,342423.0,37182745.0,PG
"1,473",Scary Movie 3,2003,45000000,110000082,155200000,110000082.0,45199918.0,155200000.0,,48113770.0,PG-13
"1,474",Miss Congeniality,2000,45000000,106807667,213420951,106807667.0,106613284.0,213420951.0,,13853686.0,PG-13
"1,475",Pitch Perfect 3,2017,45000000,104897530,185736412,104897530.0,80838882.0,185736412.0,17335797.0,19928525.0,PG-13
"1,476",Journey to the Center of the Earth,2008,45000000,101704370,243180937,101704370.0,141476567.0,243180937.0,27101334.0,21018141.0,PG
"1,477",The Pelican Brief,1993,45000000,100768056,187995859,100768056.0,87227803.0,187995859.0,,16864404.0,PG-13
"1,478",The Princess Diaries 2: Royal Engagement,2004,45000000,95149435,134713435,95149435.0,39564000.0,134713435.0,,22956453.0,G
"1,479",The Bucket List,2007,45000000,93466502,174807445,93466502.0,81340943.0,174807445.0,37482106.0,335837.0,PG-13
"1,480",The Client,1994,45000000,92115211,117615211,92115211.0,25500000.0,117615211.0,,17174262.0,PG-13
"1,481",The Muppets,2011,45000000,88625922,160461952,88625922.0,71836030.0,160461952.0,56725531.0,29239026.0,PG
"1,482",Patriot Games,1992,45000000,83287363,178100000,83287363.0,94812637.0,178100000.0,,18511191.0,R
"1,483",Monster-in-Law,2005,45000000,82931301,155931301,82931301.0,73000000.0,155931301.0,,23105133.0,PG-13
"1,484",Training Day,2001,45000000,76261036,104505352,76261036.0,28244316.0,104505352.0,,22550788.0,R
"1,485",The Girl on the Train,2016,45000000,75395035,174278214,75395035.0,98883179.0,174278214.0,9804767.0,24536265.0,R
"1,486",Galaxy Quest,1999,45000000,71423726,90523726,71423726.0,19100000.0,90523726.0,,7012630.0,PG
"1,487",Scary Movie 2,2001,45000000,71277420,141189101,71277420.0,69911681.0,141189101.0,,20503356.0,R
"1,488",Blade,1998,45000000,70141876,131237688,70141876.0,61095812.0,131237688.0,,17073856.0,R
"1,489",Coach Carter,2005,45000000,67264877,76665507,67264877.0,9400630.0,76665507.0,,24182960.0,PG-13
"1,490",The Bounty Hunter,2010,45000000,67061228,135808837,67061228.0,68747609.0,135808837.0,23892174.0,20686423.0,PG-13
"1,491",Changing Lanes,2002,45000000,66790248,66790248,66790248.0,,,,17128062.0,R
"1,492",Anaconda,1997,45000000,65598907,136998907,65598907.0,71400000.0,136998907.0,,16620887.0,PG-13
"1,493",Underworld: Evolution,2006,45000000,62318875,113417762,62318875.0,51098887.0,113417762.0,47423555.0,26857181.0,R
"1,494",A Beautiful Day in the Neighborhood,2019,45000000,61696436,68590003,61696436.0,6893567.0,68590003.0,9342726.0,13251238.0,PG
"1,495",Coyote Ugly,2000,45000000,60786269,113916474,60786269.0,53130205.0,113916474.0,,17319282.0,PG-13
"1,496",Love Actually,2003,45000000,60235426,246479647,60235426.0,186244221.0,246479647.0,,6886080.0,R
"1,497",Jack,1996,45000000,58617334,58617334,58617334.0,,,,11191496.0,PG-13
"1,498",The Specialist,1994,45000000,57362581,170362581,57362581.0,113000000.0,170362581.0,,14317765.0,R
"1,499",Office Christmas Party,2016,45000000,54767494,115097874,54767494.0,60330380.0,115097874.0,5221406.0,16890204.0,R
"1,500",Tin Cup,1996,45000000,53854588,75854588,53854588.0,22000000.0,75854588.0,,10128834.0,R
"1,501","Yours, Mine and Ours",2005,45000000,53359917,72359917,53359917.0,19000000.0,72359917.0,27519495.0,17461108.0,PG
"1,502",Kicking and Screaming,2005,45000000,52842724,55842724,52842724.0,3000000.0,55842724.0,,20159925.0,PG
"1,503",The Hitchhiker's Guide to the Galaxy,2005,45000000,51019112,102746214,51019112.0,51727102.0,102746214.0,,21103203.0,PG
"1,504",Resident Evil: Extinction,2007,45000000,50648679,149871103,50648679.0,99222424.0,149871103.0,35223140.0,23678580.0,R
"1,505",No Hard Feelings,2023,45000000,50452282,83453541,50452282.0,33001259.0,83453541.0,2020934.0,15002770.0,R
"1,506",Fat Albert,2004,45000000,48114556,48563556,48114556.0,449000.0,48563556.0,,10021510.0,PG
"1,507",Savages,2012,45000000,47323100,82513490,47323100.0,35190390.0,82513490.0,14728966.0,16016910.0,R
"1,508",The River Wild,1994,45000000,46815000,94215000,46815000.0,47400000.0,94215000.0,,10214450.0,PG-13
"1,509",Blended,2014,45000000,46290741,127990741,46290741.0,81700000.0,127990741.0,20505881.0,14284031.0,PG-13
"1,510",All Eyez on Me,2016,45000000,44922302,57697426,44922302.0,12775124.0,57697426.0,2712590.0,26435354.0,R
"1,511",Peter Rabbit 2: The Runaway,2021,45000000,40501717,157214984,40501717.0,116713267.0,157214984.0,5294278.0,10101066.0,PG
"1,512",Last Holiday,2006,45000000,38399961,43343247,38399961.0,4943286.0,43343247.0,31136000.0,12806188.0,PG-13
"1,513",16 Blocks,2006,45000000,36895141,65595141,36895141.0,28700000.0,65595141.0,17848921.0,11855260.0,PG-13
"1,514",The Indian in the Cupboard,1995,45000000,35627222,35627222,35627222.0,,,,7716278.0,PG
"1,515",65,2023,45000000,32062904,56241027,32062904.0,24178123.0,56241027.0,3928349.0,12328361.0,PG-13
"1,516",Cellular,2004,45000000,32003620,61453420,32003620.0,29449800.0,61453420.0,,10100571.0,PG-13
"1,517",Doctor Sleep,2019,45000000,31581712,72381712,31581712.0,40800000.0,72381712.0,12210090.0,14114124.0,R
"1,518",The Ant Bully,2006,45000000,28142535,49610898,28142535.0,21468363.0,49610898.0,29610317.0,8432465.0,PG
"1,519",Johnny English,2003,45000000,28013509,161735791,28013509.0,133722282.0,161735791.0,,9134085.0,PG
"1,520",Dune,1984,45000000,27961341,28018540,27961341.0,57199.0,28018540.0,,6025091.0,PG-13
"1,521",Aliens in the Attic,2009,45000000,25200412,59551283,25200412.0,34350871.0,59551283.0,14081561.0,8008423.0,PG
"1,522",Across the Universe,2007,45000000,24343673,29367143,24343673.0,5023470.0,29367143.0,27321126.0,667784.0,PG-13
"1,523",Revolutionary Road,2008,45000000,22951340,79604820,22951340.0,56653480.0,79604820.0,8816180.0,189911.0,R
"1,524",Babylon A.D.,2008,45000000,22532572,70216497,22532572.0,47683925.0,70216497.0,18051175.0,9484627.0,PG-13
"1,525",Richard Jewell,2019,45000000,22345542,44645542,22345542.0,22300000.0,44645542.0,1999364.0,4705265.0,R
"1,526",Frankenstein,1994,45000000,22006296,112006296,22006296.0,90000000.0,112006296.0,,11212889.0,R
"1,527",The Glimmer Man,1996,45000000,20404841,36404841,20404841.0,16000000.0,36404841.0,,7605504.0,R
"1,528",UglyDolls,2019,45000000,20150241,32630599,20150241.0,12480358.0,32630599.0,3459287.0,8603407.0,PG
"1,529",Multiplicity,1996,45000000,20133326,20133326,20133326.0,,,,5075340.0,PG-13
"1,530",The Pledge,2001,45000000,19719930,29406132,19719930.0,9686202.0,29406132.0,,5765347.0,R
"1,531",The Producers: The Movie Musical,2005,45000000,19398532,32952995,19398532.0,13554463.0,32952995.0,5375390.0,154590.0,PG-13
"1,532",Paws of Fury: The Legend of Hank,2022,45000000,17811382,40166138,17811382.0,22354756.0,40166138.0,1174240.0,6321423.0,PG
"1,533",The Phantom,1996,45000000,17220599,17220599,17220599.0,,,,5072346.0,PG
"1,534",Rebound,2005,45000000,16809014,17492014,16809014.0,683000.0,17492014.0,,5033848.0,PG
"1,535",The Ghost Writer,2010,45000000,15541549,65532491,15541549.0,49990942.0,65532491.0,6616131.0,183009.0,PG-13
"1,536",All the Pretty Horses,2000,45000000,15527125,18120267,15527125.0,2593142.0,18120267.0,,,PG-13
"1,537",Bangkok Dangerous,2008,45000000,15298133,46598133,15298133.0,31300000.0,46598133.0,16002248.0,7783266.0,R
"1,538",Nixon,1995,45000000,13668249,34668249,13668249.0,21000000.0,34668249.0,,2206506.0,R
"1,539",The Last Voyage of the Demeter,2023,45000000,13637180,20397648,13637180.0,6760468.0,20397648.0,1428703.0,6504950.0,R
"1,540",Dredd,2012,45000000,13414714,41467606,13414714.0,28052892.0,41467606.0,22045408.0,6278491.0,R
"1,541",The Rum Diary,2011,45000000,13109815,21544732,13109815.0,8434917.0,21544732.0,7426378.0,5135369.0,R
"1,542",Deep Rising,1998,45000000,11203026,11203026,11203026.0,,,370503.0,4737793.0,R
"1,543",Welcome to Marwen,2018,45000000,10763520,13086137,10763520.0,2322617.0,13086137.0,1262757.0,2354205.0,PG-13
"1,544",Bloodshot,2019,45000000,10021787,37163054,10021787.0,27141267.0,37163054.0,18804939.0,9176695.0,PG-13
"1,545",The Seeker: The Dark is Rising,2007,45000000,8794452,31852619,8794452.0,23058167.0,31852619.0,10999234.0,3745315.0,PG
"1,546",Johnny English Reborn,2011,45000000,8406711,164640401,8406711.0,156233690.0,164640401.0,4236750.0,3833300.0,PG
"1,547",Miracle at St. Anna,2008,45000000,7916887,9676497,7916887.0,1759610.0,9676497.0,10560617.0,3477996.0,R
"1,548",Big Trouble,2002,45000000,7262288,8488871,7262288.0,1226583.0,8488871.0,,3545204.0,PG-13
"1,549",Man cheng jin dai huang jin jia,2006,45000000,6566773,76904429,6566773.0,70337656.0,76904429.0,11243709.0,478771.0,R
"1,550",Love in the Time of Cholera,2007,45000000,4617608,31077418,4617608.0,26459810.0,31077418.0,,1924860.0,R
"1,551",Pinocchio,2002,45000000,3681811,31681811,3681811.0,28000000.0,31681811.0,,1151463.0,G
"1,552",Shadow Conspiracy,1997,45000000,2154540,2154540,2154540.0,,,,1370831.0,R
"1,553",Foodfight!,2012,45000000,0,120323,,120323.0,120323.0,,,PG
"1,554",Hillbilly Elegy,2020,45000000,0,38852,,38852.0,38852.0,,,R
"1,555",The Alto Knights,2025,45000000,0,0,,,,,,R
"1,556",Argo,2012,44500000,136025503,227140757,136025503.0,91115254.0,227140757.0,44953460.0,19458109.0,R
"1,557",The Fugitive,1993,44000000,183968665,353808222,183968665.0,169839557.0,353808222.0,,23758855.0,PG-13
"1,558",Rambo: First Blood Part II,1985,44000000,150415432,300400000,150415432.0,149984568.0,300400000.0,,25520843.0,R
"1,559",Sleepers,1996,44000000,53300852,165600852,53300852.0,112300000.0,165600852.0,,12305745.0,R
"1,560",Charlie St. Cloud,2010,44000000,31206263,48478084,31206263.0,17271821.0,48478084.0,14459955.0,12381585.0,PG-13
"1,561",The Juror,1996,44000000,22730924,22730924,22730924.0,,,,8411178.0,R
"1,562",The Interview,2014,44000000,6105175,12342632,6105175.0,6237457.0,12342632.0,7630209.0,,R
"1,563",Heaven's Gate,1980,44000000,3484331,3484523,3484331.0,192.0,3484523.0,,,
"1,564",The Heat,2013,43000000,159581587,229727774,159581587.0,70146187.0,229727774.0,69931861.0,39115043.0,R
"1,565",Finding Forrester,2000,43000000,51768623,80013623,51768623.0,28245000.0,80013623.0,,701207.0,PG-13
"1,566",28 Days,2000,43000000,37035515,62063972,37035515.0,25028457.0,62063972.0,,10310672.0,PG-13
"1,567",Danny the Dog,2005,43000000,24537621,49037621,24537621.0,24500000.0,49037621.0,,10900901.0,R
"1,568",The Sweetest Thing,2002,43000000,24430272,63078756,24430272.0,38648484.0,63078756.0,,9430667.0,R
"1,569",The Girl in the Spider’s Web,2018,43000000,14828555,34983342,14828555.0,20154787.0,34983342.0,4042964.0,7810112.0,R
"1,570",Last Night in Soho,2021,43000000,10127625,22567607,10127625.0,12439982.0,22567607.0,1338139.0,4178460.0,R
"1,571",A Monster Calls,2016,43000000,3740823,46414530,3740823.0,42673707.0,46414530.0,3557526.0,30909.0,PG-13
"1,572",The Mechanic,2011,42500000,29121498,76347393,29121498.0,47225895.0,76347393.0,18884396.0,11422006.0,R
"1,573",The Firm,1993,42000000,158340892,270340892,158340892.0,112000000.0,270340892.0,,32476785.0,R
"1,574",21 Jump Street,2012,42000000,138447667,202812429,138447667.0,64364762.0,202812429.0,49445991.0,36302612.0,R
"1,575",Notting Hill,1999,42000000,116089678,363718196,116089678.0,247628518.0,363718196.0,,21811180.0,PG-13
"1,576",Little Women,2019,42000000,108095955,218838386,108095955.0,110742431.0,218838386.0,8786286.0,16755310.0,PG
"1,577",Chicken Run,2000,42000000,106793915,227793915,106793915.0,121000000.0,227793915.0,,17506162.0,G
"1,578",Along Came Polly,2004,42000000,88073507,173044410,88073507.0,84970903.0,173044410.0,,27721185.0,PG-13
"1,579",Boomerang,1992,42000000,70052444,131052444,70052444.0,61000000.0,131052444.0,,13640706.0,R
"1,580",Brüno,2009,42000000,60054530,138708527,60054530.0,78653997.0,138708527.0,12751747.0,30619130.0,R
"1,581",Cleopatra,2063,42000000,57000000,71000000,57000000.0,14000000.0,71000000.0,2541867.0,,G
"1,582",Snatched,2017,42000000,45852178,60129558,45852178.0,14277380.0,60129558.0,6592658.0,19542248.0,R
"1,583",Here Comes the Boom,2012,42000000,45290318,73239258,45290318.0,27948940.0,73239258.0,18146781.0,11816596.0,PG
"1,584",High Crimes,2002,42000000,41543207,63781100,41543207.0,22237893.0,63781100.0,,14005550.0,PG-13
"1,585",The Mirror Has Two Faces,1996,42000000,41267469,41267469,41267469.0,,,,12210868.0,PG-13
"1,586",Red Riding Hood,2011,42000000,37662162,91678442,37662162.0,54016280.0,91678442.0,11817129.0,14005335.0,PG-13
"1,587",The Mothman Prophecies,2002,42000000,35228696,56438555,35228696.0,21209859.0,56438555.0,,11208851.0,PG-13
"1,588",Licence to Kill,1989,42000000,34667015,156167015,34667015.0,121500000.0,156167015.0,,8774776.0,PG-13
"1,589",Holmes & Watson,2018,42000000,30568743,41926605,30568743.0,11357862.0,41926605.0,2434038.0,7411522.0,PG-13
"1,590",One for the Money,2012,42000000,26414527,39377700,26414527.0,12963173.0,39377700.0,10366835.0,11515790.0,PG-13
"1,591",15 Minutes,2001,42000000,24375436,56331864,24375436.0,31956428.0,56331864.0,,10523154.0,R
"1,592",Lord of War,2005,42000000,24149632,60437727,24149632.0,36288095.0,60437727.0,32360518.0,9390144.0,R
"1,593",Super Mario Bros.,1993,42000000,20844907,20844907,20844907.0,,,,8532623.0,PG
"1,594",Hero,1992,42000000,19487173,66787173,19487173.0,47300000.0,66787173.0,,5210875.0,PG-13
"1,595",Man on a Ledge,2012,42000000,18620000,49621440,18620000.0,31001440.0,49621440.0,8073892.0,8001932.0,PG-13
"1,596",The Warrior's Way,2010,42000000,5666340,8514325,5666340.0,2847985.0,8514325.0,5259343.0,3048665.0,R
"1,597",McHale's Navy,1997,42000000,4408420,4408420,4408420.0,,,,2128565.0,PG
"1,598",Micmacs,2010,42000000,1259693,18821576,1259693.0,17561883.0,18821576.0,,42751.0,R
"1,600",Pourquoi j'ai pas mangé mon père,2015,42000000,0,15451663,,15451663.0,15451663.0,,,
"1,601",8 Mile,2002,41000000,116724075,245768384,116724075.0,129044309.0,245768384.0,,51240555.0,R
"1,602",Rocketman,2019,41000000,96368160,190995193,96368160.0,94627033.0,190995193.0,12833720.0,25725722.0,R
"1,603",A Knight’s Tale,2001,41000000,56083966,100622586,56083966.0,44538620.0,100622586.0,,16511391.0,PG-13
"1,604",The Medallion,2003,41000000,22108977,22108977,22108977.0,,,,8111324.0,PG-13
"1,605",The Big Year,2011,41000000,7204138,7684524,7204138.0,480386.0,7684524.0,7545157.0,3251884.0,PG
"1,606",Mafia Mamma,2023,41000000,3496761,7777708,3496761.0,4280947.0,7777708.0,,2032202.0,R
"1,607",The King’s Daughter,2022,40500000,1747263,2157750,1747263.0,410487.0,2157750.0,,723151.0,PG
"1,608",The Sixth Sense,1999,40000000,293506292,672806292,293506292.0,379300000.0,672806292.0,,26681262.0,PG-13
"1,609",Wedding Crashers,2005,40000000,209218368,283218368,209218368.0,74000000.0,283218368.0,147215648.0,33900720.0,R
"1,610",The Karate Kid,2010,40000000,176591618,351774938,176591618.0,175183320.0,351774938.0,65546308.0,55665805.0,PG
"1,611",Fifty Shades of Grey,2015,40000000,166167230,570794950,166167230.0,404627720.0,570794950.0,65558120.0,85171450.0,R
"1,612",Knives Out,2019,40000000,165364060,312898746,165364060.0,147534686.0,312898746.0,25028702.0,26769548.0,PG-13
"1,613",The Proposal,2009,40000000,163958031,314709717,163958031.0,150751686.0,314709717.0,114869949.0,33627598.0,PG-13
"1,614",American Hustle,2013,40000000,150098456,257858943,150098456.0,107760487.0,257858943.0,18425311.0,740455.0,R
"1,615",Cheaper by the Dozen,2003,40000000,138614544,190212113,138614544.0,51597569.0,190212113.0,,27557647.0,PG
"1,616",Lucy,2014,40000000,126573960,457507776,126573960.0,330933816.0,457507776.0,34611629.0,43899340.0,R
"1,617",Lone Survivor,2013,40000000,125095601,149804632,125095601.0,24709031.0,149804632.0,53828072.0,90872.0,R
"1,618",Back to the Future Part II,1989,40000000,118450002,331971868,118450002.0,213521866.0,331971868.0,,27835125.0,PG
"1,619",Double Jeopardy,1999,40000000,116735231,177835231,116735231.0,61100000.0,177835231.0,,23162542.0,R
"1,620",Spy Kids 3-D: Game Over,2003,40000000,111760631,167851995,111760631.0,56091364.0,167851995.0,,33417739.0,PG
"1,621",A Time to Kill,1996,40000000,108766007,152266007,108766007.0,43500000.0,152266007.0,,14823159.0,R
"1,622",A League of Their Own,1992,40000000,107533925,132440066,107533925.0,24906141.0,132440066.0,,13739456.0,PG
"1,623",The Conjuring 2: The Enfield Poltergeist,2016,40000000,102470008,310196332,102470008.0,207726324.0,310196332.0,9219788.0,40406314.0,R
"1,624",The Social Network,2010,40000000,96962694,224922135,96962694.0,127959441.0,224922135.0,34705052.0,22445653.0,PG-13
"1,625",Julie & Julia,2009,40000000,94125426,131516178,94125426.0,37390752.0,131516178.0,53977408.0,20027956.0,PG-13
"1,626",He's Just Not That Into You,2009,40000000,93953653,181053657,93953653.0,87100004.0,181053657.0,28025045.0,27785487.0,PG-13
"1,627",John Wick: Chapter Two,2017,40000000,92029184,171539887,92029184.0,79510703.0,171539887.0,52074031.0,30436123.0,R
"1,628",Ride Along 2,2016,40000000,90862685,124827316,90862685.0,33964631.0,124827316.0,13018332.0,35243095.0,PG-13
"1,629",Scary Movie 4,2006,40000000,90710620,178710620,90710620.0,88000000.0,178710620.0,23293128.0,40222875.0,PG-13
"1,630",Get Hard,2015,40000000,90411453,111811453,90411453.0,21400000.0,111811453.0,22012230.0,33803253.0,R
"1,631",Scream 3,2000,40000000,89138076,161838076,89138076.0,72700000.0,161838076.0,,34713342.0,R
"1,632",Back to the Future Part III,1990,40000000,88055283,244087259,88055283.0,156031976.0,244087259.0,,23703060.0,PG
"1,633",The Accountant,2016,40000000,86260045,152962083,86260045.0,66702038.0,152962083.0,20745210.0,24710273.0,R
"1,634",Dumb and Dumber To,2014,40000000,86208010,156553592,86208010.0,70345582.0,156553592.0,13235331.0,36111775.0,PG-13
"1,635",The Other Woman,2014,40000000,83911193,194270103,83911193.0,110358910.0,194270103.0,18946659.0,24763752.0,PG-13
"1,636",Bram Stoker's Dracula,1992,40000000,82522790,215862666,82522790.0,133339876.0,215862666.0,,30521679.0,R
"1,637",Eight Below,2006,40000000,81612565,120455994,81612565.0,38843429.0,120455994.0,107475490.0,20188176.0,PG
"1,638",The Talented Mr. Ripley,1999,40000000,81292135,128792130,81292135.0,47499995.0,128792130.0,,12738237.0,R
"1,639",The Intern,2015,40000000,75764672,197115710,75764672.0,121351038.0,197115710.0,14392950.0,17728313.0,PG-13
"1,640",The Last of the Mohicans,1992,40000000,75505856,75505856,75505856.0,,,,10976661.0,R
"1,641",Ray,2004,40000000,75305995,124823094,75305995.0,49517099.0,124823094.0,,20039730.0,PG-13
"1,642",Sin City,2005,40000000,74103820,158527918,74103820.0,84424098.0,158527918.0,,29120273.0,R
"1,643",Bridge of Spies,2015,40000000,72313754,162498338,72313754.0,90184584.0,162498338.0,12241281.0,15371203.0,PG-13
"1,644",Vantage Point,2008,40000000,72266306,150886329,72266306.0,78620023.0,150886329.0,25382892.0,22874936.0,PG-13
"1,645","I Love You, Man",2009,40000000,72013010,92302502,72013010.0,20289492.0,92302502.0,32247533.0,17810270.0,R
"1,646",Shallow Hal,2001,40000000,70836296,70836296,70836296.0,,,,22518295.0,PG-13
"1,647",JFK,1991,40000000,70405498,205400000,70405498.0,134994502.0,205400000.0,1191985.0,5223658.0,R
"1,648",Big Momma's House 2,2006,40000000,70165972,137047376,70165972.0,66881404.0,137047376.0,21622826.0,27736056.0,PG-13
"1,649",Angel Has Fallen,2019,40000000,69030436,133345583,69030436.0,64315147.0,133345583.0,21170633.0,21380987.0,R
"1,650",The House with a Clock in its Walls,2018,40000000,68549695,131457147,68549695.0,62907452.0,131457147.0,24281072.0,26608020.0,PG
"1,651",Hacksaw Ridge,2016,40000000,67209615,168423249,67209615.0,101213634.0,168423249.0,29290355.0,15190758.0,R
"1,652",The Mexican,2001,40000000,66808615,145238250,66808615.0,78429635.0,145238250.0,,20108829.0,R
"1,653",The Final Destination,2009,40000000,66477700,187384627,66477700.0,120906927.0,187384627.0,15052450.0,27408309.0,R
"1,654",The Conjuring: The Devil Made Me Do It,2021,40000000,65631050,206431050,65631050.0,140800000.0,206431050.0,6293435.0,24104332.0,R
"1,655",17 Again,2009,40000000,64167069,139474906,64167069.0,75307837.0,139474906.0,29729230.0,23722310.0,PG-13
"1,656",Unknown,2011,40000000,63686397,136123083,63686397.0,72436686.0,136123083.0,15934686.0,21856389.0,PG-13
"1,657",Get Him to the Greek,2010,40000000,61153526,92994927,61153526.0,31841401.0,92994927.0,32570215.0,17570955.0,R
"1,658",Gothika,2003,40000000,59588068,141484812,59588068.0,81896744.0,141484812.0,,19288438.0,R
"1,659",Behind Enemy Lines,2001,40000000,58855732,58855732,58855732.0,,,,18736133.0,PG-13
"1,660",The Lincoln Lawyer,2011,40000000,58009200,87145086,58009200.0,29135886.0,87145086.0,19443063.0,13206453.0,R
"1,661",Shall We Dance?,2004,40000000,57887882,170125882,57887882.0,112238000.0,170125882.0,,11783467.0,PG-13
"1,662",Invincible,2006,40000000,57806952,58501127,57806952.0,694175.0,58501127.0,48280003.0,17031122.0,PG
"1,663",Escape From Planet Earth,2013,40000000,57012977,74156610,57012977.0,17143633.0,74156610.0,11519565.0,15891055.0,PG
"1,664",Small Soldiers,1998,40000000,55143823,71743823,55143823.0,16600000.0,71743823.0,,14047592.0,PG-13
"1,665",Spawn,1997,40000000,54979992,87949859,54979992.0,32969867.0,87949859.0,,19738749.0,PG-13
"1,666",Horrible Bosses 2,2014,40000000,54445357,105945357,54445357.0,51500000.0,105945357.0,8087190.0,15457418.0,R
"1,667",The Count of Monte Cristo,2002,40000000,54228104,75389090,54228104.0,21160986.0,75389090.0,,11376150.0,PG-13
"1,668",Corpse Bride,2005,40000000,53359111,114686476,53359111.0,61327365.0,114686476.0,43296438.0,385078.0,PG
"1,669",The Prestige,2006,40000000,53089891,104407366,53089891.0,51317475.0,104407366.0,48494370.0,14801808.0,PG-13
"1,670",The Lake House,2006,40000000,52330111,114830111,52330111.0,62500000.0,114830111.0,39975304.0,13616196.0,PG
"1,671",Predators,2010,40000000,52000688,127234389,52000688.0,75233701.0,127234389.0,32683737.0,24760882.0,R
"1,672",The Odd Life of Timothy Green,2012,40000000,51853450,55249159,51853450.0,3395709.0,55249159.0,21303085.0,10822903.0,PG
"1,673",Amistad,1997,40000000,51504653,65542212,51504653.0,14037559.0,65542212.0,,4573523.0,R
"1,674",The Living Daylights,1987,40000000,51185000,191199996,51185000.0,140014996.0,191199996.0,,11051284.0,PG
"1,675",Apocalypto,2006,40000000,50866635,121032272,50866635.0,70165637.0,121032272.0,52457489.0,15005604.0,R
"1,676",Music and Lyrics,2007,40000000,50572589,146196885,50572589.0,95624296.0,146196885.0,21209620.0,13623630.0,PG-13
"1,677",Legal Eagles,1986,40000000,49851591,49851591,49851591.0,,,,8132378.0,PG
"1,678",Secret Window,2004,40000000,47958031,92110539,47958031.0,44152508.0,92110539.0,,18237568.0,PG-13
"1,679",The Skeleton Key,2005,40000000,47907715,92256918,47907715.0,44349203.0,92256918.0,,16057945.0,PG-13
"1,680",The Rainmaker,1997,40000000,47159786,47159786,47159786.0,,,,10626507.0,PG-13
"1,681",Jersey Boys,2014,40000000,47047013,65282732,47047013.0,18235719.0,65282732.0,12323027.0,13319371.0,R
"1,682",Made of Honor,2008,40000000,46012734,106548738,46012734.0,60536004.0,106548738.0,15343191.0,14756850.0,PG-13
"1,683",Medicine Man,1992,40000000,44948240,44948240,44948240.0,,,,8494271.0,PG-13
"1,684",A Million Ways to Die in The West,2014,40000000,42720965,86778557,42720965.0,44057592.0,86778557.0,15203344.0,16797385.0,R
"1,685",Final Destination 5,2011,40000000,42587643,155011165,42587643.0,112423522.0,155011165.0,10511239.0,18031396.0,R
"1,686",Widows,2018,40000000,42402632,75984700,42402632.0,33582068.0,75984700.0,5543061.0,12361307.0,R
"1,687",Fever Pitch,2005,40000000,42071069,50071069,42071069.0,8000000.0,50071069.0,,12400125.0,PG-13
"1,688",Aliens vs. Predator - Requiem,2007,40000000,41797066,128884494,41797066.0,87087428.0,128884494.0,28253938.0,10059425.0,R
"1,689",The Water Horse: Legend of the Deep,2007,40000000,40412817,103429755,40412817.0,63016938.0,103429755.0,31740276.0,9186054.0,PG
"1,690",Sex Tape,2014,40000000,38543473,126069509,38543473.0,87526036.0,126069509.0,7346572.0,14608152.0,R
"1,691",Scream 4,2011,40000000,38180928,95989590,38180928.0,57808662.0,95989590.0,10278924.0,18692090.0,R
"1,692",Ri¢hie Ri¢h,1994,40000000,38087756,38087756,38087756.0,,,,5830302.0,PG
"1,693",Autumn in New York,2000,40000000,37752931,90717684,37752931.0,52964753.0,90717684.0,,10987006.0,PG-13
"1,694",Paul,2011,40000000,37412945,101162106,37412945.0,63749161.0,101162106.0,17097311.0,13043310.0,R
"1,695",The Guilt Trip,2012,40000000,37134215,41742317,37134215.0,4608102.0,41742317.0,10277579.0,5290629.0,PG-13
"1,696",Colombiana,2011,40000000,36665854,72295262,36665854.0,35629408.0,72295262.0,16140425.0,10408176.0,PG-13
"1,697",8MM,1999,40000000,36443442,96398826,36443442.0,59955384.0,96398826.0,,14252888.0,R
"1,698",The Commuter,2018,40000000,36343858,118509836,36343858.0,82165978.0,118509836.0,7756253.0,13701452.0,PG-13
"1,699",Hanging Up,2000,40000000,36037909,51867723,36037909.0,15829814.0,51867723.0,,15710411.0,PG-13
"1,700",The Doors,1991,40000000,34416893,34479551,34416893.0,62658.0,34479551.0,,9151800.0,R
"1,701",Mickey Blue Eyes,1999,40000000,33864342,53864342,33864342.0,20000000.0,53864342.0,,10178289.0,PG-13
"1,702",The Spy Who Dumped Me,2018,40000000,33562069,78998245,33562069.0,45436176.0,78998245.0,5373705.0,12103043.0,R
"1,703",Pay it Forward,2000,40000000,33508922,55696705,33508922.0,22187783.0,55696705.0,,9631359.0,PG-13
"1,704",Arthur,2011,40000000,33035397,47787943,33035397.0,14752546.0,47787943.0,7274840.0,12222756.0,PG-13
"1,705",Drillbit Taylor,2008,40000000,32862104,49686263,32862104.0,16824159.0,49686263.0,12325475.0,10309986.0,PG-13
"1,706",Patriots Day,2016,40000000,31886361,52837989,31886361.0,20951628.0,52837989.0,9527265.0,161306.0,R
"1,707",Extremely Loud and Incredibly Close,2011,40000000,31847881,55247881,31847881.0,23400000.0,55247881.0,11956215.0,72348.0,PG-13
"1,708",The Shadow,1994,40000000,31835600,31835600,31835600.0,,,1228006.0,11713845.0,PG-13
"1,709",Transporter 3,2008,40000000,31715062,112930957,31715062.0,81215895.0,112930957.0,22238094.0,12063452.0,PG-13
"1,710",Morning Glory,2010,40000000,31011732,59795070,31011732.0,28783338.0,59795070.0,8451491.0,9203266.0,PG-13
"1,711",Get Rich or Die Tryin',2005,40000000,30981850,46666955,30981850.0,15685105.0,46666955.0,10306007.0,12020807.0,R
"1,712",Long Shot,2019,40000000,30316271,53624424,30316271.0,23308153.0,53624424.0,3131021.0,9740064.0,R
"1,713",The Art of War,2000,40000000,30199105,40390931,30199105.0,10191826.0,40390931.0,,10410993.0,R
"1,714",Grudge Match,2013,40000000,29817991,69817991,29817991.0,40000000.0,69817991.0,5130158.0,7032724.0,PG-13
"1,715",Bless the Child,2000,40000000,29374178,40435694,29374178.0,11061516.0,40435694.0,,9413684.0,R
"1,716",Rent,2005,40000000,29077547,31670620,29077547.0,2593073.0,31670620.0,31567019.0,10016021.0,PG-13
"1,717",The Out-of-Towners,1999,40000000,28544120,28544120,28544120.0,,,,8224215.0,PG-13
"1,718",The Nut Job 2: Nutty by Nature,2017,40000000,28370522,57424952,28370522.0,29054430.0,57424952.0,3951543.0,8342311.0,PG
"1,719",The Island of Dr. Moreau,1996,40000000,27682712,27682712,27682712.0,,,,9101987.0,PG-13
"1,720",Wrath of Man,2021,40000000,27466489,103913405,27466489.0,76446916.0,103913405.0,5060584.0,8309007.0,R
"1,721",The Musketeer,2001,40000000,27053815,27053815,27053815.0,,,,10312740.0,PG-13
"1,722",Resident Evil: The Final Chapter,2016,40000000,26844692,314101190,26844692.0,287256498.0,314101190.0,10137231.0,13601682.0,R
"1,723",The Other Boleyn Girl,2008,40000000,26814957,78269970,26814957.0,51455013.0,78269970.0,9913313.0,8203061.0,PG-13
"1,724",The House,2017,40000000,25584504,31192425,25584504.0,5607921.0,31192425.0,2384681.0,8724795.0,R
"1,725",Sweet November,2001,40000000,25288103,65754228,25288103.0,40466125.0,65754228.0,,11015226.0,PG-13
"1,726",The Reaping,2007,40000000,25126214,62226214,25126214.0,37100000.0,62226214.0,20364441.0,10025203.0,R
"1,727",Season of the Witch,2011,40000000,24827228,91126600,24827228.0,66299372.0,91126600.0,10104788.0,10612375.0,PG-13
"1,728",Renaissance Man,1994,40000000,24172899,24172899,24172899.0,,,,5557590.0,PG-13
"1,729",Ambulance,2022,40000000,22781115,52181095,22781115.0,29399980.0,52181095.0,2129230.0,8699630.0,R
"1,730",Quest for Camelot,1998,40000000,22772500,38172500,22772500.0,15400000.0,38172500.0,,6041602.0,G
"1,731",City by the Sea,2002,40000000,22433915,22505932,22433915.0,72017.0,22505932.0,,8935426.0,R
"1,732",At First Sight,1999,40000000,22365133,22365133,22365133.0,,,,8444321.0,PG-13
"1,733",Mechanic: Resurrection,2016,40000000,21218403,125729635,21218403.0,104511232.0,125729635.0,10862277.0,7456525.0,R
"1,734",Torque,2004,40000000,21176322,46176322,21176322.0,25000000.0,46176322.0,,9970557.0,PG-13
"1,735",Fantastic Mr. Fox,2009,40000000,21002919,46187511,21002919.0,25184592.0,46187511.0,20068306.0,265900.0,PG
"1,736",The Happytime Murders,2018,40000000,20706452,27506412,20706452.0,6799960.0,27506412.0,3968526.0,9532425.0,R
"1,737",Showgirls,1995,40000000,20350754,37750754,20350754.0,17400000.0,37750754.0,,8112627.0,"NC-17for nudity and erotic sexuality throughout, and for some graphic language and sexual violence"
"1,738",City Hall,1996,40000000,20278055,20278055,20278055.0,,,,8012442.0,R
"1,739",Big Miracle,2012,40000000,20157300,25268680,20157300.0,5111380.0,25268680.0,13204652.0,7760205.0,PG
"1,740",The Impossible,2012,40000000,19019882,169590606,19019882.0,150570724.0,169590606.0,11035149.0,143818.0,PG-13
"1,741",A Thousand Words,2012,40000000,18450127,20790486,18450127.0,2340359.0,20790486.0,5063359.0,6176280.0,PG-13
"1,742",Harold and the Purple Crayon,2024,40000000,17640924,26501202,17640924.0,8860278.0,26501202.0,,6003197.0,PG
"1,743",Licorice Pizza,2021,40000000,17318007,32903549,17318007.0,15585542.0,32903549.0,607352.0,345157.0,R
"1,744",Detroit,2017,40000000,16790139,26033563,16790139.0,9243424.0,26033563.0,,350190.0,R
"1,745",Marie Antoinette,2006,40000000,15962471,60862471,15962471.0,44900000.0,60862471.0,16741722.0,5361050.0,PG-13
"1,746",Hunter Killer,2018,40000000,15767460,29312121,15767460.0,13544661.0,29312121.0,8001190.0,6653777.0,R
"1,747",Get Carter,2000,40000000,14967182,19417182,14967182.0,4450000.0,19417182.0,58510.0,6637830.0,R
"1,748",Kiss of Death,1995,40000000,14942422,14942422,14942422.0,,,,5317066.0,R
"1,749",Keeping Up with the Joneses,2016,40000000,14904426,28804426,14904426.0,13900000.0,28804426.0,3740540.0,5461475.0,PG-13
"1,750","Life, or Something Like It",2002,40000000,14448589,14448589,14448589.0,,,,6219234.0,PG-13
"1,751",Ishtar,1987,40000000,14375181,14375181,14375181.0,,,,4331817.0,PG-13
"1,752",Memoirs of an Invisible Man,1992,40000000,14358033,14358033,14358033.0,,,,4601954.0,PG-13
"1,753",Amelia,2009,40000000,14279575,19756077,14279575.0,5476502.0,19756077.0,6907909.0,3904047.0,PG
"1,754",Cirque du Freak: The Vampire's Assistant,2009,40000000,14046595,39753957,14046595.0,25707362.0,39753957.0,10679520.0,6293205.0,PG-13
"1,755",New York Minute,2004,40000000,14018364,21156715,14018364.0,7138351.0,21156715.0,,5962106.0,PG
"1,756",The Deep End of the Ocean,1999,40000000,13508635,13508635,13508635.0,,,,5558400.0,PG-13
"1,757",Alfie,2004,40000000,13395939,35195939,13395939.0,21800000.0,35195939.0,,6218335.0,R
"1,758",Malignant,2021,40000000,13391791,34891791,13391791.0,21500000.0,34891791.0,,5434620.0,R
"1,759",FearDotCom,2002,40000000,13208023,13289290,13208023.0,81267.0,13289290.0,,5710128.0,R
"1,760",Soul Men,2008,40000000,12082391,12345883,12082391.0,263492.0,12345883.0,12413974.0,5401605.0,R
"1,761",The Gunman,2015,40000000,10664749,24478613,10664749.0,13813864.0,24478613.0,2656478.0,5028702.0,R
"1,762",Universal Soldier II: The Return,1999,40000000,10447421,10717421,10447421.0,270000.0,10717421.0,,4605167.0,R
"1,763",Pandorum,2009,40000000,10330853,17033431,10330853.0,6702578.0,17033431.0,8783225.0,4424126.0,R
"1,764",Duplex,2003,40000000,9652000,10070651,9652000.0,418651.0,10070651.0,,4617128.0,PG-13
"1,765",Paranoia,2013,40000000,7388654,16340767,7388654.0,8952113.0,16340767.0,986580.0,3528376.0,PG-13
"1,766",Raise the Titanic,1980,40000000,7000000,7000000,7000000.0,,,490415.0,,PG
"1,767",Baahubali: The Beginning,2015,40000000,6738000,86233251,6738000.0,79495251.0,86233251.0,,3215000.0,Not Rated
"1,768",The Hurricane Heist,2018,40000000,6115824,33222314,6115824.0,27106490.0,33222314.0,2824985.0,3024399.0,PG-13
"1,769",Impostor,2002,40000000,6114237,7974607,6114237.0,1860370.0,7974607.0,,3022523.0,PG-13
"1,770",Victor Frankenstein,2015,40000000,5775076,31124367,5775076.0,25349291.0,31124367.0,2381741.0,2469341.0,PG-13
"1,771",The Goldfinch,2019,40000000,5332621,10032621,5332621.0,4700000.0,10032621.0,,2679027.0,R
"1,772",Extreme Ops,2002,40000000,4835968,12624471,4835968.0,7788503.0,12624471.0,,2233525.0,PG-13
"1,773",Just Visiting,2001,40000000,4777007,16172200,4777007.0,11395193.0,16172200.0,50256.0,2272489.0,PG-13
"1,774",Snowpiercer,2013,40000000,4563029,82825956,4563029.0,78262927.0,82825956.0,4944438.0,171187.0,R
"1,775",Sunshine,2007,40000000,3688560,32030610,3688560.0,28342050.0,32030610.0,7206224.0,242964.0,R
"1,776",The Hudsucker Proxy,1994,40000000,2816518,14938149,2816518.0,12121631.0,14938149.0,,,PG
"1,777",Billy Lynn’s Long Halftime Walk,2016,40000000,1738477,30230402,1738477.0,28491925.0,30230402.0,2425288.0,114129.0,R
"1,778",Pirates,1986,40000000,1641825,6341825,1641825.0,4700000.0,6341825.0,,,R
"1,779",Delgo,2008,40000000,915840,915840,915840.0,,,,511920.0,PG
"1,780",The Hunting Party,2007,40000000,876671,7729552,876671.0,6852881.0,7729552.0,3517713.0,39609.0,R
"1,781",Alex Rider: Operation Stormbreaker,2006,40000000,659210,20722450,659210.0,20063240.0,20722450.0,,215177.0,PG
"1,782",Red Cliff,2009,40000000,627047,119627047,627047.0,119000000.0,119627047.0,,13104.0,R
"1,783",The Last Shot,2004,40000000,463730,463730,463730.0,,,,164801.0,R
"1,784",Nomad,2007,40000000,79123,79123,79123.0,,,,14250.0,R
"1,785",Un monstre à Paris,2013,40000000,0,27000219,,27000219.0,27000219.0,1845342.0,,PG
"1,786",Solomon Kane,2012,40000000,0,22024849,,22024849.0,22024849.0,,,R
"1,787",Kursk,2018,40000000,0,5578259,,5578259.0,5578259.0,,,PG-13
"1,788",USS Indianapolis: Men of Courage,2016,40000000,0,1663785,,1663785.0,1663785.0,,,R
"1,789",Dragon Nest Warriors' Dawn,2015,40000000,0,734423,,734423.0,734423.0,,,
"1,790",Klaus,2019,40000000,0,0,,,,,,PG
"1,791",Death Note,2017,40000000,0,0,,,,,,
"1,792",The Woman in the Window,2021,40000000,0,0,,,,,,R
"1,793",Cherry,2021,40000000,0,0,,,,,,R
"1,795",Timmy Failure: Mistakes Were Made,2020,40000000,0,0,,,,,,PG
"1,797",Hocus Pocus 2,2022,40000000,0,0,,,,,,PG
"1,798",The Time Traveler’s Wife,2009,39000000,63414846,102332135,63414846.0,38917289.0,102332135.0,26451109.0,18623171.0,PG-13
"1,799",Superman III,1983,39000000,59950623,80200000,59950623.0,20249377.0,80200000.0,,13352357.0,PG
"1,800",Because I Said So,2007,39000000,42674040,69538833,42674040.0,26864793.0,69538833.0,24090705.0,13122865.0,PG-13
"1,801",Frankenweenie,2012,39000000,35287788,81150788,35287788.0,45863000.0,81150788.0,27366710.0,11412213.0,PG
"1,802",Sgt. Bilko,1996,39000000,30356589,37956589,30356589.0,7600000.0,37956589.0,,8110080.0,PG
"1,803",Serenity,2005,39000000,25514517,40319440,25514517.0,14804923.0,40319440.0,,10086680.0,PG-13
"1,804",Shoot 'Em Up,2007,39000000,12796824,26796824,12796824.0,14000000.0,26796824.0,15866025.0,5716554.0,R
"1,805",Against the Ropes,2004,39000000,5881504,6429865,5881504.0,548361.0,6429865.0,,3038546.0,PG-13
"1,806",Yi dai zong shi,2013,38600000,6594959,57986660,6594959.0,51391701.0,57986660.0,1969483.0,132617.0,PG-13
"1,807",The Fast and the Furious,2001,38000000,144512310,206458372,144512310.0,61946062.0,206458372.0,,40089015.0,PG-13
"1,808",Sweet Home Alabama,2002,38000000,127214072,182365114,127214072.0,55151042.0,182365114.0,,35648740.0,PG-13
"1,809",The Ugly Truth,2009,38000000,88915214,205298907,88915214.0,116383693.0,205298907.0,40252496.0,27605576.0,R
"1,810",Spy Kids 2: The Island of Lost Dreams,2002,38000000,85846296,119721296,85846296.0,33875000.0,119721296.0,,16711716.0,PG
"1,811",Star Trek: Generations,1994,38000000,75671262,120000000,75671262.0,44328738.0,120000000.0,,23116394.0,PG
"1,812",Captain Underpants: The First Epic Movie,2017,38000000,73921000,126422949,73921000.0,52501949.0,126422949.0,16003675.0,23851539.0,PG
"1,813",Paul Blart: Mall Cop 2,2015,38000000,71091594,107453907,71091594.0,36362313.0,107453907.0,12480014.0,23762435.0,PG
"1,814",Mouse Hunt,1997,38000000,61894591,61894591,61894591.0,,,,6062922.0,PG
"1,815",Why Him?,2016,38000000,60323786,117425156,60323786.0,57101370.0,117425156.0,5825821.0,11002986.0,R
"1,816",Water for Elephants,2011,38000000,58709717,116809717,58709717.0,58100000.0,116809717.0,19551613.0,16842353.0,PG-13
"1,817",Life as We Know It,2010,38000000,53374681,105887837,53374681.0,52513156.0,105887837.0,23895903.0,14506464.0,PG-13
"1,818",The Hurricane,1999,38000000,50699241,73956241,50699241.0,23257000.0,73956241.0,,384640.0,R
"1,819",Riddick,2013,38000000,42025135,94763758,42025135.0,52738623.0,94763758.0,26214692.0,19030375.0,R
"1,820",Heartbreakers,2001,38000000,40334024,57753825,40334024.0,17419801.0,57753825.0,,11801323.0,PG-13
"1,821",Enough,2002,38000000,39177215,50970660,39177215.0,11793445.0,50970660.0,,14009653.0,PG-13
"1,822",The 5th Wave,2016,38000000,34912982,111336398,34912982.0,76423416.0,111336398.0,10117095.0,10326356.0,PG-13
"1,823",Push,2009,38000000,31811527,49678401,31811527.0,17866874.0,49678401.0,20668307.0,10079109.0,PG-13
"1,824",Rush,2013,38000000,26947624,98159204,26947624.0,71211580.0,98159204.0,12696626.0,187289.0,R
"1,825",Angel Eyes,2001,38000000,24044532,29544532,24044532.0,5500000.0,29544532.0,,9225575.0,R
"1,826",Joe Somebody,2001,38000000,22770864,24515990,22770864.0,1745126.0,24515990.0,,3553725.0,PG
"1,827",Overlord,2018,38000000,21704844,39178189,21704844.0,17473345.0,39178189.0,5802371.0,10202108.0,R
"1,828",The War with Grandpa,2020,38000000,21277892,46819069,21277892.0,25541177.0,46819069.0,4284882.0,3623880.0,PG
"1,829",The Ninth Gate,2000,38000000,18653746,58394308,18653746.0,39740562.0,58394308.0,,6622518.0,R
"1,830",Only the Brave,2017,38000000,18340051,24555177,18340051.0,6215126.0,24555177.0,8700611.0,6002665.0,PG-13
"1,831",Extreme Measures,1996,38000000,17378193,17378193,17378193.0,,,,6906546.0,R
"1,832",The Thing,2011,38000000,16999934,27573078,16999934.0,10573144.0,27573078.0,11211968.0,8493665.0,R
"1,833",Rock Star,2001,38000000,16991902,19317765,16991902.0,2325863.0,19317765.0,,6018636.0,R
"1,834",News of the World,2020,38000000,12668325,12668325,12668325.0,,,13352058.0,2250430.0,PG-13
"1,835",The Kitchen,2019,38000000,12180032,15980032,12180032.0,3800000.0,15980032.0,1858307.0,5527410.0,R
"1,836",White Squall,1996,38000000,10229300,10229300,10229300.0,,,,3908514.0,PG-13
"1,837",City of Ember,2008,38000000,7873007,17831558,7873007.0,9958551.0,17831558.0,8373769.0,3129473.0,PG
"1,838",Switchback,1997,38000000,6504442,6504442,6504442.0,,,,2704568.0,R
"1,839",The Sisters Brothers,2018,38000000,3143056,14636067,3143056.0,11493011.0,14636067.0,,115575.0,R
"1,840",Texas Rangers,2001,38000000,623374,623374,623374.0,,,,319516.0,PG-13
"1,841",Virgin Territory,2008,38000000,0,5473041,,5473041.0,5473041.0,,,R
"1,842",The Upside,2019,37500000,108235497,125818440,108235497.0,17582943.0,125818440.0,7302706.0,20355000.0,PG-13
"1,843",What to Expect When You're Expecting,2012,37500000,41152203,88473016,41152203.0,47320813.0,88473016.0,8162587.0,10547068.0,PG-13
"1,844",The Master,2012,37500000,16247159,29044338,16247159.0,12797179.0,29044338.0,4186097.0,736311.0,R
"1,845",The Express,2008,37500000,9793406,9813309,9793406.0,19903.0,9813309.0,8706342.0,4562675.0,PG
"1,846",Twilight,2008,37000000,192769854,402278564,192769854.0,209508710.0,402278564.0,234889769.0,69637740.0,PG-13
"1,847",We’re the Millers,2013,37000000,150394119,267816276,150394119.0,117422157.0,267816276.0,50866184.0,26419396.0,R
"1,848",Creed,2015,37000000,109767581,174167581,109767581.0,64400000.0,174167581.0,30907877.0,29632823.0,PG-13
"1,849",The Town,2010,37000000,92186262,152566881,92186262.0,60380619.0,152566881.0,55120034.0,23808032.0,R
"1,850",Dolphin Tale,2011,37000000,72286779,96068724,72286779.0,23781945.0,96068724.0,43853966.0,19152401.0,PG
"1,851",Game Night,2018,37000000,69179066,117378084,69179066.0,48199018.0,117378084.0,9273038.0,17005332.0,R
"1,852",Burn After Reading,2008,37000000,60355347,168167798,60355347.0,107812451.0,168167798.0,20197309.0,19128001.0,R
"1,853",13 Going On 30,2004,37000000,57139723,97658712,57139723.0,40518989.0,97658712.0,,21054238.0,PG-13
"1,854",Tyler Perry’s Temptation,2013,37000000,51975354,53143144,51975354.0,1167790.0,53143144.0,15495455.0,21641679.0,PG-13
"1,855",Nim's Island,2008,37000000,48006762,101857425,48006762.0,53850663.0,101857425.0,19369975.0,13210579.0,PG
"1,856",How to be Single,2016,37000000,46843513,100003780,46843513.0,53160267.0,100003780.0,5170573.0,17878911.0,R
"1,857",Cop Out,2010,37000000,44875481,55909910,44875481.0,11034429.0,55909910.0,18352096.0,18211126.0,R
"1,858",The Rite,2011,37000000,33047633,97143987,33047633.0,64096354.0,97143987.0,9263516.0,14789393.0,PG-13
"1,859",Space Chimps,2008,37000000,30105968,67029956,30105968.0,36923988.0,67029956.0,14018287.0,7181374.0,G
"1,860",Magnolia,1999,37000000,22450975,48446802,22450975.0,25995827.0,48446802.0,,193604.0,R
"1,861",Aloha,2015,37000000,21052030,25387091,21052030.0,4335061.0,25387091.0,6019522.0,9670235.0,PG-13
"1,862",The Ghouls,2015,37000000,1243810,259425249,1243810.0,258181439.0,259425249.0,137784.0,279974.0,Not Rated
"1,864",A Star is Born,2018,36000000,215288866,431674156,215288866.0,216385290.0,431674156.0,51816825.0,42908051.0,R
"1,865",Gnomeo and Juliet,2011,36000000,99967670,193737977,99967670.0,93770307.0,193737977.0,33343437.0,25356909.0,G
"1,866",Mean Girls,2024,36000000,72581770,104581770,72581770.0,32000000.0,104581770.0,,28635307.0,PG-13
"1,867",John Q.,2002,36000000,71026631,102226631,71026631.0,31200000.0,102226631.0,,20275194.0,PG-13
"1,868",Blue Streak,1999,36000000,68208190,117448157,68208190.0,49239967.0,117448157.0,,19208806.0,PG-13
"1,869",Never Say Never Again,1983,36000000,55500000,160000000,55500000.0,104500000.0,160000000.0,,10958157.0,PG
"1,870",Hot Tub Time Machine,2010,36000000,50269859,65967750,50269859.0,15697891.0,65967750.0,34549956.0,14020502.0,R
"1,871",Breakdown,1997,36000000,50159144,50159144,50159144.0,,,,12307128.0,R
"1,872",Dolphin Tale 2,2014,36000000,42024533,57824533,42024533.0,15800000.0,57824533.0,20954753.0,15873397.0,PG
"1,873",Beast,2022,36000000,31846530,59168339,31846530.0,27321809.0,59168339.0,2965932.0,11575855.0,R
"1,874",Collateral Beauty,2016,36000000,31016021,85309093,31016021.0,54293072.0,85309093.0,3277484.0,7102085.0,PG-13
"1,875",A Man Apart,2003,36000000,26500000,43797731,26500000.0,17297731.0,43797731.0,,11019224.0,R
"1,876",Reindeer Games,2000,36000000,23360779,23360779,23360779.0,,,,8128356.0,R
"1,877",Snow Falling on Cedars,1999,36000000,14378353,14378353,14378353.0,,,,32135.0,PG-13
"1,878",Ghosts of Mississippi,1996,36000000,13052741,13052741,13052741.0,,,,168012.0,PG-13
"1,879",Gattaca,1997,36000000,12532777,12532777,12532777.0,,,,4320202.0,PG-13
"1,880",Isn't She Great,2000,36000000,2954405,2954405,2954405.0,,,,1368705.0,R
"1,881",Yip Man 3,2015,36000000,2679437,157300954,2679437.0,154621517.0,157300954.0,2880768.0,784839.0,PG-13
"1,882",There Be Dragons,2011,36000000,1069334,4020990,1069334.0,2951656.0,4020990.0,,705537.0,PG-13
"1,883",Queen of the Desert,2015,36000000,0,1578543,,1578543.0,1578543.0,187977.0,,PG-13
"1,884",Head of State,2003,35200000,37788228,38283765,37788228.0,495537.0,38283765.0,,13503484.0,PG-13
"1,885",It,2017,35000000,328828874,701012746,328828874.0,372183872.0,701012746.0,52137506.0,123403419.0,R
"1,886",The Hangover,2009,35000000,277322503,465487583,277322503.0,188165080.0,465487583.0,243562257.0,44979319.0,R
"1,887",The Blind Side,2009,35000000,255959475,305705794,255959475.0,49746319.0,305705794.0,128237405.0,34119372.0,PG-13
"1,888",Batman,1989,35000000,252651617,412811617,252651617.0,160160000.0,412811617.0,,40489746.0,PG-13
"1,889",Austin Powers: The Spy Who Shagged Me,1999,35000000,206040085,312383487,206040085.0,106343402.0,312383487.0,,54917604.0,PG-13
"1,890",True Grit,2010,35000000,171243005,252276928,171243005.0,81033923.0,252276928.0,42013714.0,24830443.0,PG-13
"1,891",Lethal Weapon 3,1992,35000000,144731527,319700000,144731527.0,174968473.0,319700000.0,,33243086.0,R
"1,892",Rush Hour,1998,35000000,141186864,245300000,141186864.0,104113136.0,245300000.0,,33001803.0,PG-13
"1,893",Identity Thief,2013,35000000,134506920,175361578,134506920.0,40854658.0,175361578.0,35616101.0,34551025.0,R
"1,894",The Devil Wears Prada,2006,35000000,124740460,326073155,124740460.0,201332695.0,326073155.0,98444577.0,27537244.0,PG-13
"1,895",Horrible Bosses,2011,35000000,117538559,212417601,117538559.0,94879042.0,212417601.0,32280102.0,28302165.0,R
"1,896",Spy Kids,2001,35000000,112692062,197692062,112692062.0,85000000.0,197692062.0,,26546881.0,PG
"1,897",Trainwreck,2015,35000000,110212700,141123897,110212700.0,30911197.0,141123897.0,13888995.0,30097040.0,R
"1,898",Scream VI,2023,35000000,108391107,169063850,108391107.0,60672743.0,169063850.0,4728577.0,44447270.0,R
"1,899",Saving Mr. Banks,2013,35000000,83299761,114962525,83299761.0,31662764.0,114962525.0,28853276.0,413373.0,PG-13
"1,900",Star Trek: The Motion Picture,1979,35000000,82258456,139000000,82258456.0,56741544.0,139000000.0,734631.0,11926421.0,PG
"1,901",21,2008,35000000,81159365,159846429,81159365.0,78687064.0,159846429.0,27398259.0,24105943.0,PG-13
"1,902",What Happens in Vegas...,2008,35000000,80277646,218535708,80277646.0,138258062.0,218535708.0,26566283.0,20172474.0,PG-13
"1,903",Cape Fear,1991,35000000,79091969,182291969,79091969.0,103200000.0,182291969.0,,10261025.0,R
"1,904",The English Patient,1996,35000000,78716374,231710008,78716374.0,152993634.0,231710008.0,,278439.0,R
"1,905",Hotel for Dogs,2009,35000000,73178547,122357172,73178547.0,49178625.0,122357172.0,33682164.0,17012212.0,PG
"1,906",Guess Who,2005,35000000,68915888,102115888,68915888.0,33200000.0,102115888.0,,20671446.0,PG-13
"1,907",This is 40,2012,35000000,67544505,90221182,67544505.0,22676677.0,90221182.0,20481120.0,11579175.0,R
"1,908",L.A. Confidential,1997,35000000,64604977,126204977,64604977.0,61600000.0,126204977.0,,5211198.0,R
"1,909",Sky High,2005,35000000,63939454,83109359,63939454.0,19169905.0,83109359.0,,14631784.0,PG
"1,910",In & Out,1997,35000000,63826569,83226569,63826569.0,19400000.0,83226569.0,,15019821.0,PG-13
"1,911",A Nightmare on Elm Street,2010,35000000,63075011,117729618,63075011.0,54654607.0,117729618.0,15560753.0,32902299.0,R
"1,912",The Cell,2000,35000000,61280963,104102747,61280963.0,42821784.0,104102747.0,194355.0,17515050.0,R
"1,913",Species,1995,35000000,60054449,113354449,60054449.0,53300000.0,113354449.0,,17161943.0,R
"1,914",The Benchwarmers,2006,35000000,59843754,65063726,59843754.0,5219972.0,65063726.0,34413865.0,19656429.0,PG-13
"1,915",Secretariat,2010,35000000,59699513,60376247,59699513.0,676734.0,60376247.0,50540581.0,12694770.0,PG
"1,916",The Man in the Iron Mask,1998,35000000,56968169,56968169,56968169.0,,,,17271450.0,PG-13
"1,917",Friends with Benefits,2011,35000000,55802754,146595891,55802754.0,90793137.0,146595891.0,30622037.0,18622150.0,R
"1,918",Neighbors 2: Sorority Rising,2016,35000000,55340730,108757621,55340730.0,53416891.0,108757621.0,6263337.0,21760405.0,R
"1,919",TMNT,2007,35000000,54149098,96096018,54149098.0,41946920.0,96096018.0,31383028.0,24255205.0,PG
"1,920",Radio,2003,35000000,52333738,53293628,52333738.0,959890.0,53293628.0,,13303724.0,PG
"1,921",Sicario: Day of the Soldado,2018,35000000,50065850,76346094,50065850.0,26280244.0,76346094.0,8986609.0,19007566.0,R
"1,922",Old Dogs,2009,35000000,49492060,95104304,49492060.0,45612244.0,95104304.0,29184182.0,16894511.0,PG
"1,923",Malcolm X,1992,35000000,48169910,48169910,48169910.0,,,,9871125.0,PG-13
"1,924",Poltergeist,2015,35000000,47425125,95682614,47425125.0,48257489.0,95682614.0,4794612.0,22620386.0,PG-13
"1,925",Goosebumps 2: Haunted Halloween,2018,35000000,46697321,93006429,46697321.0,46309108.0,93006429.0,9305052.0,15802225.0,PG
"1,926",12 Strong,2018,35000000,45819713,71118378,45819713.0,25298665.0,71118378.0,10877811.0,15815025.0,R
"1,927",Underworld 3: Rise of the Lycans,2009,35000000,45802315,92141886,45802315.0,46339571.0,92141886.0,46617619.0,20828511.0,R
"1,928",Must Love Dogs,2005,35000000,43894863,58405313,43894863.0,14510450.0,58405313.0,,12855321.0,PG-13
"1,929",License to Wed,2007,35000000,43799818,70187088,43799818.0,26387270.0,70187088.0,23437682.0,10422258.0,PG
"1,930",Donnie Brasco,1997,35000000,41954997,65303052,41954997.0,23348055.0,65303052.0,,11660216.0,R
"1,931",Max Payne,2008,35000000,40689393,87775050,40689393.0,47085657.0,87775050.0,26346694.0,17639849.0,PG-13
"1,932",Resident Evil,2002,35000000,40119709,103787401,40119709.0,63667692.0,103787401.0,,17707106.0,R
"1,933",The Ladykillers,2004,35000000,39692139,77392139,39692139.0,37700000.0,77392139.0,,12634563.0,R
"1,934",Something Borrowed,2011,35000000,39046489,65084116,39046489.0,26037627.0,65084116.0,11164006.0,13945368.0,PG-13
"1,935",The Nativity Story,2006,35000000,37629831,46309644,37629831.0,8679813.0,46309644.0,26463566.0,7849304.0,PG
"1,936",In Time,2011,35000000,37553932,165103952,37553932.0,127550020.0,165103952.0,17498904.0,12050368.0,PG-13
"1,937",The Back-up Plan,2010,35000000,37490007,75281179,37490007.0,37791172.0,75281179.0,14953822.0,12201710.0,PG-13
"1,938",J. Edgar,2011,35000000,37306030,84606030,37306030.0,47300000.0,84606030.0,12599438.0,11217324.0,R
"1,939",Bounce,2000,35000000,36805288,53425292,36805288.0,16620004.0,53425292.0,,11423716.0,PG-13
"1,940",Mile 22,2018,35000000,36108758,66295121,36108758.0,30186363.0,66295121.0,9150129.0,13710825.0,R
"1,941",Hot Pursuit,2015,35000000,34580201,51680201,34580201.0,17100000.0,51680201.0,10130665.0,13942258.0,PG-13
"1,942",Concussion,2015,35000000,34531832,50363790,34531832.0,15831958.0,50363790.0,7595688.0,10513749.0,PG-13
"1,943",The Foreigner,2017,35000000,34393507,145374099,34393507.0,110980592.0,145374099.0,6610598.0,13113024.0,R
"1,944",Closer,2004,35000000,33987757,116148537,33987757.0,82160780.0,116148537.0,,7707972.0,R
"1,945",Street Fighter,1994,35000000,33423000,99423000,33423000.0,66000000.0,99423000.0,,9508030.0,PG-13
"1,946",Black Knight,2001,35000000,33422806,33422806,33422806.0,,,,11102948.0,PG-13
"1,947",The Bad News Bears,2005,35000000,32868349,33500620,32868349.0,632271.0,33500620.0,,11382472.0,PG-13
"1,948",The Pianist,2002,35000000,32539222,111874038,32539222.0,79334816.0,111874038.0,,111261.0,R
"1,949",House of Wax,2005,35000000,32064800,70064800,32064800.0,38000000.0,70064800.0,,12077236.0,R
"1,950",From Hell,2001,35000000,31598308,68712365,31598308.0,37114057.0,68712365.0,,11014818.0,R
"1,951",Adrift,2018,35000000,31445011,57897191,31445011.0,26452180.0,57897191.0,2430994.0,11603039.0,PG-13
"1,952",Mirrors,2008,35000000,30691439,77220596,30691439.0,46529157.0,77220596.0,10596145.0,11161074.0,R
"1,953",Underworld: Blood Wars,2016,35000000,30353973,81209222,30353973.0,50855249.0,81209222.0,15355766.0,13688751.0,R
"1,954",Queen of the Damned,2002,35000000,30307804,30307804,30307804.0,,,,14757535.0,R
"1,955",Nanny McPhee and the Big Bang,2010,35000000,29197642,97799865,29197642.0,68602223.0,97799865.0,14181966.0,8407685.0,PG
"1,956",Untraceable,2008,35000000,28687835,52649951,28687835.0,23962116.0,52649951.0,20263226.0,11354069.0,R
"1,957",Predator 2,1990,35000000,28317513,54768418,28317513.0,26450905.0,54768418.0,,8784943.0,R
"1,958",Abduction,2011,35000000,28087155,86648359,28087155.0,58561204.0,86648359.0,10519208.0,10925253.0,PG-13
"1,959",Flash Gordon,1980,35000000,27107960,27176825,27107960.0,68865.0,27176825.0,2241754.0,3934030.0,PG
"1,960",Superhero Movie,2008,35000000,26638520,73026302,26638520.0,46387782.0,73026302.0,12911010.0,9510297.0,PG-13
"1,961",Blast from the Past,1999,35000000,26613620,26613620,26613620.0,,,169711.0,9160263.0,PG-13
"1,962",Alex Cross,2012,35000000,25888412,35426759,25888412.0,9538347.0,35426759.0,16369830.0,11396768.0,PG-13
"1,963",Jersey Girl,2004,35000000,25266129,37066129,25266129.0,11800000.0,37066129.0,,8319171.0,PG-13
"1,964",Midnight in the Garden of Good and Evil,1997,35000000,25078937,25078937,25078937.0,,,,5233658.0,R
"1,965",Bridget Jones’s Baby,2016,35000000,24139805,207298383,24139805.0,183158578.0,207298383.0,4701356.0,8571785.0,R
"1,966",Heist,2001,35000000,23483357,28906817,23483357.0,5423460.0,28906817.0,,7823521.0,R
"1,967",Hoffa,1992,35000000,23365858,28391473,23365858.0,5025615.0,28391473.0,,6406012.0,R
"1,968",Whiskey Tango Foxtrot,2016,35000000,23083334,25350747,23083334.0,2267413.0,25350747.0,4070420.0,7450275.0,R
"1,969",Ella Enchanted,2004,35000000,22913677,24200318,22913677.0,1286641.0,24200318.0,,6169030.0,PG
"1,970",Hitman: Agent 47,2015,35000000,22467450,82182803,22467450.0,59715353.0,82182803.0,8058002.0,8326530.0,R
"1,971",Phantom Thread,2017,35000000,21198205,47454408,21198205.0,26256203.0,47454408.0,1826258.0,216495.0,R
"1,972",The X-Files: I Want to Believe,2008,35000000,20982478,68170792,20982478.0,47188314.0,68170792.0,17428711.0,10021753.0,PG-13
"1,973",Premium Rush,2012,35000000,20275446,31393201,20275446.0,11117755.0,31393201.0,8323402.0,6030164.0,PG-13
"1,974",Broken City,2013,35000000,19701164,37114977,19701164.0,17413813.0,37114977.0,10603740.0,8268908.0,R
"1,975",Valiant,2005,35000000,19478106,64188387,19478106.0,44710281.0,64188387.0,,5914722.0,G
"1,976",Wonder Boys,2000,35000000,19389454,33422485,19389454.0,14033031.0,33422485.0,,5808919.0,R
"1,977",Cursed,2005,35000000,19294901,25114901,19294901.0,5820000.0,25114901.0,,9633085.0,PG-13
"1,978",Walk Hard: The Dewey Cox Story,2007,35000000,18317151,20606053,18317151.0,2288902.0,20606053.0,17479030.0,4174383.0,R
"1,979",The Four Feathers,2002,35000000,18306166,29882645,18306166.0,11576479.0,29882645.0,,6857879.0,PG-13
"1,980",Furry Vengeance,2010,35000000,17630465,39340177,17630465.0,21709712.0,39340177.0,8284965.0,6627564.0,PG
"1,981",Parker,2013,35000000,17616641,48543388,17616641.0,30926747.0,48543388.0,11533482.0,7008222.0,R
"1,982",Wimbledon,2004,35000000,16862585,41666476,16862585.0,24803891.0,41666476.0,,7118985.0,PG-13
"1,983",Bait,2000,35000000,15325127,15471969,15325127.0,146842.0,15471969.0,,5485591.0,R
"1,984",Dungeons and Dragons,2000,35000000,15185241,33771965,15185241.0,18586724.0,33771965.0,,7237422.0,PG-13
"1,985",Lions for Lambs,2007,35000000,14998070,63211088,14998070.0,48213018.0,63211088.0,9703132.0,6702434.0,R
"1,986",Flight of the Intruder,1991,35000000,14471440,14471440,14471440.0,,,,5725133.0,PG-13
"1,987",The Tree of Life,2011,35000000,13305665,61721826,13305665.0,48416161.0,61721826.0,5615227.0,372920.0,PG-13
"1,988",American Outlaws,2001,35000000,13264986,13601109,13264986.0,336123.0,13601109.0,,4855475.0,PG-13
"1,989",Playing for Keeps,2012,35000000,13103272,27805632,13103272.0,14702360.0,27805632.0,3444542.0,5750288.0,PG-13
"1,990",Zoom,2006,35000000,11989328,12506188,11989328.0,516860.0,12506188.0,7687089.0,4510408.0,PG
"1,991",The Shipping News,2001,35000000,11405825,24405825,11405825.0,13000000.0,24405825.0,,1205174.0,R
"1,992",The Young Victoria,2009,35000000,11001272,31878891,11001272.0,20877619.0,31878891.0,8576522.0,160069.0,PG
"1,993",Sabotage,2014,35000000,10508518,18376443,10508518.0,7867925.0,18376443.0,8455237.0,5272444.0,R
"1,994",Knock Off,1998,35000000,10319915,10319915,10319915.0,,,,5516231.0,R
"1,995",Whiteout,2009,35000000,10275638,12254746,10275638.0,1979108.0,12254746.0,4844170.0,4915104.0,R
"1,996",Unfinished Business,2015,35000000,10219501,13214051,10219501.0,2994550.0,13214051.0,1694771.0,4772613.0,R
"1,997",The Walk,2015,35000000,10161183,61492104,10161183.0,51330921.0,61492104.0,2670484.0,1560299.0,PG
"1,998",The Fountain,2006,35000000,10144010,15461638,10144010.0,5317628.0,15461638.0,9724241.0,3768702.0,PG-13
"1,999",Mandela: Long Walk to Freedom,2013,35000000,8323085,29890402,8323085.0,21567317.0,29890402.0,3591229.0,84283.0,PG-13
"2,000",Beau is Afraid,2023,35000000,8176562,11174650,8176562.0,2998088.0,11174650.0,770737.0,320396.0,R
"2,001",Punisher: War Zone,2008,35000000,8050977,10157534,8050977.0,2106557.0,10157534.0,14269389.0,4271451.0,R
"2,002",The Order,2003,35000000,7659747,11559747,7659747.0,3900000.0,11559747.0,,4438899.0,R
"2,003",A Good Year,2006,35000000,7459300,42064105,7459300.0,34604805.0,42064105.0,10362816.0,3721526.0,PG-13
"2,004",The Brothers Grimsby,2016,35000000,6864016,28720470,6864016.0,21856454.0,28720470.0,2416880.0,3258327.0,R
"2,005",The Snowman,2017,35000000,6670765,43033661,6670765.0,36362896.0,43033661.0,2009594.0,3372565.0,R
"2,006",Femme Fatale,2002,35000000,6630252,16830252,6630252.0,10200000.0,16830252.0,,2776248.0,R
"2,007",Warriors of Virtue,1997,35000000,6448817,6448817,6448817.0,,,,3277084.0,PG
"2,008",Luther,2003,35000000,5781086,32717063,5781086.0,26935977.0,32717063.0,,908446.0,PG-13
"2,009",Biutiful,2011,35000000,5101237,24687524,5101237.0,19586287.0,24687524.0,3485491.0,456930.0,R
"2,010",Radio Flyer,1992,35000000,4651977,4651977,4651977.0,,,,1932595.0,PG-13
"2,011",Bound by Honor,1993,35000000,4496583,4496583,4496583.0,,,,,R
"2,012",A Hologram for the King,2016,35000000,4212494,11846010,4212494.0,7633516.0,11846010.0,1604099.0,1138578.0,R
"2,013",Smilla's Sense of Snow,1997,35000000,2221994,2221994,2221994.0,,,,107108.0,R
"2,014",Playing for Keeps,1986,35000000,2000000,2000000,2000000.0,,,,1406300.0,
"2,016",Le hussard sur le toit,1996,35000000,1320043,1320043,1320043.0,,,,,R
"2,017",Ride With the Devil,1999,35000000,630779,630779,630779.0,,,,64159.0,R
"2,018",Stolen,2012,35000000,289773,17967746,289773.0,17677973.0,17967746.0,5390891.0,183125.0,R
"2,019",Trespass,2011,35000000,16816,786532,16816.0,769716.0,786532.0,2809878.0,16816.0,R
"2,020",Bandidas,2006,35000000,0,19282590,,19282590.0,19282590.0,8712808.0,,PG-13
"2,021",The Power of the Dog,2021,35000000,0,732269,,732269.0,732269.0,,,R
"2,022",The Trial of the Chicago 7,2020,35000000,0,116473,,116473.0,116473.0,,,R
"2,023",Guillermo Del Toro’s Pinocchio,2022,35000000,0,86906,,86906.0,86906.0,,,PG
"2,024",The Lovers,2015,35000000,0,53899,,53899.0,53899.0,,,PG-13
"2,026",The Darkest Hour,2011,34800000,21443494,64626786,21443494.0,43183292.0,64626786.0,9447132.0,2993519.0,PG-13
"2,027",Baby Driver,2017,34000000,107825862,226977991,107825862.0,119152129.0,226977991.0,17273240.0,20553320.0,R
"2,028",The Maze Runner,2014,34000000,102427862,348319861,102427862.0,245891999.0,348319861.0,40983830.0,32512804.0,PG-13
"2,029",The Longest Ride,2015,34000000,37446117,63802928,37446117.0,26356811.0,63802928.0,27514777.0,13019686.0,PG-13
"2,030",The Age of Innocence,1993,34000000,32014993,32021688,32014993.0,6695.0,32021688.0,,2317289.0,PG
"2,031",Ponyo (崖の上のポニョ),2008,34000000,15090399,205162666,15090399.0,190072267.0,205162666.0,41346892.0,3585852.0,G
"2,032",The Darkest Minds,2018,34000000,12695691,38361428,12695691.0,25665737.0,38361428.0,3751989.0,5842609.0,PG-13
"2,033",Chill Factor,1999,34000000,11263966,11263966,11263966.0,,,,5810531.0,R
"2,034",The Astronaut's Wife,1999,34000000,10672566,10672566,10672566.0,,,,4027003.0,R
"2,035",I Dreamed of Africa,2000,34000000,6543194,14291999,6543194.0,7748805.0,14291999.0,,2411445.0,PG-13
"2,036",Thunder and the House of Magic,2014,34000000,4091,62582520,4091.0,62578429.0,62582520.0,252564.0,4091.0,Not Rated
"2,037",Greenland,2020,34000000,0,40629075,,40629075.0,40629075.0,10222629.0,,PG-13
"2,038",Reds,1981,33500000,50000000,50000130,50000000.0,130.0,50000130.0,,2411083.0,PG
"2,039",A Few Good Men,1992,33000000,141340178,236500000,141340178.0,95159822.0,236500000.0,,15517468.0,R
"2,040",Big Momma's House,2000,33000000,117559438,173559438,117559438.0,56000000.0,173559438.0,,25661041.0,PG-13
"2,041",Exit Wounds,2001,33000000,51758599,79958599,51758599.0,28200000.0,79958599.0,,18485586.0,R
"2,042",Mike and Dave Need Wedding Dates,2016,33000000,46009673,75898100,46009673.0,29888427.0,75898100.0,6982044.0,16628170.0,R
"2,043",Step Up Revolution,2012,33000000,35074677,165552290,35074677.0,130477613.0,165552290.0,,11731708.0,PG-13
"2,044",Snakes on a Plane,2006,33000000,34020814,62020814,34020814.0,28000000.0,62020814.0,24434508.0,15206301.0,R
"2,045",The Punisher,2004,33000000,33664370,54533774,33664370.0,20869404.0,54533774.0,,13834527.0,R
"2,046",The Watcher,2000,33000000,28946615,47267829,28946615.0,18321214.0,47267829.0,,9062295.0,R
"2,047",21 Bridges,2019,33000000,28539757,42657631,28539757.0,14117874.0,42657631.0,4784644.0,9261268.0,R
"2,048",Unhinged,2020,33000000,20831465,37339104,20831465.0,16507639.0,37339104.0,4442186.0,601032.0,R
"2,049",Safe,2012,33000000,17142080,41495213,17142080.0,24353133.0,41495213.0,9889422.0,7892539.0,R
"2,050",Doomsday,2008,33000000,11008770,21621188,11008770.0,10612418.0,21621188.0,9194236.0,4926565.0,R
"2,051",Pushing Tin,1999,33000000,8408835,8408835,8408835.0,,,,3555032.0,R
"2,052",Goal! The Dream Begins,2006,33000000,4283255,27610873,4283255.0,23327618.0,27610873.0,12683719.0,1921838.0,PG
"2,053",The Young and Prodigious T.S. Spivet,2015,33000000,176847,357687,176847.0,180840.0,357687.0,,110295.0,PG
"2,054",Freaks of Nature,2015,33000000,70958,70958,70958.0,,,412839.0,,R
"2,055",Star Wars Ep. VI: Return of the Jedi,1983,32500000,316465003,482365284,316465003.0,165900281.0,482365284.0,3591297.0,23019618.0,PG
"2,056",Bridesmaids,2011,32500000,169211718,289632023,169211718.0,120420305.0,289632023.0,94865717.0,26247410.0,R
"2,057",The Reader,2008,32500000,34194407,112964875,34194407.0,78770468.0,112964875.0,13224791.0,168051.0,R
"2,058",The Big Wedding,2013,32500000,21819348,48425971,21819348.0,26606623.0,48425971.0,5630889.0,7591663.0,R
"2,059",Wanderlust,2012,32500000,17288155,24159934,17288155.0,6871779.0,24159934.0,5704642.0,6526650.0,R
"2,060",Elf,2003,32000000,184129376,230942224,184129376.0,46812848.0,230942224.0,,31113501.0,PG
"2,061",Phenomenon,1996,32000000,104636382,152036382,104636382.0,47400000.0,152036382.0,,24517121.0,PG
"2,062",This is the End,2013,32000000,101470202,126539117,101470202.0,25068915.0,126539117.0,17278501.0,20719162.0,R
"2,063",Snow Dogs,2002,32000000,81150692,116898028,81150692.0,35747336.0,116898028.0,,17814259.0,PG
"2,064",Nacho Libre,2006,32000000,80197993,99296462,80197993.0,19098469.0,99296462.0,47098469.0,28309599.0,PG
"2,065",Scrooged,1988,32000000,59450353,59450796,59450353.0,443.0,59450796.0,,13027842.0,PG-13
"2,066",Takers,2010,32000000,57744720,70587268,57744720.0,12842548.0,70587268.0,23360757.0,20512304.0,PG-13
"2,067",Source Code,2011,32000000,54712227,140428499,54712227.0,85716272.0,140428499.0,17862973.0,14812094.0,PG-13
"2,068",Stigmata,1999,32000000,50041732,89441732,50041732.0,39400000.0,89441732.0,100487.0,18309666.0,R
"2,069",Men of Honor,2000,32000000,48814909,82339483,48814909.0,33524574.0,82339483.0,,13339465.0,R
"2,070",I Feel Pretty,2018,32000000,48795601,91444095,48795601.0,42648494.0,91444095.0,4276986.0,16030218.0,PG-13
"2,071",The Transporter 2,2005,32000000,43095856,88978458,43095856.0,45882602.0,88978458.0,31248217.0,16540720.0,PG-13
"2,072","Big Mommas: Like Father, Like Son",2011,32000000,37915414,82332450,37915414.0,44417036.0,82332450.0,5447799.0,16300803.0,PG-13
"2,073",Alive,1993,32000000,36299670,36299670,36299670.0,,,,8624292.0,R
"2,074",The Number 23,2007,32000000,35193167,77593167,35193167.0,42400000.0,77593167.0,28453844.0,14602867.0,R
"2,075",1941,1979,32000000,34175000,94875000,34175000.0,60700000.0,94875000.0,539801.0,2701898.0,PG
"2,076",Dreamer: Inspired by a True Story,2005,32000000,33022286,39498360,33022286.0,6476074.0,39498360.0,29548807.0,9178233.0,PG
"2,077",Bombshell,2019,32000000,31762808,61404394,31762808.0,29641586.0,61404394.0,1471981.0,319157.0,R
"2,078",A History of Violence,2005,32000000,31493782,61477797,31493782.0,29984015.0,61477797.0,39636020.0,515992.0,R
"2,079",The Incredible Burt Wonderstone,2013,32000000,22537881,27392609,22537881.0,4854728.0,27392609.0,5756717.0,10177257.0,PG-13
"2,080",The Quick and the Dead,1995,32000000,18552460,18552460,18552460.0,,,,6515861.0,R
"2,081",Laws of Attraction,2004,32000000,17848322,29939591,17848322.0,12091269.0,29939591.0,,6728905.0,PG-13
"2,082",Bad Times at the El Royale,2018,32000000,17839115,31178942,17839115.0,13339827.0,31178942.0,5169571.0,7132647.0,R
"2,083",Going the Distance,2010,32000000,17804299,43603990,17804299.0,25799691.0,43603990.0,,6884964.0,R
"2,084",Bringing Out The Dead,1999,32000000,16640210,16640210,16640210.0,,,,6193052.0,R
"2,085",Repo Men,2010,32000000,13942007,18195238,13942007.0,4253231.0,18195238.0,10747695.0,6126170.0,R
"2,086",Dragon Wars: D-War,2007,32000000,10977721,79915361,10977721.0,68937640.0,79915361.0,7819555.0,5041239.0,PG-13
"2,087",Big George Foreman: The Miraculous Story of the…,2023,32000000,5426772,5703197,5426772.0,276425.0,5703197.0,679017.0,2925364.0,PG-13
"2,088",Bogus,1996,32000000,4357406,4357406,4357406.0,,,,1895593.0,PG
"2,089",Cats Don't Dance,1997,32000000,3588602,3588602,3588602.0,,,,939781.0,G
"2,090",Cradle Will Rock,1999,32000000,2899970,2899970,2899970.0,,,,93998.0,R
"2,091",The Good German,2006,32000000,1308696,6678033,1308696.0,5369337.0,6678033.0,,76817.0,R
"2,093",Apocalypse Now,1979,31500000,83535860,85955386,83535860.0,2419526.0,85955386.0,9485826.0,118558.0,R
"2,094",Criminal,2015,31500000,14708696,38771262,14708696.0,24062566.0,38771262.0,8138713.0,5767278.0,R
"2,095",La ch\'tite famille,2018,31400000,0,55613061,,55613061.0,55613061.0,,,
"2,096",42,2013,31000000,95020213,97470701,95020213.0,2450488.0,97470701.0,34647078.0,27487144.0,PG-13
"2,097",Flight,2012,31000000,93772375,160558438,93772375.0,66786063.0,160558438.0,33325080.0,24900566.0,R
"2,098",Mr. Holland’s Opus,1995,31000000,82582604,106282604,82582604.0,23700000.0,106282604.0,,14466.0,PG
"2,099",Moonraker,1979,31000000,70300000,210300000,70300000.0,140000000.0,210300000.0,,7108344.0,PG
"2,100",The Grand Budapest Hotel,2014,31000000,59076019,163037661,59076019.0,103961642.0,163037661.0,11647255.0,811166.0,R
"2,101",Vacation,2015,31000000,58884188,104884188,58884188.0,46000000.0,104884188.0,11062859.0,14681108.0,R
"2,102",Arachnophobia,1990,31000000,53208180,53208180,53208180.0,,,,8045760.0,PG-13
"2,103",Isn’t it Romantic,2019,31000000,48791187,48791187,48791187.0,,,2827493.0,14247758.0,PG-13
"2,104",Frequency,2000,31000000,44983704,68079671,44983704.0,23095967.0,68079671.0,,9025584.0,PG-13
"2,105",Hearts in Atlantis,2001,31000000,24185781,30885781,24185781.0,6700000.0,30885781.0,,9021494.0,PG-13
"2,106",Extraordinary Measures,2010,31000000,12482741,15826984,12482741.0,3344243.0,15826984.0,8169684.0,6012594.0,PG
"2,107",Birth of the Dragon,2017,31000000,6901965,7220490,6901965.0,318525.0,7220490.0,,2702430.0,PG-13
"2,108",Get Shorty,1995,30250000,72021008,115021008,72021008.0,43000000.0,115021008.0,,12700007.0,R
"2,109",Ghostbusters,1984,30000000,242604185,295582480,242604185.0,52978295.0,295582480.0,,13612564.0,PG
"2,110",Toy Story,1995,30000000,192523233,365270951,192523233.0,172747718.0,365270951.0,,29140617.0,G
"2,111",Crazy Rich Asians,2018,30000000,174532921,237814149,174532921.0,63281228.0,237814149.0,16068258.0,26510140.0,PG-13
"2,112",Chicago,2002,30000000,170687518,306770545,170687518.0,136083027.0,306770545.0,1226133.0,2074929.0,PG-13
"2,113",Big Daddy,1999,30000000,163479795,228641283,163479795.0,65161488.0,228641283.0,,41536370.0,PG-13
"2,114",La La Land,2016,30000000,151101803,506374600,151101803.0,355272797.0,506374600.0,18609683.0,881104.0,PG-13
"2,115",American Pie 2,2001,30000000,145096820,286500000,145096820.0,141403180.0,286500000.0,,45117985.0,R
"2,116",The Vow,2012,30000000,125014030,197618160,125014030.0,72604130.0,197618160.0,34509003.0,41202458.0,PG-13
"2,117",Speed,1994,30000000,121248145,283200000,121248145.0,161951855.0,283200000.0,,14456194.0,R
"2,118",The Hunt for Red October,1990,30000000,120709866,200500000,120709866.0,79790134.0,200500000.0,,17161835.0,PG
"2,119",Lee Daniels' The Butler,2013,30000000,116632095,177025498,116632095.0,60393403.0,177025498.0,33417263.0,24637312.0,PG-13
"2,120",Remember the Titans,2000,30000000,115719751,136771683,115719751.0,21051932.0,136771683.0,,20905831.0,PG
"2,121",District 9,2009,30000000,115646235,212453431,115646235.0,96807196.0,212453431.0,57419871.0,37354308.0,R
"2,122",Dodgeball: A True Underdog Story,2004,30000000,114326736,167791704,114326736.0,53464968.0,167791704.0,,30070196.0,PG-13
"2,123",The Addams Family,1991,30000000,113502246,191502243,113502246.0,77999997.0,191502243.0,,24203754.0,PG-13
"2,124",Ace Ventura: When Nature Calls,1995,30000000,108360063,212400000,108360063.0,104039937.0,212400000.0,,37804076.0,PG-13
"2,125",The Princess Diaries,2001,30000000,108244774,165334774,108244774.0,57090000.0,165334774.0,,22862269.0,G
"2,126",Analyze This,1999,30000000,106885658,176885658,106885658.0,70000000.0,176885658.0,,18383507.0,R
"2,127",The First Wives Club,1996,30000000,105489203,181489203,105489203.0,76000000.0,181489203.0,,18913411.0,PG
"2,128",Se7en,1995,30000000,100908157,328908157,100908157.0,228000000.0,328908157.0,,,R
"2,129",Million Dollar Baby,2004,30000000,100492203,231928227,100492203.0,131436024.0,231928227.0,,179953.0,PG-13
"2,130",Mystic River,2003,30000000,90135191,156822020,90135191.0,66686829.0,156822020.0,,640815.0,R
"2,131",Sisters,2015,30000000,87044645,106030660,87044645.0,18986015.0,106030660.0,11997557.0,13922855.0,R
"2,132",Pokemon: The First Movie,1999,30000000,85744662,163644662,85744662.0,77900000.0,163644662.0,,31036678.0,G
"2,133",SpongeBob SquarePants: The Movie,2004,30000000,85416609,142051255,85416609.0,56634646.0,142051255.0,,32018216.0,PG
"2,134",The Notebook,2004,30000000,81582653,116223302,81582653.0,34640649.0,116223302.0,,13464745.0,PG-13
"2,135",Hannah Montana: The Movie,2009,30000000,79576189,169173206,79576189.0,89597017.0,169173206.0,65242268.0,32324487.0,G
"2,136",27 Dresses,2008,30000000,76808654,160247805,76808654.0,83439151.0,160247805.0,46254317.0,23007725.0,PG-13
"2,137",Rugrats in Paris,2000,30000000,76501438,103284813,76501438.0,26783375.0,103284813.0,,22718184.0,G
"2,138",The Hitman’s Bodyguard,2017,30000000,75468583,183415183,75468583.0,107946600.0,183415183.0,18174025.0,21384504.0,R
"2,139",The Prince of Tides,1991,30000000,74787599,74787599,74787599.0,,,,10035412.0,R
"2,140",Four Brothers,2005,30000000,74494381,92494381,74494381.0,18000000.0,92494381.0,,21176925.0,R
"2,141",Legends of the Fall,1994,30000000,66502573,160502573,66502573.0,94000000.0,160502573.0,,101670.0,R
"2,142",Looper,2012,30000000,66486205,170466405,66486205.0,103980200.0,170466405.0,33391578.0,20801552.0,R
"2,143",Warm Bodies,2013,30000000,66380662,114834312,66380662.0,48453650.0,114834312.0,15057744.0,20353967.0,PG-13
"2,144",The Exorcist: Believer,2023,30000000,65537395,136998069,65537395.0,71460674.0,136998069.0,,26497600.0,R
"2,145",PAW Patrol: The Mighty Movie,2023,30000000,65343309,201739292,65343309.0,136395983.0,201739292.0,,22764354.0,PG
"2,146",About Schmidt,2002,30000000,65005217,107054484,65005217.0,42049267.0,107054484.0,,282367.0,R
"2,147",The Nut Job,2014,30000000,64251538,122529966,64251538.0,58278428.0,122529966.0,24519309.0,19405000.0,PG
"2,148",Down to Earth,2001,30000000,64172251,71172251,64172251.0,7000000.0,71172251.0,,20027309.0,PG-13
"2,149",Babe,1995,30000000,63658910,246100000,63658910.0,182441090.0,246100000.0,,8742545.0,G
"2,150",Hope Springs,2012,30000000,63536011,133085295,63536011.0,69549284.0,133085295.0,15529196.0,14650121.0,PG-13
"2,151",Forgetting Sarah Marshall,2008,30000000,63172463,105475310,63172463.0,42302847.0,105475310.0,34020287.0,17725330.0,R
"2,152",Friday Night Lights,2004,30000000,61255921,61950770,61255921.0,694849.0,61950770.0,,20269025.0,PG-13
"2,153",Harlem Nights,1989,30000000,60857262,95857262,60857262.0,35000000.0,95857262.0,,16096808.0,R
"2,154",Baby Mama,2008,30000000,60494212,64170447,60494212.0,3676235.0,64170447.0,25600777.0,17407110.0,PG-13
"2,155",Hope Floats,1998,30000000,60110313,81529000,60110313.0,21418687.0,81529000.0,,14210464.0,PG-13
"2,156",Bride Wars,2009,30000000,58715510,115150424,58715510.0,56434914.0,115150424.0,32863754.0,21058173.0,PG
"2,157",Without a Paddle,2004,30000000,58156435,65121280,58156435.0,6964845.0,65121280.0,,13528946.0,PG-13
"2,158",Midnight in Paris,2011,30000000,56816662,162275213,56816662.0,105458551.0,162275213.0,20514843.0,599003.0,PG-13
"2,159",Darkest Hour,2017,30000000,56443120,150807630,56443120.0,94364510.0,150807630.0,9541358.0,175006.0,PG-13
"2,160",Wallace & Gromit: The Curse of the Were-Rabbit,2005,30000000,56068547,197593152,56068547.0,141524605.0,197593152.0,,16025987.0,G
"2,161","P.S., I Love You",2007,30000000,53695808,155769678,53695808.0,102073870.0,155769678.0,31876721.0,6481221.0,PG-13
"2,162",Life of the Party,2018,30000000,53059911,65859911,53059911.0,12800000.0,65859911.0,8897698.0,17886075.0,PG-13
"2,163",Letters to Juliet,2010,30000000,53032453,82148538,53032453.0,29116085.0,82148538.0,35651970.0,13540486.0,PG
"2,164",Blow,2001,30000000,52990775,83282296,52990775.0,30291521.0,83282296.0,,12443461.0,R
"2,165",Message in a Bottle,1999,30000000,52880016,52880016,52880016.0,,,,18852976.0,PG-13
"2,166",Southpaw,2015,30000000,52421953,94156456,52421953.0,41734503.0,94156456.0,8854001.0,16701294.0,R
"2,167",Star Trek V: The Final Frontier,1989,30000000,52210049,70200000,52210049.0,17989951.0,70200000.0,,17375648.0,PG
"2,168",Atomic Blonde,2017,30000000,51573925,98345423,51573925.0,46771498.0,98345423.0,13036849.0,18286420.0,R
"2,169",Like Mike,2002,30000000,51432423,62432423,51432423.0,11000000.0,62432423.0,,12179420.0,PG
"2,170",Naked Gun 33 1/3: The Final Insult,1994,30000000,51041856,51041856,51041856.0,,,13126.0,13216531.0,PG-13
"2,171",Atonement,2007,30000000,50980159,129779728,50980159.0,78799569.0,129779728.0,16724564.0,796836.0,R
"2,172",A View to a Kill,1985,30000000,50327960,152627960,50327960.0,102300000.0,152627960.0,,13294435.0,PG
"2,173",Sommersby,1993,30000000,50081992,140081992,50081992.0,90000000.0,140081992.0,,8104624.0,PG-13
"2,174",Racing Stripes,2005,30000000,49772522,89809433,49772522.0,40036911.0,89809433.0,,13920052.0,PG
"2,175",Sicario,2015,30000000,46889293,84264182,46889293.0,37374889.0,84264182.0,18099508.0,401288.0,R
"2,176",Black Rain,1989,30000000,45892212,133892212,45892212.0,88000000.0,133892212.0,,9677102.0,R
"2,177",Full Metal Jacket,1987,30000000,45015999,48845082,45015999.0,3829083.0,48845082.0,,2217307.0,R
"2,178",Den of Thieves,2018,30000000,44947622,80147166,44947622.0,35199544.0,80147166.0,7305573.0,15206108.0,R
"2,179",The Three Stooges,2012,30000000,44338224,54052249,44338224.0,9714025.0,54052249.0,25092807.0,17010125.0,PG
"2,180",Pokemon 2000,2000,30000000,43746923,133946923,43746923.0,90200000.0,133946923.0,,19575608.0,G
"2,181",John Wick,2014,30000000,43037835,87790603,43037835.0,44752768.0,87790603.0,49714041.0,14415922.0,R
"2,182",Glory Road,2006,30000000,42647449,42799060,42647449.0,151611.0,42799060.0,52520901.0,13594734.0,PG
"2,183",The Age of Adaline,2015,30000000,42629776,68984536,42629776.0,26354760.0,68984536.0,12580647.0,13203458.0,PG-13
"2,184",Step Up 3D,2010,30000000,42400223,165889117,42400223.0,123488894.0,165889117.0,19627417.0,15812311.0,PG-13
"2,185",Drag Me To Hell,2009,30000000,42100625,91388487,42100625.0,49287862.0,91388487.0,17490731.0,15825480.0,PG-13
"2,186",The Cabin in the Woods,2012,30000000,42073277,70683134,42073277.0,28609857.0,70683134.0,14801692.0,14743614.0,R
"2,187",Secondhand Lions,2003,30000000,42070939,47902566,42070939.0,5831627.0,47902566.0,,12139832.0,PG
"2,188",Stranger Than Fiction,2006,30000000,40435190,53572822,40435190.0,13137632.0,53572822.0,32502761.0,13411093.0,PG-13
"2,189",Hanna,2011,30000000,40259119,65343694,40259119.0,25084575.0,65343694.0,10406009.0,12370549.0,PG-13
"2,190",Blue Crush,2002,30000000,40118420,51618420,40118420.0,11500000.0,51618420.0,,14169455.0,PG-13
"2,191",30 Days of Night,2007,30000000,39568996,80276156,39568996.0,40707160.0,80276156.0,27913341.0,15951902.0,R
"2,192",Little Shop of Horrors,1986,30000000,38946965,38947189,38946965.0,224.0,38947189.0,,3659884.0,PG-13
"2,193",The Menu,2022,30000000,38501125,73040804,38501125.0,34539679.0,73040804.0,1204517.0,9004957.0,R
"2,194",Gridiron Gang,2006,30000000,38432823,41457834,38432823.0,3025011.0,41457834.0,35109861.0,14414630.0,PG-13
"2,195",Midnight Run,1988,30000000,38413606,81613606,38413606.0,43200000.0,81613606.0,,5506290.0,R
"2,196",Meet the Spartans,2008,30000000,38233676,84646831,38233676.0,46413155.0,84646831.0,12822276.0,18505530.0,PG-13
"2,197",The Running Man,1987,30000000,38122000,38122000,38122000.0,,,1255775.0,8117465.0,R
"2,198",The Family,2013,30000000,36918811,80588942,36918811.0,43670131.0,80588942.0,14558240.0,14034764.0,R
"2,199",The 15:17 to Paris,2018,30000000,36276286,56096200,36276286.0,19819914.0,56096200.0,3134868.0,12554286.0,PG-13
"2,200",Mortal Kombat: Annihilation,1997,30000000,35927406,51327406,35927406.0,15400000.0,51327406.0,,16771694.0,PG-13
"2,201",Larry Crowne,2011,30000000,35608245,61449135,35608245.0,25840890.0,61449135.0,7758885.0,13096065.0,PG-13
"2,202",Carrie,2013,30000000,35266619,82409520,35266619.0,47142901.0,82409520.0,7450778.0,16101552.0,R
"2,203",Last Christmas,2019,30000000,35150750,123429381,35150750.0,88278631.0,123429381.0,3109063.0,11441055.0,PG-13
"2,204",Take the Lead,2006,30000000,34742066,65390493,34742066.0,30648427.0,65390493.0,21223381.0,12051277.0,PG-13
"2,205",Death Wish,2018,30000000,34017028,48575965,34017028.0,14558937.0,48575965.0,8455682.0,13010267.0,R
"2,206",Love and Other Drugs,2010,30000000,32367005,102716321,32367005.0,70349316.0,102716321.0,16795916.0,9739161.0,R
"2,207",Entourage,2015,30000000,32363404,49263404,32363404.0,16900000.0,49263404.0,3357216.0,10283250.0,R
"2,208",What's the Worst That Could Happen?,2001,30000000,32267774,38462071,32267774.0,6194297.0,38462071.0,,13049114.0,PG-13
"2,209",Side Effects,2013,30000000,32172757,66742138,32172757.0,34569381.0,66742138.0,5456643.0,9303145.0,R
"2,210",9,2009,30000000,31749894,48559999,31749894.0,16810105.0,48559999.0,17523309.0,10740446.0,PG-13
"2,211",Deliver Us from Evil,2014,30000000,30577122,87956618,30577122.0,57379496.0,87956618.0,4927680.0,9740471.0,R
"2,212",Get on Up,2014,30000000,30569935,33339868,30569935.0,2769933.0,33339868.0,6153737.0,13585915.0,PG-13
"2,213",Molly’s Game,2017,30000000,28780744,53296424,28780744.0,24515680.0,53296424.0,2999984.0,2349967.0,R
"2,214",The Five-Year Engagement,2012,30000000,28700285,61623819,28700285.0,32923534.0,61623819.0,7598302.0,10610060.0,R
"2,215",The Prince & Me,2004,30000000,28165882,30089110,28165882.0,1923228.0,30089110.0,,9406378.0,PG
"2,216",Winnie the Pooh,2011,30000000,26692846,50145607,26692846.0,23452761.0,50145607.0,21849483.0,7857076.0,G
"2,217",Bulworth,1998,30000000,26528684,29203383,26528684.0,2674699.0,29203383.0,,141816.0,R
"2,218",Dumb and Dumberer: When Harry Met Lloyd,2003,30000000,26214846,28986358,26214846.0,2771512.0,28986358.0,,10845064.0,PG-13
"2,219",White Boy Rick,2018,30000000,24004833,25947983,24004833.0,1943150.0,25947983.0,2703989.0,8860431.0,R
"2,220",Virtuosity,1995,30000000,23998226,23998226,23998226.0,,,87127.0,8309869.0,R
"2,221",One True Thing,1998,30000000,23337196,26708196,23337196.0,3371000.0,26708196.0,,6606455.0,R
"2,222",Sanctum,2011,30000000,23209310,108957098,23209310.0,85747788.0,108957098.0,5457990.0,9447930.0,R
"2,223",My Super Ex-Girlfriend,2006,30000000,22530295,60772856,22530295.0,38242561.0,60772856.0,,8603460.0,PG-13
"2,224",Ballerina,2016,30000000,21858070,96451584,21858070.0,74593514.0,96451584.0,,4730038.0,PG
"2,225",Mr. 3000,2004,30000000,21800302,21827296,21800302.0,26994.0,21827296.0,,8679028.0,PG-13
"2,226",Shaft,2019,30000000,21360215,21360215,21360215.0,,,4025621.0,8901419.0,R
"2,227",The Next Three Days,2010,30000000,21148651,67255916,21148651.0,46107265.0,67255916.0,11056572.0,6542779.0,PG-13
"2,228",Proud Mary,2018,30000000,20868638,21709539,20868638.0,840901.0,21709539.0,2932127.0,9959053.0,R
"2,229",Sleepless,2017,30000000,20783704,33296659,20783704.0,12512955.0,33296659.0,4454173.0,8344128.0,R
"2,230",Little Black Book,2004,30000000,20422207,21758371,20422207.0,1336164.0,21758371.0,,7075217.0,PG-13
"2,231","Are You There God? It’s Me, Margaret",2023,30000000,20372406,21581824,20372406.0,1209418.0,21581824.0,1147458.0,6739037.0,PG-13
"2,232",The Unbearable Weight of Massive Talent,2022,30000000,20300157,29116320,20300157.0,8816163.0,29116320.0,3631712.0,7131703.0,R
"2,233",Assault On Precinct 13,2005,30000000,20040895,36040895,20040895.0,16000000.0,36040895.0,,6502724.0,R
"2,234",Nine Lives,2016,30000000,19700032,57814445,19700032.0,38114413.0,57814445.0,4760763.0,6249915.0,PG
"2,235",Runner Runner,2013,30000000,19316646,60512680,19316646.0,41196034.0,60512680.0,6083167.0,7706712.0,R
"2,236",The Watchers,2024,30000000,19164028,33464028,19164028.0,14300000.0,33464028.0,,7003537.0,PG-13
"2,237",The Replacement Killers,1998,30000000,19035741,19035741,19035741.0,,,,8046553.0,R
"2,238",Baahubali 2: The Conclusion,2017,30000000,18985794,263502914,18985794.0,244517120.0,263502914.0,,10430497.0,Not Rated
"2,239",Ultraviolet,2006,30000000,18522064,30962112,18522064.0,12440048.0,30962112.0,14950499.0,9064880.0,PG-13
"2,240",North Country,2005,30000000,18324242,23676771,18324242.0,5352529.0,23676771.0,15248193.0,6422455.0,R
"2,241",Fright Night,2011,30000000,18298649,40520649,18298649.0,22222000.0,40520649.0,11007441.0,8114388.0,R
"2,242",mother!,2017,30000000,17800004,44516999,17800004.0,26716995.0,44516999.0,416062.0,7534673.0,R
"2,243",Steve Jobs,2015,30000000,17766658,35579007,17766658.0,17812349.0,35579007.0,3052873.0,521522.0,R
"2,244",Spirit Untamed,2021,30000000,17716215,42235744,17716215.0,24519529.0,42235744.0,2948628.0,6101050.0,PG
"2,245",Eight Legged Freaks,2002,30000000,17266505,36722311,17266505.0,19455806.0,36722311.0,,6485458.0,PG-13
"2,246",Fled,1996,30000000,17192205,19892205,17192205.0,2700000.0,19892205.0,,5405855.0,R
"2,247",Splice,2010,30000000,17010170,28542494,17010170.0,11532324.0,28542494.0,8822583.0,7385277.0,R
"2,248",88 Minutes,2008,30000000,16930884,32955399,16930884.0,16024515.0,32955399.0,11649162.0,6957216.0,R
"2,249",The Whole Ten Yards,2004,30000000,16323969,26323969,16323969.0,10000000.0,26323969.0,,6685381.0,PG-13
"2,250",Howard the Duck,1986,30000000,16295774,16295774,16295774.0,,,602098.0,5070136.0,PG
"2,251",Pride and Glory,2008,30000000,15740721,32262866,15740721.0,16522145.0,32262866.0,12432995.0,6262396.0,R
"2,252",The Little Things,2021,30000000,15342746,30842746,15342746.0,15500000.0,30842746.0,3122812.0,4705527.0,R
"2,253",The Cave,2005,30000000,15007991,27147991,15007991.0,12140000.0,27147991.0,13031129.0,6147294.0,PG-13
"2,254",Godsend,2004,30000000,14334645,16873925,14334645.0,2539280.0,16873925.0,,6800617.0,PG-13
"2,255",Alex & Emma,2003,30000000,14208384,15358583,14208384.0,1150199.0,15358583.0,,6111074.0,PG-13
"2,256",Honest Thief,2020,30000000,14163574,32609631,14163574.0,18446057.0,32609631.0,6661865.0,,PG-13
"2,257",Dumb Money,2023,30000000,13919484,17956910,13919484.0,4037426.0,17956910.0,,220947.0,R
"2,258",Wicker Park,2004,30000000,13001257,21577076,13001257.0,8575819.0,21577076.0,,5467281.0,PG-13
"2,259",The New World,2005,30000000,12712093,26184400,12712093.0,13472307.0,26184400.0,8618963.0,20000.0,PG-13
"2,260",Evening,2007,30000000,12406646,12885574,12406646.0,478928.0,12885574.0,,3501971.0,PG-13
"2,261",The Last Stand,2013,30000000,12050299,48330757,12050299.0,36280458.0,48330757.0,11165207.0,6281433.0,R
"2,262",In Dreams,1999,30000000,12017369,12017369,12017369.0,,,,4593872.0,R
"2,263",Wing Commander,1999,30000000,11578022,11578022,11578022.0,,,,5114365.0,PG-13
"2,264",Café Society,2016,30000000,11103205,44348292,11103205.0,33245087.0,44348292.0,449256.0,359289.0,PG-13
"2,265",Antitrust,2001,30000000,10965209,17865209,10965209.0,6900000.0,17865209.0,,5486209.0,PG-13
"2,266",Dead Man Down,2013,30000000,10895295,19599974,10895295.0,8704679.0,19599974.0,7666945.0,5345250.0,R
"2,267",Hoodwinked Too: Hood vs. Evil,2011,30000000,10143779,23353111,10143779.0,13209332.0,23353111.0,3179293.0,4108630.0,PG
"2,268",Dragonball Evolution,2009,30000000,9362785,56511457,9362785.0,47148672.0,56511457.0,8642464.0,4756488.0,PG
"2,269",The Lord of the Rings: The War of the Rohirrim,2024,30000000,9158572,20455686,9158572.0,11297114.0,20455686.0,,4552109.0,PG-13
"2,270",First Daughter,2004,30000000,9055010,10419084,9055010.0,1364074.0,10419084.0,,4002067.0,PG
"2,271",The Lost City of Z,2017,30000000,8574339,19358084,8574339.0,10783745.0,19358084.0,1271544.0,110175.0,PG-13
"2,272",An Unfinished Life,2005,30000000,8535575,18535575,8535575.0,10000000.0,18535575.0,21739008.0,1008308.0,PG-13
"2,273",The Space Between Us,2017,30000000,7885294,16481405,7885294.0,8596111.0,16481405.0,1895221.0,3775596.0,PG-13
"2,274",Anna,2019,30000000,7743794,32825217,7743794.0,25081423.0,32825217.0,3009433.0,3600647.0,R
"2,275",The Imaginarium of Doctor Parnassus,2009,30000000,7689607,64352607,7689607.0,56663000.0,64352607.0,11673536.0,334183.0,PG-13
"2,276",Barney's Version,2011,30000000,7502560,8845575,7502560.0,1343015.0,8845575.0,,362524.0,R
"2,277",Trapped,2002,30000000,6916869,7005468,6916869.0,88599.0,7005468.0,,3210765.0,R
"2,278",The Current War: Director’s Cut,2019,30000000,5978673,12869755,5978673.0,6891082.0,12869755.0,403561.0,2633717.0,PG-13
"2,279",Kin,2018,30000000,5718096,10383524,5718096.0,4665428.0,10383524.0,101535.0,3035618.0,PG-13
"2,280",Once Upon a Time in America,1984,30000000,5321508,5577556,5321508.0,256048.0,5577556.0,23645595.0,2412014.0,R
"2,281",Johnny English Strikes Again,2018,30000000,4412170,159369278,4412170.0,154957108.0,159369278.0,332963.0,1638895.0,PG
"2,282",Stronger,2017,30000000,4211129,8786287,4211129.0,4575158.0,8786287.0,,1611040.0,R
"2,283",Gloria,1999,30000000,4167493,4967493,4167493.0,800000.0,4967493.0,,2143089.0,R
"2,284",Replicas,2018,30000000,4046429,9037427,4046429.0,4990998.0,9037427.0,2123051.0,2375325.0,PG-13
"2,285",The Assassination of Jesse James by the Coward …,2007,30000000,3909149,15313631,3909149.0,11404482.0,15313631.0,10641929.0,147812.0,R
"2,286",The Merchant of Venice,2004,30000000,3765585,18765585,3765585.0,15000000.0,18765585.0,,69868.0,R
"2,287",The Good Thief,2003,30000000,3517797,6460758,3517797.0,2942961.0,6460758.0,,131580.0,R
"2,288",Supercross,2005,30000000,3102550,3252550,3102550.0,150000.0,3252550.0,,1330520.0,PG-13
"2,289",Miss Potter,2006,30000000,3005605,35891257,3005605.0,32885652.0,35891257.0,10406351.0,9653.0,PG
"2,290",Love and Monsters,2020,30000000,1070714,1131683,1070714.0,60969.0,1131683.0,9042672.0,270302.0,PG-13
"2,291",The Tax Collector,2020,30000000,1044212,1309971,1044212.0,265759.0,1309971.0,2726136.0,309694.0,
"2,292",Wu ji,2006,30000000,669625,35869934,669625.0,35200309.0,35869934.0,,272838.0,PG-13
"2,293",Machine Gun Preacher,2011,30000000,538690,3721988,538690.0,3183298.0,3721988.0,5181004.0,45130.0,R
"2,294",Bilal: A New Breed of Hero,2017,30000000,490973,648599,490973.0,157626.0,648599.0,,309951.0,PG-13
"2,295",DOA: Dead or Alive,2006,30000000,480314,7755686,480314.0,7275372.0,7755686.0,1883777.0,260713.0,PG-13
"2,296",Le Petit Nicolas,2010,30000000,201857,52339566,201857.0,52137709.0,52339566.0,,95919.0,Not Rated
"2,297",Xinhai geming,2011,30000000,135739,8593154,135739.0,8457415.0,8593154.0,,55850.0,R
"2,298",Genghis Khan: To the Ends of the Earth and Sea,2008,30000000,3892,4874498,3892.0,4870606.0,4874498.0,,3332.0,R
"2,299",Wild Card,2015,30000000,3200,4315789,3200.0,4312589.0,4315789.0,3646233.0,,R
"2,300",United Passions,2014,30000000,918,168832,918.0,167914.0,168832.0,,918.0,Not Rated
"2,302",Happy Family,2017,30000000,0,30809023,,30809023.0,30809023.0,11087.0,,PG
"2,303",Grace of Monaco,2014,30000000,0,25199891,,25199891.0,25199891.0,34463.0,,
"2,304",Overdrive,2017,30000000,0,11247280,,11247280.0,11247280.0,,,PG-13
"2,305",Savva. Serdtse voyna,2015,30000000,0,5015080,,5015080.0,5015080.0,,,
"2,306",Goodbye Bafana,2007,30000000,0,2717302,,2717302.0,2717302.0,,,
"2,307",Ripley's Game,2003,30000000,0,1692644,,1692644.0,1692644.0,,,R
"2,308",Space Pirate Captain Harlock,2013,30000000,0,310985,,310985.0,310985.0,,,
"2,309",The Underdoggs,2024,30000000,0,0,,,,,,R
"2,310",Collide,2016,29200000,2280004,5466698,2280004.0,3186694.0,5466698.0,,1512824.0,PG-13
"2,311",Pitch Perfect 2,2015,29000000,184296230,287215196,184296230.0,102918966.0,287215196.0,43168631.0,69216890.0,PG-13
"2,312",Walk the Line,2005,29000000,119519402,187707495,119519402.0,68188093.0,187707495.0,127727163.0,22347341.0,PG-13
"2,313",Night School,2018,29000000,77339130,104145633,77339130.0,26806503.0,104145633.0,9107239.0,27257615.0,PG-13
"2,314",The Boss,2016,29000000,63077560,78652207,63077560.0,15574647.0,78652207.0,10134282.0,23586645.0,R
"2,315",12 Monkeys,1995,29000000,57141459,168841459,57141459.0,111700000.0,168841459.0,,178730.0,R
"2,316",Once Upon a Time in Mexico,2003,29000000,56330657,97413527,56330657.0,41082870.0,97413527.0,,23424118.0,R
"2,317",Awakenings,1990,29000000,51636504,51636504,51636504.0,,,,,PG-13
"2,318",Keeping the Faith,2000,29000000,37036404,45336404,37036404.0,8300000.0,45336404.0,,8078671.0,PG-13
"2,319",Logan Lucky,2017,29000000,27778642,49046121,27778642.0,21267479.0,49046121.0,4574468.0,7600036.0,PG-13
"2,320",Florence Foster Jenkins,2016,29000000,27383770,56000339,27383770.0,28616569.0,56000339.0,2057962.0,6601313.0,PG-13
"2,321",The Borrowers,1998,29000000,22619589,54045832,22619589.0,31426243.0,54045832.0,,6075079.0,PG
"2,322",Like a Boss,2020,29000000,22169514,26563888,22169514.0,4394374.0,26563888.0,1890678.0,10011272.0,R
"2,323",Frost/Nixon,2008,29000000,18622031,28452945,18622031.0,9830914.0,28452945.0,7354574.0,180708.0,R
"2,324",Seed of Chucky,2004,29000000,17016190,24716190,17016190.0,7700000.0,24716190.0,,8774520.0,R
"2,325",Serving Sara,2002,29000000,16930185,20146150,16930185.0,3215965.0,20146150.0,,5758236.0,PG-13
"2,326",Confessions of a Dangerous Mind,2002,29000000,16007718,33013805,16007718.0,17006087.0,33013805.0,,87199.0,R
"2,327",Blacklight,2022,29000000,9591094,16017096,9591094.0,6426002.0,16017096.0,1975491.0,3502475.0,PG-13
"2,328",Taking Woodstock,2009,29000000,7460204,10066366,7460204.0,2606162.0,10066366.0,,3457760.0,R
"2,329",Cry Freedom,1987,29000000,5899797,25899797,5899797.0,20000000.0,25899797.0,,318723.0,
"2,330",Voyagers,2021,29000000,3149935,4131781,3149935.0,981846.0,4131781.0,1686517.0,1379988.0,PG-13
"2,331",Mumford,1999,28700000,4559569,4559569,4559569.0,,,,1851291.0,R
"2,332",The Jacket,2005,28500000,6301131,15452978,6301131.0,9151847.0,15452978.0,,2723682.0,R
"2,333",Aladdin,1992,28000000,217350219,504050219,217350219.0,286700000.0,504050219.0,,196664.0,G
"2,334",Indiana Jones and the Temple of Doom,1984,28000000,179880271,333080271,179880271.0,153200000.0,333080271.0,,25337110.0,PG
"2,335",Straight Outta Compton,2015,28000000,161197785,202182981,161197785.0,40985196.0,202182981.0,30420931.0,60200180.0,R
"2,336",Girls Trip,2017,28000000,115108515,140886353,115108515.0,25777838.0,140886353.0,13251428.0,31201920.0,R
"2,337",The Rugrats Movie,1998,28000000,100494685,140894685,100494685.0,40400000.0,140894685.0,,27321470.0,G
"2,338",Die Hard,1988,28000000,85892546,143651650,85892546.0,57759104.0,143651650.0,,601851.0,R
"2,339",Out of Africa,1985,28000000,79096868,258210860,79096868.0,179113992.0,258210860.0,,3637290.0,PG
"2,340",Along Came a Spider,2001,28000000,74058698,105159085,74058698.0,31100387.0,105159085.0,,16712407.0,R
"2,341",A Bad Moms Christmas,2017,28000000,72110659,127710550,72110659.0,55599891.0,127710550.0,12448606.0,16759161.0,R
"2,342",Safe Haven,2013,28000000,71399120,94050951,71399120.0,22651831.0,94050951.0,29734273.0,21401594.0,PG-13
"2,343",The Big Short,2015,28000000,70259870,132624681,70259870.0,62364811.0,132624681.0,7283169.0,705527.0,R
"2,344",Scary Stories to Tell in the Dark,2019,28000000,68947075,104793708,68947075.0,35846633.0,104793708.0,9773416.0,20915346.0,PG-13
"2,345",Role Models,2008,28000000,67300955,94500826,67300955.0,27199871.0,94500826.0,41602555.0,19167085.0,R
"2,346","Alexander and the Terrible, Horrible, No Good, …",2014,28000000,66954149,101379287,66954149.0,34425138.0,101379287.0,15524426.0,18360230.0,PG
"2,347",Miracle,2004,28000000,64378093,64474705,64378093.0,96612.0,64474705.0,,19377577.0,PG
"2,348",Last Vegas,2013,28000000,63914167,112914167,63914167.0,49000000.0,112914167.0,15209329.0,16334566.0,PG-13
"2,349",The Wedding Planner,2001,28000000,60400856,94728529,60400856.0,34327673.0,94728529.0,,13510293.0,PG-13
"2,350",Dawn of the Dead,2004,28000000,58990765,103452875,58990765.0,44462110.0,103452875.0,,26722575.0,R
"2,351",For Your Eyes Only,1981,28000000,54800000,195300000,54800000.0,140500000.0,195300000.0,,6834967.0,PG
"2,352",Tag,2018,28000000,54730625,77024944,54730625.0,22294319.0,77024944.0,7926644.0,14947396.0,R
"2,353",The Royal Tenenbaums,2001,28000000,52353636,71430876,52353636.0,19077240.0,71430876.0,,276981.0,R
"2,354",Identity,2003,28000000,52131264,82119036,52131264.0,29987772.0,82119036.0,,16225263.0,R
"2,355",Hocus Pocus,1993,28000000,50737050,51742971,50737050.0,1005921.0,51742971.0,,8125471.0,PG
"2,356",Serendipity,2001,28000000,50255310,77477297,50255310.0,27221987.0,77477297.0,,13309241.0,PG-13
"2,357",Kick-Ass,2010,28000000,48071303,97531134,48071303.0,49459831.0,97531134.0,39813625.0,19828687.0,R
"2,358",Zoolander,2001,28000000,45172250,60780981,45172250.0,15608731.0,60780981.0,,15525043.0,PG-13
"2,359",Timecop,1994,28000000,44853581,102053581,44853581.0,57200000.0,102053581.0,,12064625.0,R
"2,360",No Reservations,2007,28000000,43107979,91943956,43107979.0,48835977.0,91943956.0,28100235.0,11704357.0,PG
"2,361",80 for Brady,2023,28000000,39448525,40384027,39448525.0,935502.0,40384027.0,2696706.0,12701640.0,PG-13
"2,362",Pride & Prejudice,2005,28000000,38559177,126736122,38559177.0,88176945.0,126736122.0,73940514.0,2865017.0,PG
"2,363",30 Minutes or Less,2011,28000000,37053924,41146935,37053924.0,4093011.0,41146935.0,14303286.0,13330118.0,R
"2,364",Dracula 2000,2000,28000000,33000377,33000377,33000377.0,,,,8636567.0,R
"2,365",Blade Runner,1982,28000000,32724136,39649582,32724136.0,6925446.0,39649582.0,,6150002.0,R
"2,366",Rob Roy,1995,28000000,31390587,31390587,31390587.0,,,,2023272.0,R
"2,367",3 Days to Kill,2014,28000000,30697999,38959900,30697999.0,8261901.0,38959900.0,11002041.0,12242218.0,PG-13
"2,368",Kick-Ass 2,2013,28000000,28795985,63129909,28795985.0,34333924.0,63129909.0,17507977.0,13332955.0,R
"2,369",We Own the Night,2007,28000000,28563179,55307857,28563179.0,26744678.0,55307857.0,23088321.0,10826287.0,R
"2,370",A Walk Among the Tombstones,2014,28000000,26017685,62108587,26017685.0,36090902.0,62108587.0,10832865.0,12758780.0,R
"2,371",Abigail,2024,28000000,25867515,42645515,25867515.0,16778000.0,42645515.0,,10297110.0,R
"2,372",The Spy Next Door,2010,28000000,24307106,46752858,24307106.0,22445752.0,46752858.0,10913107.0,9726056.0,PG
"2,373",Brick Mansions,2014,28000000,20396829,73421224,20396829.0,53024395.0,73421224.0,6255898.0,9516855.0,PG-13
"2,374",Just My Luck,2006,28000000,17326650,38159905,17326650.0,20833255.0,38159905.0,11149466.0,5692285.0,PG-13
"2,375",Lost Souls,2000,28000000,16779636,31320293,16779636.0,14540657.0,31320293.0,,7954766.0,R
"2,376",American Ultra,2015,28000000,14439985,30295028,14439985.0,15855043.0,30295028.0,901981.0,5454284.0,R
"2,377",Winged Migration,2003,28000000,11689053,39134983,11689053.0,27445930.0,39134983.0,,33128.0,G
"2,378",Pride and Prejudice and Zombies,2016,28000000,10907291,16638300,10907291.0,5731009.0,16638300.0,6374360.0,5324240.0,PG-13
"2,379","Mystery, Alaska",1999,28000000,8891623,8891623,8891623.0,,,,3102191.0,R
"2,380",John Carpenter’s Ghosts of Mars,2001,28000000,8434601,8434601,8434601.0,,,,3804452.0,R
"2,381",A Simple Wish,1997,28000000,8165213,8165213,8165213.0,,,,2732880.0,PG
"2,382",Our Brand is Crisis,2015,28000000,7002261,9002261,7002261.0,2000000.0,9002261.0,1740339.0,3249242.0,R
"2,383",Kundun,1997,28000000,5686694,5686694,5686694.0,,,,72095.0,PG-13
"2,384",How to Lose Friends & Alienate People,2008,28000000,2775593,12031443,2775593.0,9255850.0,12031443.0,,1430294.0,R
"2,386",Knocked Up,2007,27500000,148761765,219265952,148761765.0,70504187.0,219265952.0,118668094.0,30690990.0,R
"2,387",Octopussy,1983,27500000,67900000,187500000,67900000.0,119600000.0,187500000.0,,8902564.0,PG
"2,388",My Sister’s Keeper,2009,27500000,49200230,96673002,49200230.0,47472772.0,96673002.0,24873833.0,12442212.0,PG-13
"2,389",Welcome Home Roscoe Jenkins,2008,27500000,42436517,43607627,42436517.0,1171110.0,43607627.0,18519252.0,16207730.0,PG-13
"2,390",Joyful Noise,2012,27500000,30932113,31157914,30932113.0,225801.0,31157914.0,14734870.0,11225190.0,PG-13
"2,391",A Passage to India,1984,27500000,27187653,27187896,27187653.0,243.0,27187896.0,,84580.0,PG
"2,392",Notes on a Scandal,2006,27500000,17510118,50578411,17510118.0,33068293.0,50578411.0,9005760.0,414487.0,R
"2,393",Rendition,2007,27500000,9736045,26939925,9736045.0,17203880.0,26939925.0,6276224.0,4060012.0,R
"2,394",Anonymous,2011,27500000,4463292,15815509,4463292.0,11352217.0,15815509.0,,1021768.0,PG-13
"2,395",Limitless,2011,27000000,79249455,155564919,79249455.0,76315464.0,155564919.0,27542650.0,18907302.0,PG-13
"2,396",Star Trek VI: The Undiscovered Country,1991,27000000,74888996,96900000,74888996.0,22011004.0,96900000.0,,18162837.0,PG
"2,397",Annabelle Comes Home,2019,27000000,74152591,231252591,74152591.0,157100000.0,231252591.0,4748412.0,20269723.0,R
"2,398",The Divine Secrets of the Ya-Ya Sisterhood,2002,27000000,69586544,73826768,69586544.0,4240224.0,73826768.0,,16167412.0,PG-13
"2,399",Kiss the Girls,1997,27000000,60527873,60527873,60527873.0,,,,13215167.0,R
"2,400",The Blues Brothers,1980,27000000,57229890,57245448,57229890.0,15558.0,57245448.0,,4858152.0,R
"2,401",The Jungle Book,1994,27000000,44342956,53508356,44342956.0,9165400.0,53508356.0,,10081933.0,PG
"2,402",The Sisterhood of the Traveling Pants 2,2008,27000000,44089964,44270131,44089964.0,180167.0,44270131.0,15992858.0,10678430.0,PG-13
"2,403",Money Monster,2016,27000000,41012075,93466095,41012075.0,52454020.0,93466095.0,3468454.0,14788157.0,R
"2,404",About a Boy,2002,27000000,40803000,130759651,40803000.0,89956651.0,130759651.0,,8557630.0,PG-13
"2,405",Spy Kids: All the Time in the World,2011,27000000,38536376,80681183,38536376.0,42144807.0,80681183.0,,11644672.0,PG
"2,406",Lake Placid,1999,27000000,31770413,31770413,31770413.0,,,939051.0,10974145.0,R
"2,407",Lucky Number Slevin,2006,27000000,22495466,55495466,22495466.0,33000000.0,55495466.0,27792588.0,7031921.0,R
"2,408",The Right Stuff,1983,27000000,21500000,21500213,21500000.0,213.0,21500213.0,,1601167.0,PG
"2,409",The Neverending Story,1984,27000000,21300000,21454405,21300000.0,154405.0,21454405.0,,4325823.0,PG
"2,410",Dark City,1998,27000000,14435076,27257061,14435076.0,12821985.0,27257061.0,,5576953.0,R
"2,411",The Duchess,2008,27000000,13848978,45160110,13848978.0,31311132.0,45160110.0,9252613.0,190426.0,PG-13
"2,412",Case 39,2010,27000000,13261851,28773827,13261851.0,15511976.0,28773827.0,6037707.0,5350570.0,R
"2,413",The Honeymooners,2005,27000000,12834849,13174426,12834849.0,339577.0,13174426.0,,5538835.0,PG-13
"2,414",Return to Oz,1985,27000000,10618813,10618813,10618813.0,,,,2844895.0,PG
"2,415",The Newton Boys,1998,27000000,10341093,10341093,10341093.0,,,,4010245.0,PG-13
"2,416",Suspect Zero,2004,27000000,8712564,8723600,8712564.0,11036.0,8723600.0,,3446375.0,R
"2,417",Martian Child,2007,27000000,7500310,9352089,7500310.0,1851779.0,9352089.0,8375217.0,3376669.0,PG
"2,418",Formula 51,2002,27000000,5204007,5204007,5204007.0,,,,2817719.0,R
"2,419",Flawless,1999,27000000,4485485,4485485,4485485.0,,,,1590155.0,R
"2,420",Mindhunters,2005,27000000,4476235,16566235,4476235.0,12090000.0,16566235.0,,1911358.0,R
"2,421",What Just Happened,2008,27000000,1090947,2412123,1090947.0,1321176.0,2412123.0,,192508.0,R
"2,422",The Statement,2003,27000000,765637,1545064,765637.0,779427.0,1545064.0,,37220.0,R
"2,423",Lucy in the Sky,2019,27000000,319976,325943,319976.0,5967.0,325943.0,,54058.0,R
"2,424",The Magic Flute,2021,27000000,0,0,,,,,,
"2,425",Rules Don’t Apply,2016,26700000,3652206,3871448,3652206.0,219242.0,3871448.0,258833.0,1589625.0,PG-13
"2,426",Paul Blart: Mall Cop,2009,26000000,146336178,185904750,146336178.0,39568572.0,185904750.0,58304962.0,31832636.0,PG
"2,427",Freaky Friday,2003,26000000,110222438,160822438,110222438.0,50600000.0,160822438.0,,22203007.0,PG
"2,428",The 40 Year-old Virgin,2005,26000000,109449237,176276839,109449237.0,66827602.0,176276839.0,,21422815.0,R
"2,429",Shakespeare in Love,1998,26000000,100317794,279500000,100317794.0,179182206.0,279500000.0,,224012.0,R
"2,430",Kindergarten Cop,1990,26000000,91457688,202000000,91457688.0,110542312.0,202000000.0,,11260685.0,PG-13
"2,431",Pineapple Express,2008,26000000,87341380,102404019,87341380.0,15062639.0,102404019.0,48015079.0,23245025.0,R
"2,432",Philadelphia,1993,26000000,77324422,201324422,77324422.0,124000000.0,201324422.0,,,PG-13
"2,433",Ever After: A Cinderella Story,1998,26000000,65705772,65705772,65705772.0,,,,8526904.0,PG
"2,434",Flatliners,1990,26000000,61308153,61308153,61308153.0,,,,10034685.0,R
"2,435",Open Range,2003,26000000,58331254,68613992,58331254.0,10282738.0,68613992.0,,14047781.0,R
"2,436",Red Eye,2005,26000000,57891803,96666486,57891803.0,38774683.0,96666486.0,19743632.0,16167662.0,PG-13
"2,437",New Year’s Eve,2011,26000000,54544638,146850273,54544638.0,92305635.0,146850273.0,12652655.0,13019180.0,PG-13
"2,438",A Bridge Too Far,1977,26000000,50800000,50800000,50800000.0,,,,,PG
"2,439",Pain & Gain,2013,26000000,49875291,81275291,49875291.0,31400000.0,81275291.0,17296044.0,20244505.0,R
"2,440",Final Destination 2,2003,26000000,46896664,90396664,46896664.0,43500000.0,90396664.0,,16017141.0,R
"2,441","O Brother, Where Art Thou?",2000,26000000,45506619,75763814,45506619.0,30257195.0,75763814.0,,195104.0,PG-13
"2,442",In Good Company,2004,26000000,45489752,63463195,45489752.0,17973443.0,63463195.0,,151750.0,PG-13
"2,443",Legion,2010,26000000,40168080,67647574,40168080.0,27479494.0,67647574.0,25825679.0,17501625.0,R
"2,444",PAW Patrol: The Movie,2021,26000000,40127371,151403419,40127371.0,111276048.0,151403419.0,7599240.0,13148340.0,G
"2,445",Lawless,2012,26000000,37397291,54393687,37397291.0,16996396.0,54393687.0,25178901.0,10001982.0,R
"2,446",Clockstoppers,2002,26000000,36985501,38788828,36985501.0,1803327.0,38788828.0,,10108333.0,PG
"2,447",Silverado,1985,26000000,33200000,33200000,33200000.0,,,,3522897.0,PG-13
"2,448",Brothers,2009,26000000,28544157,45043870,28544157.0,16499713.0,45043870.0,13410787.0,9527848.0,R
"2,449",The Best of Me,2014,26000000,26766213,41059418,26766213.0,14293205.0,41059418.0,14712184.0,10003827.0,PG-13
"2,450",Agent Cody Banks 2: Destination London,2004,26000000,23514247,28703083,23514247.0,5188836.0,28703083.0,,8014005.0,PG
"2,451",Bad Santa 2,2016,26000000,17782176,23345113,17782176.0,5562937.0,23345113.0,2693215.0,6176680.0,R
"2,452",Original Sin,2001,26000000,16521410,16521410,16521410.0,,,,6402741.0,R
"2,453",The Raven,2012,26000000,16008272,30601801,16008272.0,14593529.0,30601801.0,5433560.0,7289642.0,R
"2,454",Welcome to Mooseport,2004,26000000,14469428,14494770,14469428.0,25342.0,14494770.0,,6775132.0,PG-13
"2,455",Highlander: The Final Dimension,1995,26000000,13738574,13738574,13738574.0,,,,5636435.0,PG-13
"2,456",Self/Less,2015,26000000,12279691,33667319,12279691.0,21387628.0,33667319.0,3305587.0,5403460.0,PG-13
"2,457",Motherless Brooklyn,2019,26000000,9277736,18577736,9277736.0,9300000.0,18577736.0,1898524.0,3500454.0,R
"2,458",The Curse of the Jade Scorpion,2001,26000000,7496522,18496522,7496522.0,11000000.0,18496522.0,,2459315.0,PG-13
"2,459",Judas and the Black Messiah,2021,26000000,5478009,7478009,5478009.0,2000000.0,7478009.0,1260545.0,2027076.0,R
"2,460",The Fifth Estate,2013,26000000,3254172,6154172,3254172.0,2900000.0,6154172.0,2334152.0,1673351.0,R
"2,461",Blood and Wine,1997,26000000,1083350,1083350,1083350.0,,,,420993.0,R
"2,462",Blood Ties,2013,26000000,42472,2923959,42472.0,2881487.0,2923959.0,267173.0,26912.0,R
"2,463",The Grimm Brothers' Snow White,1997,26000000,5000,5000,5000.0,,,,,PG-13
"2,464",Viy,2015,26000000,0,34246770,,34246770.0,34246770.0,,,Not Rated
"2,465",Accidental Love,2015,26000000,0,135436,,135436.0,135436.0,,,PG-13
"2,466",The Face of an Angel,2015,26000000,0,0,,,,,,Not Rated
"2,467",Flipper,1996,25530000,20080020,30593313,20080020.0,10513293.0,30593313.0,,4209525.0,PG
"2,468",The Constant Gardener,2005,25500000,33579798,86301599,33579798.0,52721801.0,86301599.0,20495647.0,8673803.0,R
"2,469",W.,2008,25100000,25534493,28575778,25534493.0,3041285.0,28575778.0,8603699.0,10505668.0,PG-13
"2,470",The Passion of the Christ,2004,25000000,370782930,622313635,370782930.0,251530705.0,622313635.0,,83848082.0,R
"2,471",Mrs. Doubtfire,1993,25000000,219195051,441286003,219195051.0,222090952.0,441286003.0,,20468847.0,PG-13
"2,472",Rain Man,1988,25000000,172825435,412800000,172825435.0,239974565.0,412800000.0,,7005719.0,R
"2,473",The Help,2011,25000000,169705587,213120004,169705587.0,43414417.0,213120004.0,122601631.0,26044590.0,PG-13
"2,474",Hidden Figures,2016,25000000,169607287,229477688,169607287.0,59870401.0,229477688.0,32784352.0,515499.0,PG
"2,475",It Ends With Us,2024,25000000,148518266,349722357,148518266.0,201204091.0,349722357.0,,50016652.0,PG-13
"2,476",Gran Torino,2008,25000000,148095302,274543085,148095302.0,126447783.0,274543085.0,66166985.0,271720.0,R
"2,477",Taken,2008,25000000,145000989,226941585,145000989.0,81940596.0,226941585.0,84842686.0,24717037.0,PG-13
"2,478",Ride Along,2014,25000000,134202565,153733800,134202565.0,19531235.0,153733800.0,32230701.0,41516170.0,PG-13
"2,479",The Bodyguard,1992,25000000,122006740,411006740,122006740.0,289000000.0,411006740.0,,16611793.0,R
"2,480",Schindler’s List,1993,25000000,96898818,322197130,96898818.0,225298312.0,322197130.0,,656636.0,R
"2,481","Legally Blonde 2: Red, White & Blonde",2003,25000000,90639088,125339088,90639088.0,34700000.0,125339088.0,,22220670.0,PG-13
"2,482",Anyone But You,2023,25000000,88319668,219819668,88319668.0,131500000.0,219819668.0,,6000344.0,R
"2,483",Scooby-Doo 2: Monsters Unleashed,2004,25000000,84185387,180856996,84185387.0,96671609.0,180856996.0,,29438331.0,PG
"2,484",Anchorman: The Legend of Ron Burgundy,2004,25000000,84136909,89476265,84136909.0,5339356.0,89476265.0,,28416365.0,PG-13
"2,485",Up in the Air,2009,25000000,83823381,166842739,83823381.0,83019358.0,166842739.0,22920226.0,1181450.0,R
"2,486",Freddy vs. Jason,2003,25000000,82622655,114576403,82622655.0,31953748.0,114576403.0,,36428066.0,R
"2,487",Bridge to Terabithia,2007,25000000,82234139,137984788,82234139.0,55750649.0,137984788.0,44096362.0,22564612.0,PG
"2,488",Jimmy Neutron: Boy Genius,2001,25000000,80936232,102992536,80936232.0,22056304.0,102992536.0,,13832786.0,G
"2,489",Cloverfield,2008,25000000,80048433,171302226,80048433.0,91253793.0,171302226.0,29977856.0,40058229.0,PG-13
"2,490",Dear John,2010,25000000,80014842,142033509,80014842.0,62018667.0,142033509.0,33606143.0,30468614.0,PG-13
"2,491",Teenage Mutant Ninja Turtles II: The Secret of …,1991,25000000,78656813,78656813,78656813.0,,,,20030473.0,PG
"2,492",Parental Guidance,2012,25000000,77267296,120832383,77267296.0,43565087.0,120832383.0,13993668.0,14554053.0,PG
"2,493",Everything Everywhere All At Once,2022,25000000,77169474,111478881,77169474.0,34309407.0,111478881.0,15316401.0,501305.0,R
"2,494",The Untouchables,1987,25000000,76270454,76271995,76270454.0,1541.0,76271995.0,499598.0,10023094.0,R
"2,495",No Country for Old Men,2007,25000000,74273505,164035753,74273505.0,89762248.0,164035753.0,54350778.0,1226333.0,R
"2,496",Bridget Jones's Diary,2001,25000000,71500556,272595053,71500556.0,201094497.0,272595053.0,,10733933.0,R
"2,497",Chocolat,2000,25000000,71309760,152500343,71309760.0,81190583.0,152500343.0,,157624.0,PG-13
"2,498",No Strings Attached,2011,25000000,70662220,149228078,70662220.0,78565858.0,149228078.0,16815595.0,19652921.0,R
"2,499",Contraband,2012,25000000,66528000,98406855,66528000.0,31878855.0,98406855.0,24947330.0,24349815.0,R
"2,500",A Dog’s Purpose,2017,25000000,64321890,203055427,64321890.0,138733537.0,203055427.0,19572252.0,18222810.0,PG
"2,501",The Lucky One,2012,25000000,60457138,96633833,60457138.0,36176695.0,96633833.0,31519143.0,22518358.0,PG-13
"2,502",Tombstone,1993,25000000,56505065,56505065,56505065.0,,,,8720255.0,R
"2,503",Romeo Must Die,2000,25000000,55973336,91036760,55973336.0,35063424.0,91036760.0,,18014503.0,R
"2,504",The Omen,2006,25000000,54607383,119295584,54607383.0,64688201.0,119295584.0,10687822.0,16026496.0,R
"2,505",Final Destination 3,2006,25000000,54098051,112798051,54098051.0,58700000.0,112798051.0,18884602.0,19173094.0,R
"2,506",Madea’s Big Happy Family,2011,25000000,53345287,54160818,53345287.0,815531.0,54160818.0,13640735.0,25068677.0,PG-13
"2,507",Tyler Perry's A Madea Christmas,2013,25000000,52543354,52543354,52543354.0,,,18039189.0,16007634.0,PG-13
"2,508",Finding Neverland,2004,25000000,51676606,115036108,51676606.0,63359502.0,115036108.0,,220524.0,PG
"2,509",The Grey,2012,25000000,51580136,81249176,51580136.0,29669040.0,81249176.0,21589536.0,19665101.0,R
"2,510",Hide and Seek,2005,25000000,51100486,123696741,51100486.0,72596255.0,123696741.0,,21959233.0,R
"2,511",Cobra,1986,25000000,49042224,49042224,49042224.0,,,,15652147.0,R
"2,512",The House Bunny,2008,25000000,48237389,71390601,48237389.0,23153212.0,71390601.0,17095513.0,14533702.0,PG-13
"2,513",Agent Cody Banks,2003,25000000,47545060,58240458,47545060.0,10695398.0,58240458.0,,14064317.0,PG
"2,514",Nanny McPhee,2006,25000000,47279279,128745578,47279279.0,81466299.0,128745578.0,43926115.0,14503650.0,PG
"2,515",Goodfellas,1990,25000000,46743809,47103483,46743809.0,359674.0,47103483.0,,6368901.0,R
"2,516",Scarface,1983,25000000,45227398,45233082,45227398.0,5684.0,45233082.0,,4597536.0,R
"2,517",The Giver,2014,25000000,45090374,66540205,45090374.0,21449831.0,66540205.0,11228018.0,12305016.0,PG-13
"2,518",Nothing To Lose,1997,25000000,44480039,64594061,44480039.0,20114022.0,64594061.0,,11617767.0,R
"2,519",The Last Emperor,1987,25000000,43984987,44005435,43984987.0,20448.0,44005435.0,,,PG-13
"2,520",The Night Before,2015,25000000,43035725,52568099,43035725.0,9532374.0,52568099.0,5694685.0,9880536.0,R
"2,521",The Beverly Hillbillies,1993,25000000,42222647,55598481,42222647.0,13375834.0,55598481.0,,9525375.0,PG
"2,522",The Hours,2002,25000000,41675994,97030468,41675994.0,55354474.0,97030468.0,,338622.0,PG-13
"2,523",Money Talks,1997,25000000,41076865,41076865,41076865.0,,,,10654369.0,R
"2,524",There Will Be Blood,2007,25000000,40222514,77186081,40222514.0,36963567.0,77186081.0,24876586.0,190739.0,R
"2,525",The Wild Thornberrys Movie,2002,25000000,40108697,60694737,40108697.0,20586040.0,60694737.0,,6013847.0,PG
"2,526",Rugrats Go Wild,2003,25000000,39402572,55443032,39402572.0,16040460.0,55443032.0,,11556869.0,PG
"2,527",The Sisterhood of the Traveling Pants,2005,25000000,39053061,41560117,39053061.0,2507056.0,41560117.0,,9833340.0,PG
"2,528",Undercover Brother,2002,25000000,38230435,40796145,38230435.0,2565710.0,40796145.0,,12037685.0,PG-13
"2,529",August: Osage County,2013,25000000,37738810,50738810,37738810.0,13000000.0,50738810.0,9907387.0,179302.0,R
"2,530",Kiss of the Dragon,2001,25000000,36833473,36833473,36833473.0,,,,13304027.0,R
"2,531",Million Dollar Arm,2014,25000000,36447959,39217912,36447959.0,2769953.0,39217912.0,6064390.0,10515659.0,PG
"2,532",Beauty Shop,2005,25000000,36351350,38351350,36351350.0,2000000.0,38351350.0,,12801465.0,PG-13
"2,533",Just Mercy,2019,25000000,36001502,50901502,36001502.0,14900000.0,50901502.0,4851763.0,107858.0,PG-13
"2,534",What a Girl Wants,2003,25000000,35990505,37216643,35990505.0,1226138.0,37216643.0,,11434964.0,PG
"2,535",Jeepers Creepers 2,2003,25000000,35623801,119923801,35623801.0,84300000.0,119923801.0,,15269324.0,R
"2,536",Peppermint,2018,25000000,35418723,51800758,35418723.0,16382035.0,51800758.0,13253728.0,13423255.0,R
"2,537",Good Luck Chuck,2007,25000000,35017297,60709968,35017297.0,25692671.0,60709968.0,27107835.0,13652001.0,R
"2,538",Cradle 2 the Grave,2003,25000000,34657731,56434942,34657731.0,21777211.0,56434942.0,,16521486.0,R
"2,539",She’s the Man,2006,25000000,33889159,55279608,33889159.0,21390449.0,55279608.0,35268722.0,10730372.0,PG-13
"2,540",The Gambler,2014,25000000,33680992,38718031,33680992.0,5037039.0,38718031.0,5104000.0,,R
"2,541",Mr. Bean’s Holiday,2007,25000000,33302167,234981342,33302167.0,201679175.0,234981342.0,29484715.0,9889780.0,G
"2,542",Mother’s Day,2016,25000000,32492859,52367022,32492859.0,19874163.0,52367022.0,5518736.0,8369184.0,PG-13
"2,543",Bride of Chucky,1998,25000000,32404188,50692188,32404188.0,18288000.0,50692188.0,,11830855.0,R
"2,544",Fist Fight,2017,25000000,32187017,40286416,32187017.0,8099399.0,40286416.0,7103537.0,12201873.0,R
"2,545",August Rush,2007,25000000,31664162,64605762,31664162.0,32941600.0,64605762.0,24982749.0,9421369.0,PG
"2,546",Anacondas: The Hunt for the Blood Orchid,2004,25000000,31526393,70326393,31526393.0,38800000.0,70326393.0,,12812287.0,PG-13
"2,547",The Sitter,2011,25000000,30542576,38749404,30542576.0,8206828.0,38749404.0,10966533.0,9851435.0,R
"2,548",Elizabeth,1998,25000000,30082699,82150642,30082699.0,52067943.0,82150642.0,,275131.0,R
"2,549",Tora! Tora! Tora!,1970,25000000,29548291,29548291,29548291.0,,,,,G
"2,550",Reagan,2024,25000000,29397140,29442089,29397140.0,44949.0,29442089.0,,7650720.0,PG-13
"2,551",Spice World,1998,25000000,29342592,56042592,29342592.0,26700000.0,56042592.0,,10527222.0,PG
"2,552",Draft Day,2014,25000000,28842237,29847480,28842237.0,1005243.0,29847480.0,12156229.0,9783603.0,PG-13
"2,553",The Shawshank Redemption,1994,25000000,28313053,28784937,28313053.0,471884.0,28784937.0,,727327.0,R
"2,554",Rings,2017,25000000,27793018,82917283,27793018.0,55124265.0,82917283.0,2487360.0,13002632.0,PG-13
"2,555",Dance Flick,2009,25000000,25794018,32224624,25794018.0,6430606.0,32224624.0,,10643536.0,PG-13
"2,556",Crocodile Dundee in Los Angeles,2001,25000000,25590119,39393111,25590119.0,13802992.0,39393111.0,,7714362.0,PG
"2,557",Kingpin,1996,25000000,25023424,32223424,25023424.0,7200000.0,32223424.0,,5582079.0,R
"2,558",Ice Princess,2005,25000000,24381334,25732334,24381334.0,1351000.0,25732334.0,,6807471.0,G
"2,559",Don't Be Afraid of the Dark,2011,25000000,24046682,39126427,24046682.0,15079745.0,39126427.0,6320396.0,8525728.0,R
"2,560",The Losers,2010,25000000,23591432,29863840,23591432.0,6272408.0,29863840.0,14890223.0,9406348.0,PG-13
"2,561",Fighting,2009,25000000,23091010,32831707,23091010.0,9740697.0,32831707.0,16971965.0,11024370.0,PG-13
"2,562",War,2007,25000000,22486409,40686409,22486409.0,18200000.0,40686409.0,28047550.0,9820089.0,R
"2,563",Don Juan DeMarco,1995,25000000,22032635,22032635,22032635.0,,,,4556274.0,PG-13
"2,564",A Lot Like Love,2005,25000000,21835784,41921590,21835784.0,20085806.0,41921590.0,,7576593.0,PG-13
"2,565",He Got Game,1998,25000000,21567853,22411948,21567853.0,844095.0,22411948.0,,7610663.0,R
"2,566",The Eagle,2011,25000000,19490041,38993548,19490041.0,19503507.0,38993548.0,8085898.0,8684464.0,PG-13
"2,567",Shaun the Sheep,2015,25000000,19375982,101850986,19375982.0,82475004.0,101850986.0,2974005.0,4038962.0,PG
"2,568",Shark Night 3D,2011,25000000,18877153,18877153,18877153.0,,,4288137.0,8404260.0,PG-13
"2,569",CHiPS,2017,25000000,18600152,23190292,18600152.0,4590140.0,23190292.0,8523263.0,7722802.0,R
"2,570",Punch-Drunk Love,2002,25000000,17791031,24591031,17791031.0,6800000.0,24591031.0,,367203.0,R
"2,571",Eurotrip,2004,25000000,17718223,20718223,17718223.0,3000000.0,20718223.0,,6711384.0,R
"2,572",Father Figures,2017,25000000,17501244,21038441,17501244.0,3537197.0,21038441.0,2913705.0,3287451.0,R
"2,573",The Ruins,2008,25000000,17432844,22910563,17432844.0,5477719.0,22910563.0,10916133.0,8003421.0,R
"2,574",Masterminds,2016,25000000,17356894,30850666,17356894.0,13493772.0,30850666.0,2540368.0,6541205.0,PG-13
"2,575",Resident Evil: Welcome to Raccoon City,2021,25000000,17000612,41909091,17000612.0,24908479.0,41909091.0,3750941.0,5319280.0,R
"2,576",The Counselor,2013,25000000,16973715,71009334,16973715.0,54035619.0,71009334.0,7185797.0,7842930.0,R
"2,577",Unaccompanied Minors,2006,25000000,16655224,21970831,16655224.0,5315607.0,21970831.0,7709662.0,5815474.0,PG
"2,578",Mary Queen of Scots,2018,25000000,16648499,48481754,16648499.0,31833255.0,48481754.0,1807531.0,194777.0,R
"2,579","Bright Lights, Big City",1988,25000000,16118077,16118077,16118077.0,,,,5126791.0,R
"2,580",Half Past Dead,2002,25000000,15567860,19233280,15567860.0,3665420.0,19233280.0,,7820536.0,PG-13
"2,581",Legend,1986,25000000,15502112,23506237,15502112.0,8004125.0,23506237.0,,4261154.0,PG
"2,582",The Adventures of Pinocchio,1996,25000000,15382170,36682170,15382170.0,21300000.0,36682170.0,,3832551.0,G
"2,583",The Greatest Game Ever Played,2005,25000000,15331289,15468266,15331289.0,136977.0,15468266.0,40926859.0,3657322.0,PG
"2,584",The Box,2009,25000000,15051977,34356760,15051977.0,19304783.0,34356760.0,4948347.0,7571417.0,PG-13
"2,585",The Next Best Thing,2000,25000000,14983572,24355762,14983572.0,9372190.0,24355762.0,,5870387.0,PG-13
"2,586",My Soul to Take,2010,25000000,14744435,16727470,14744435.0,1983035.0,16727470.0,6396664.0,6842220.0,R
"2,587",The Girl Next Door,2004,25000000,14589444,31635150,14589444.0,17045706.0,31635150.0,,6003806.0,R
"2,588",Fly Me To the Moon,2008,25000000,14543943,43530281,14543943.0,28986338.0,43530281.0,,1900523.0,G
"2,589",Maximum Risk,1996,25000000,14102929,51702929,14102929.0,37600000.0,51702929.0,,5612707.0,R
"2,590",Stealing Harvard,2002,25000000,13973532,13973532,13973532.0,,,,6041521.0,PG-13
"2,591",Hot Rod,2007,25000000,13938332,14371564,13938332.0,433232.0,14371564.0,25807366.0,5310711.0,PG-13
"2,592",Flight Risk,2025,25000000,13885657,15607173,13885657.0,1721516.0,15607173.0,,11583488.0,R
"2,593",Warrior,2011,25000000,13657115,24215385,13657115.0,10558270.0,24215385.0,19610263.0,5242107.0,PG-13
"2,594",Angela's Ashes,1999,25000000,13038660,13038660,13038660.0,,,,54628.0,R
"2,595",Battle of the Sexes,2017,25000000,12638526,18445379,12638526.0,5806853.0,18445379.0,,518332.0,PG-13
"2,596",Cirque du Soleil: Worlds Away,2012,25000000,12512862,34153101,12512862.0,21640239.0,34153101.0,4595416.0,2282368.0,PG
"2,597",The 33,2015,25000000,12227722,28287489,12227722.0,16059767.0,28287489.0,3615736.0,5787266.0,PG-13
"2,598",Lifeforce,1985,25000000,11603545,11603545,11603545.0,,,,4209136.0,R
"2,599",The Conspirator,2011,25000000,11538204,15907411,11538204.0,4369207.0,15907411.0,4313440.0,3506602.0,PG-13
"2,600",The Powerpuff Girls,2002,25000000,11411644,16425701,11411644.0,5014057.0,16425701.0,,3583114.0,PG
"2,601",Michael Collins,1996,25000000,11317898,27798183,11317898.0,16480285.0,27798183.0,,221736.0,R
"2,602",Lords of Dogtown,2005,25000000,11273517,13424365,11273517.0,2150848.0,13424365.0,,5623373.0,PG-13
"2,603",Big Trouble in Little China,1986,25000000,11100000,11208967,11100000.0,108967.0,11208967.0,,2723211.0,PG-13
"2,604",Stop-Loss,2008,25000000,10915744,11229035,10915744.0,313291.0,11229035.0,5324244.0,4555117.0,R
"2,605",Gettysburg,1993,25000000,10731997,10731997,10731997.0,,,,,PG
"2,606",Abandon,2002,25000000,10719367,12219367,10719367.0,1500000.0,12219367.0,,5064077.0,PG-13
"2,607",Straw Dogs,2011,25000000,10324441,11253821,10324441.0,929380.0,11253821.0,19310847.0,5123760.0,R
"2,608",Brokedown Palace,1999,25000000,10115014,11115766,10115014.0,1000752.0,11115766.0,,3871616.0,PG-13
"2,609",Possession,2002,25000000,10103647,14805812,10103647.0,4702165.0,14805812.0,,1575214.0,PG-13
"2,610",Mrs. Winterbourne,1996,25000000,10039566,10039566,10039566.0,,,,3872900.0,PG-13
"2,611",Stone Cold,1991,25000000,9286314,9286314,9286314.0,,,221287.0,2811154.0,R
"2,612",Serenity,2019,25000000,8547045,13008804,8547045.0,4461759.0,13008804.0,1748247.0,4415403.0,R
"2,613",The Road,2009,25000000,8114270,29206732,8114270.0,21092462.0,29206732.0,12371750.0,1502231.0,R
"2,614",Beautiful Boy,2018,25000000,7634767,17326032,7634767.0,9691265.0,17326032.0,,218888.0,R
"2,615",The Hoax,2007,25000000,7164995,7164995,7164995.0,,,,1449320.0,R
"2,616",A Journal for Jordan,2021,25000000,6545174,6682685,6545174.0,137511.0,6682685.0,376627.0,1211089.0,PG-13
"2,617",Captive State,2019,25000000,5958315,9363210,5958315.0,3404895.0,9363210.0,,3131525.0,PG-13
"2,618",Sheena,1984,25000000,5778353,5778353,5778353.0,,,,2950114.0,
"2,619",Suburbicon,2017,25000000,5775178,15521619,5775178.0,9746441.0,15521619.0,1032010.0,2840246.0,R
"2,620",Underclassman,2005,25000000,5654777,5654777,5654777.0,,,105206.0,2525364.0,PG-13
"2,621",Say It Isn't So,2001,25000000,5516708,5516708,5516708.0,,,,2861903.0,R
"2,622",The World's Fastest Indian,2005,25000000,5128124,18991288,5128124.0,13863164.0,18991288.0,7463074.0,400782.0,PG-13
"2,623",Deception,2008,25000000,4598506,12850033,4598506.0,8251527.0,12850033.0,3067159.0,2312146.0,R
"2,624",Tank Girl,1995,25000000,4064333,4064333,4064333.0,,,332582.0,,R
"2,625",King's Ransom,2005,25000000,4008527,4049527,4008527.0,41000.0,4049527.0,,2137685.0,PG-13
"2,626",Bill & Ted Face the Music,2020,25000000,3439660,6255630,3439660.0,2815970.0,6255630.0,2523949.0,1125007.0,PG-13
"2,627",Blindness,2008,25000000,3073392,20052958,3073392.0,16979566.0,20052958.0,,1950260.0,R
"2,628",Sgt. Stubby: An American Hero,2018,25000000,3054285,3823620,3054285.0,769335.0,3823620.0,291239.0,1164403.0,PG
"2,629",Carnage,2011,25000000,2546747,38112154,2546747.0,35565407.0,38112154.0,,79795.0,R
"2,630",Tulip Fever,2017,25000000,2455635,6792768,2455635.0,4337133.0,6792768.0,,1158017.0,R
"2,631",BloodRayne,2006,25000000,2405420,3711633,2405420.0,1306213.0,3711633.0,11265272.0,1550000.0,R
"2,632",Legend,2015,25000000,1872994,42280444,1872994.0,40407450.0,42280444.0,2152552.0,86836.0,R
"2,633",Bad Lieutenant: Port of Call New Orleans,2009,25000000,1702112,12413949,1702112.0,10711837.0,12413949.0,6589642.0,245398.0,R
"2,634",Jane Got a Gun,2015,25000000,1513793,3771345,1513793.0,2257552.0,3771345.0,1807671.0,835572.0,R
"2,635",Me and Orson Welles,2009,25000000,1190003,1190003,1190003.0,,,,63638.0,PG-13
"2,636",All My Life,2020,25000000,913935,2024063,913935.0,1110128.0,2024063.0,,370315.0,PG-13
"2,637",Venom,2005,25000000,881745,881745,881745.0,,,,519489.0,R
"2,638",Where the Truth Lies,2005,25000000,872142,1415656,872142.0,543514.0,1415656.0,,139542.0,"Not Rated(originally rated NC-17, rating surrendered)"
"2,639",Without Limits,1998,25000000,780326,780326,780326.0,,,,56180.0,PG-13
"2,640",On the Road,2012,25000000,720828,9313302,720828.0,8592474.0,9313302.0,1454789.0,39550.0,R
"2,641",Les petits mouchoirs,2012,25000000,205505,48530887,205505.0,48325382.0,48530887.0,,25654.0,Not Rated
"2,642",Love Ranch,2010,25000000,137885,146149,137885.0,8264.0,146149.0,,44220.0,R
"2,643",Yi ge ren de wu lin,2015,25000000,129115,129115,129115.0,,,2021664.0,58664.0,Not Rated
"2,644",Mutant Chronicles,2009,25000000,6820,6820,6820.0,,,601531.0,4724.0,R
"2,647",Belka i Strelka. Zvezdnye sobaki,2010,25000000,0,9445081,,9445081.0,9445081.0,,,G
"2,648",La véritable histoire du Chat Botté,2011,25000000,0,8208594,,8208594.0,8208594.0,,,G
"2,649",The Professor and the Madman,2019,25000000,0,6353847,,6353847.0,6353847.0,,,
"2,650",Ironclad,2011,25000000,0,5297411,,5297411.0,5297411.0,,,R
"2,651",Red Sky,2014,25000000,0,91116,,91116.0,91116.0,67994.0,,PG-13
"2,652",Waterloo,1970,25000000,0,0,,,,,,
"2,653",The Adventurer: The Curse of the Midas Box,2014,25000000,0,0,,,,824509.0,,PG
"2,655",Dangerous Liaisons,2012,24200000,17000,10447579,17000.0,10430579.0,10447579.0,,17000.0,Not Rated
"2,656",Star Trek IV: The Voyage Home,1986,24000000,109713132,133000000,109713132.0,23286868.0,133000000.0,,16881888.0,PG
"2,657",Scream 2,1997,24000000,101363301,172363301,101363301.0,71000000.0,172363301.0,,32926342.0,R
"2,658",The Addams Family,2019,24000000,97864733,200588546,97864733.0,102723813.0,200588546.0,11130770.0,30300007.0,PG
"2,659",Where the Crawdads Sing,2022,24000000,90230760,144353965,90230760.0,54123205.0,144353965.0,6996285.0,17253227.0,PG-13
"2,660",Scream,2022,24000000,81641405,138874789,81641405.0,57233384.0,138874789.0,5118456.0,30018805.0,R
"2,661",Old School,2003,24000000,75155000,86737464,75155000.0,11582464.0,86737464.0,,17453216.0,R
"2,662",Rocky Balboa,2006,24000000,70269899,156229050,70269899.0,85959151.0,156229050.0,34759107.0,12158168.0,PG
"2,663",Think Like a Man Too,2014,24000000,65028687,70027933,65028687.0,4999246.0,70027933.0,5028829.0,29241911.0,PG-13
"2,664",Fences,2016,24000000,57682904,64282881,57682904.0,6599977.0,64282881.0,7929033.0,129462.0,PG-13
"2,665",The Whole Nine Yards,2000,24000000,57262492,85527867,57262492.0,28265375.0,85527867.0,,15915676.0,R
"2,666",Footloose,2011,24000000,51802742,62989834,51802742.0,11187092.0,62989834.0,17627254.0,15556113.0,PG-13
"2,667",Going in Style,2017,24000000,45018541,80812424,45018541.0,35793883.0,80812424.0,8360860.0,11932330.0,PG-13
"2,668",Point Break,1991,24000000,43218387,83531958,43218387.0,40313571.0,83531958.0,,8514616.0,R
"2,669",The Fisher King,1991,24000000,41798224,41798224,41798224.0,,,286675.0,,R
"2,670",I Still Know What You Did Last Summer,1998,24000000,40020622,40020622,40020622.0,,,,16520038.0,R
"2,671",Hitman,2007,24000000,39687694,99135571,39687694.0,59447877.0,99135571.0,29256083.0,13180769.0,R
"2,672","Hello, Dolly",1969,24000000,33208099,33208213,33208099.0,114.0,33208213.0,,,G
"2,673",Return to Me,2000,24000000,32662299,32662299,32662299.0,,,,7820836.0,PG
"2,674",The Men Who Stare at Goats,2009,24000000,32428195,67348218,32428195.0,34920023.0,67348218.0,11979381.0,12706654.0,R
"2,675",Zack and Miri Make a Porno,2008,24000000,31457946,36856306,31457946.0,5398360.0,36856306.0,22854184.0,10065630.0,R
"2,676",Double Take,2001,24000000,29823162,29823162,29823162.0,,,,11736236.0,PG-13
"2,677","Girl, Interrupted",1999,24000000,28871190,48308749,28871190.0,19437559.0,48308749.0,,95399.0,R
"2,678",Nurse Betty,2000,24000000,25170054,27732366,25170054.0,2562312.0,27732366.0,,7145950.0,R
"2,679",Piranha 3D,2010,24000000,25003155,83660160,25003155.0,58657005.0,83660160.0,10588025.0,10106872.0,R
"2,680",Faster,2010,24000000,23240020,35792945,23240020.0,12552925.0,35792945.0,17833232.0,8523153.0,R
"2,681",Lock Up,1989,24000000,22099847,22099847,22099847.0,,,,6025520.0,R
"2,682",The Wiz,1978,24000000,22000000,22000000,22000000.0,,,,,G
"2,683",Win a Date with Tad Hamilton!,2004,24000000,16980098,17589829,16980098.0,609731.0,17589829.0,,7320066.0,PG-13
"2,684",Muppets From Space,1999,24000000,16304786,16304786,16304786.0,,,,4826049.0,G
"2,685",Ready to Rumble,2000,24000000,12372410,12372410,12372410.0,,,,5257778.0,PG-13
"2,686",Foxcatcher,2014,24000000,12096300,19303058,12096300.0,7206758.0,19303058.0,3012959.0,270877.0,R
"2,687",I Don't Know How She Does It,2011,24000000,9659074,24474463,9659074.0,14815389.0,24474463.0,3963950.0,4402201.0,PG-13
"2,688",Play it to the Bone,1999,24000000,8427204,8427204,8427204.0,,,,3366.0,R
"2,689",Dhoom 3,2013,24000000,8031955,70224912,8031955.0,62192957.0,70224912.0,,,Not Rated
"2,690",Howl’s Moving Castle (ハウルの動く城),2004,24000000,7095145,239862616,7095145.0,232767471.0,239862616.0,,427987.0,PG
"2,691",Beyond the Sea,2004,24000000,6144806,8292914,6144806.0,2148108.0,8292914.0,,45264.0,PG-13
"2,692",Meet the Deedles,1998,24000000,4356126,4356126,4356126.0,,,,2006751.0,PG
"2,693",The Thief and the Cobbler,1995,24000000,669276,669276,669276.0,,,,319723.0,G
"2,694",The Bridge of San Luis Rey,2005,24000000,49981,1696765,49981.0,1646784.0,1696765.0,,21281.0,PG
"2,696",Annaatthe,2021,24000000,0,447432,,447432.0,447432.0,,,
"2,697",Zombieland,2009,23600000,75590286,102236596,75590286.0,26646310.0,102236596.0,54035606.0,24733155.0,R
"2,698",Star Wars Ep. V: The Empire Strikes Back,1980,23000000,291738960,549001086,291738960.0,257262126.0,549001086.0,4755796.0,4910483.0,PG
"2,699",The Waterboy,1998,23000000,161491646,190191646,161491646.0,28700000.0,190191646.0,,39414071.0,PG-13
"2,700",The Naked Gun 2½: The Smell of Fear,1991,23000000,86930411,86930411,86930411.0,,,17557.0,20817139.0,PG-13
"2,701",Green Book,2018,23000000,85080171,319995019,85080171.0,234914848.0,319995019.0,7627455.0,320429.0,PG-13
"2,702",Dangerous Minds,1995,23000000,84919401,178919401,84919401.0,94000000.0,178919401.0,,14931503.0,R
"2,703",Bad Boys,1995,23000000,65647413,141247413,65647413.0,75600000.0,141247413.0,,15523358.0,R
"2,704",The Wedding Ringer,2015,23000000,64460211,80171596,64460211.0,15711385.0,80171596.0,6804544.0,20649306.0,R
"2,705",Final Destination,2000,23000000,53302314,112036870,53302314.0,58734556.0,112036870.0,,10015822.0,R
"2,706",King Kong,1976,23000000,52614445,90614445,52614445.0,38000000.0,90614445.0,,7023921.0,PG
"2,707",The Crow,1994,23000000,50638075,52295730,50638075.0,1657655.0,52295730.0,,11774332.0,R
"2,708",The Ides of March,2011,23000000,40962534,77735925,40962534.0,36773391.0,77735925.0,10150254.0,10470143.0,R
"2,709",Pitch Black,2000,23000000,39235088,53182088,39235088.0,13947000.0,53182088.0,,14015741.0,R
"2,710",The Hate U Give,2018,23000000,29719483,35067665,29719483.0,5348182.0,35067665.0,4738443.0,512035.0,PG-13
"2,711",Someone Like You,2001,23000000,27338033,38684906,27338033.0,11346873.0,38684906.0,,10010600.0,PG-13
"2,712",Her,2014,23000000,25568251,48038809,25568251.0,22470558.0,48038809.0,6757685.0,260382.0,R
"2,713",Marry Me,2022,23000000,22438180,48774993,22438180.0,26336813.0,48774993.0,1096974.0,7949980.0,PG-13
"2,714",Joy Ride,2001,23000000,21973182,22204890,21973182.0,231708.0,22204890.0,,7347259.0,R
"2,715",Jaws 4: The Revenge,1987,23000000,20763013,51881013,20763013.0,31118000.0,51881013.0,,7154890.0,PG-13
"2,716",Arrietty (借りぐらしのアリエッティ),2012,23000000,19192510,151496097,19192510.0,132303587.0,151496097.0,24861545.0,6446395.0,G
"2,717",Haywire,2012,23000000,18942396,36374700,18942396.0,17432304.0,36374700.0,9497388.0,8425370.0,R
"2,718",Anywhere But Here,1999,23000000,18653615,18653615,18653615.0,,,,5607137.0,PG-13
"2,719",Vanity Fair,2004,23000000,16123851,19123851,16123851.0,3000000.0,19123851.0,,4833900.0,PG-13
"2,720",Eddie the Eagle,2016,23000000,15789389,45032437,15789389.0,29243048.0,45032437.0,2901929.0,6084682.0,PG-13
"2,721",The Marksman,2021,23000000,15566093,23855847,15566093.0,8289754.0,23855847.0,6501915.0,3104204.0,PG-13
"2,722",The Way Back,2020,23000000,13590514,15490514,13590514.0,1900000.0,15490514.0,2995210.0,8170315.0,R
"2,723",The Crew,2000,23000000,13019253,13019253,13019253.0,,,,4051921.0,PG-13
"2,724",Marvin's Room,1996,23000000,12803305,12803305,12803305.0,,,,59739.0,PG-13
"2,725",Chasing Liberty,2004,23000000,12189514,12291975,12189514.0,102461.0,12291975.0,,6081483.0,PG-13
"2,726",The Longshots,2008,23000000,11511323,11778396,11511323.0,267073.0,11778396.0,11199402.0,4080687.0,PG
"2,727",The End of the Affair,1999,23000000,10660147,10660147,10660147.0,,,,198535.0,R
"2,728",Harley Davidson and the Marlboro Man,1991,23000000,7018525,7018525,7018525.0,,,,2200549.0,R
"2,729",In the Valley of Elah,2007,23000000,6777741,24489150,6777741.0,17711409.0,24489150.0,3591301.0,133557.0,R
"2,730",Coco avant Chanel,2009,23000000,6113834,50813834,6113834.0,44700000.0,50813834.0,,177339.0,PG-13
"2,731",Chéri,2009,23000000,2715657,2715657,2715657.0,,,,405701.0,R
"2,732",Redemption,2013,23000000,36686,13593473,36686.0,13556787.0,13593473.0,2073839.0,19768.0,R
"2,733",Rogue,2008,23000000,10452,4673377,10452.0,4662925.0,4673377.0,3748519.0,7711.0,R
"2,734",Chāi dàn zhuānjiā,2017,23000000,0,58807172,,58807172.0,58807172.0,24116.0,,Not Rated
"2,735",Shi Yue Wei Cheng,2010,23000000,0,44195779,,44195779.0,44195779.0,,,
"2,736",Spaceballs,1987,22700000,38119483,38119483,38119483.0,,,,6613837.0,PG
"2,737",1408,2007,22500000,71985628,131263370,71985628.0,59277742.0,131263370.0,50971740.0,20617667.0,R
"2,738",Nocturnal Animals,2016,22500000,10663357,32398681,10663357.0,21735324.0,32398681.0,2650850.0,492648.0,R
"2,739",The Water Diviner,2014,22500000,4200117,35400117,4200117.0,31200000.0,35400117.0,2584149.0,1220335.0,R
"2,740",Jeanne du Barry,2023,22400000,0,7267208,,7267208.0,7267208.0,,,
"2,741",Ghost,1990,22000000,217631306,517599988,217631306.0,299968682.0,517599988.0,,12191373.0,PG-13
"2,742",There's Something About Mary,1998,22000000,176484651,369884651,176484651.0,193400000.0,369884651.0,,13740644.0,R
"2,743",The Santa Clause,1994,22000000,145539357,190506000,145539357.0,44966643.0,190506000.0,,19321992.0,PG
"2,744",The Nun,2018,22000000,117450119,362900037,117450119.0,245449918.0,362900037.0,8514477.0,53807379.0,R
"2,745",The Game Plan,2007,22000000,90648202,146590987,90648202.0,55942785.0,146590987.0,52107471.0,22950971.0,PG
"2,746",The Rookie,2002,22000000,75600072,80491516,75600072.0,4891444.0,80491516.0,,16021684.0,G
"2,747",The Bridges of Madison County,1995,22000000,71516617,175516617,71516617.0,104000000.0,175516617.0,,10519257.0,PG-13
"2,748",Staying Alive,1983,22000000,63841474,126041474,63841474.0,62200000.0,126041474.0,,12146143.0,PG
"2,749",Son of God,2014,22000000,59700064,70949793,59700064.0,11249729.0,70949793.0,14809759.0,25601865.0,PG-13
"2,750",The Animal,2001,22000000,55762229,55762229,55762229.0,,,,19610520.0,PG-13
"2,751",The Hundred-Foot Journey,2014,22000000,54235441,94270488,54235441.0,40035047.0,94270488.0,22325072.0,10979290.0,PG
"2,752",Gandhi,1982,22000000,52767889,127767889,52767889.0,75000000.0,127767889.0,,131153.0,PG
"2,753",Underworld,2003,22000000,51970690,95708457,51970690.0,43737767.0,95708457.0,,21753759.0,R
"2,754",The Net,1995,22000000,50621733,110521733,50621733.0,59900000.0,110521733.0,,10037745.0,PG-13
"2,755",Diary of a Wimpy Kid: Dog Days,2012,22000000,49008662,77229695,49008662.0,28221033.0,77229695.0,21661947.0,14623599.0,PG
"2,756",I Am Sam,2001,22000000,40270895,92542418,40270895.0,52271523.0,92542418.0,,41779.0,PG-13
"2,757",The Gentlemen,2019,22000000,36471796,113152222,36471796.0,76680426.0,113152222.0,5053681.0,10651884.0,R
"2,758",Derailed,2005,22000000,36020063,57520063,36020063.0,21500000.0,57520063.0,28320761.0,12211986.0,R
"2,759",The Informant!,2009,22000000,33316821,41771168,33316821.0,8454347.0,41771168.0,8239908.0,10464314.0,R
"2,760",Delivery Man,2013,22000000,30659817,55616322,30659817.0,24956505.0,55616322.0,7425914.0,7944977.0,PG-13
"2,761","Hail, Caesar!",2016,22000000,30080225,64220196,30080225.0,34139971.0,64220196.0,2434007.0,11355225.0,PG-13
"2,762",Jay and Silent Bob Strike Back,2001,22000000,30059386,33762400,30059386.0,3703014.0,33762400.0,,11018543.0,R
"2,763",Shadowlands,1993,22000000,25842377,25842377,25842377.0,,,,,R
"2,764",Traitor,2008,22000000,23530831,27882226,23530831.0,4351395.0,27882226.0,14038847.0,7868465.0,PG-13
"2,765",Deuce Bigalow: European Gigolo,2005,22000000,22400154,45273464,22400154.0,22873310.0,45273464.0,,9626287.0,R
"2,766",Diary of a Wimpy Kid: The Long Haul,2017,22000000,20738724,35609577,20738724.0,14870853.0,35609577.0,3269051.0,7126084.0,PG
"2,767",Mad Money,2008,22000000,20668843,25044057,20668843.0,4375214.0,25044057.0,15162739.0,7736452.0,PG-13
"2,768",Homefront,2013,22000000,20158492,51695362,20158492.0,31536870.0,51695362.0,14880538.0,6915241.0,R
"2,769",Igor,2008,22000000,19528602,31013349,19528602.0,11484747.0,31013349.0,13674461.0,7803347.0,PG
"2,770",Saving Silverman,2001,22000000,19351569,25873142,19351569.0,6521573.0,25873142.0,,7411852.0,R
"2,771",Summer of Sam,1999,22000000,19288130,19288130,19288130.0,,,,7991450.0,R
"2,772",The Glass House,2001,22000000,17951431,22861785,17951431.0,4910354.0,22861785.0,,5738448.0,PG-13
"2,773",The Transporter Refueled,2015,22000000,16029670,69698495,16029670.0,53668825.0,69698495.0,3891070.0,7355622.0,PG-13
"2,774",The Island,1980,22000000,15716828,15716828,15716828.0,,,,3123267.0,PG-13
"2,775",Josie and the Pussycats,2001,22000000,14252830,14307223,14252830.0,54393.0,14307223.0,,4562455.0,PG-13
"2,776",Hit & Run,2012,22000000,13749300,17216955,13749300.0,3467655.0,17216955.0,5558147.0,4526222.0,R
"2,777",The Little Vampire,2000,22000000,13555988,13560782,13555988.0,4794.0,13560782.0,,5719627.0,PG
"2,778",I Heart Huckabees,2004,22000000,12784713,20034713,12784713.0,7250000.0,20034713.0,,292177.0,R
"2,779","Roman J. Israel, Esq.",2017,22000000,11962712,12967012,11962712.0,1004300.0,12967012.0,2166864.0,61999.0,PG-13
"2,780",Out of the Furnace,2013,22000000,11330849,15434375,11330849.0,4103526.0,15434375.0,5684450.0,5220288.0,R
"2,781",RoboCop 3,1993,22000000,10696210,10696210,10696210.0,,,,4304829.0,PG-13
"2,782",Dudley Do-Right,1999,22000000,9818792,9818792,9818792.0,,,,3018345.0,PG
"2,783",Just Getting Started,2017,22000000,6069605,6756412,6069605.0,686807.0,6756412.0,872841.0,3201459.0,PG-13
"2,784",Megiddo: Omega Code 2,2001,22000000,6047691,6047691,6047691.0,,,,1573454.0,PG-13
"2,785",Darling Lili,1970,22000000,5000000,5000000,5000000.0,,,,,G
"2,786",The Libertine,2005,22000000,4835065,9448623,4835065.0,4613558.0,9448623.0,2863413.0,27804.0,R
"2,787",Zwartboek,2007,22000000,4398532,27238354,4398532.0,22839822.0,27238354.0,,112521.0,R
"2,788",Before I Go to Sleep,2014,22000000,3242457,19563579,3242457.0,16321122.0,19563579.0,1577524.0,1843347.0,R
"2,789",Stone,2010,22000000,1810078,4065020,1810078.0,2254942.0,4065020.0,5943441.0,75766.0,R
"2,790",Joyeux Noël,2006,22000000,1054361,23134075,1054361.0,22079714.0,23134075.0,,42732.0,PG-13
"2,791",Metegol,2013,22000000,0,34061097,,34061097.0,34061097.0,,,PG
"2,792",Sorcerer,1977,21600000,12000000,12007773,12000000.0,7773.0,12007773.0,622575.0,,PG
"2,793",Molière,2007,21600000,635733,791154,635733.0,155421.0,791154.0,,32601.0,PG-13
"2,794",Michael Clayton,2007,21500000,49033882,92987651,49033882.0,43953769.0,92987651.0,19558467.0,719910.0,R
"2,795",Arlington Road,1999,21500000,24419219,24419219,24419219.0,,,,7517145.0,R
"2,796",My Fellow Americans,1996,21500000,22331846,22331846,22331846.0,,,,2860334.0,PG-13
"2,797",To Rome with Love,2012,21500000,16684352,74290305,16684352.0,57605953.0,74290305.0,719996.0,361359.0,R
"2,798",Silver Linings Playbook,2012,21000000,132092958,236412453,132092958.0,104319495.0,236412453.0,31580723.0,443003.0,R
"2,799",Blockers,2018,21000000,60311495,94523781,60311495.0,34212286.0,94523781.0,9156629.0,20556350.0,R
"2,800",Pet Sematary,2019,21000000,54724696,111809732,54724696.0,57085036.0,111809732.0,6875798.0,24502775.0,R
"2,801","South Park: Bigger, Longer & Uncut",1999,21000000,52037603,52037603,52037603.0,,,,14774666.0,R
"2,802",Firefox,1982,21000000,45785720,45785720,45785720.0,,,,8152948.0,PG
"2,803",Death at a Funeral,2010,21000000,42739347,48977233,42739347.0,6237886.0,48977233.0,16406756.0,16217540.0,R
"2,804",Teenage Mutant Ninja Turtles III,1993,21000000,42273609,42273609,42273609.0,,,,12419597.0,PG
"2,805",Hardball,2001,21000000,40222729,43728560,40222729.0,3505831.0,43728560.0,,9386342.0,PG-13
"2,806",For Colored Girls,2010,21000000,37729698,38017873,37729698.0,288175.0,38017873.0,20053513.0,19497324.0,R
"2,807",Freedom Writers,2007,21000000,36605602,43632609,36605602.0,7027007.0,43632609.0,22209481.0,9405582.0,PG-13
"2,808",The Hustle,2019,21000000,35417038,97389568,35417038.0,61972530.0,97389568.0,2750169.0,13007709.0,PG-13
"2,809",Kidnap,2017,21000000,30718107,34836080,30718107.0,4117973.0,34836080.0,4017179.0,10016323.0,R
"2,810",The Transporter,2002,21000000,25296447,43928932,25296447.0,18632485.0,43928932.0,,9107816.0,PG-13
"2,811",Never Back Down,2008,21000000,24850922,39319801,24850922.0,14468879.0,39319801.0,21342562.0,8603195.0,PG-13
"2,812",Tinker Tailor Soldier Spy,2011,21000000,24149393,81428388,24149393.0,57278995.0,81428388.0,9580489.0,310562.0,R
"2,813",Victoria and Abdul,2017,21000000,22245070,68271146,22245070.0,46026076.0,68271146.0,1429379.0,158845.0,PG-13
"2,814",The Bachelor,1999,21000000,21731001,36882378,21731001.0,15151377.0,36882378.0,,7480288.0,PG-13
"2,815",The Rage: Carrie 2,1999,21000000,17760244,17760244,17760244.0,,,,7065123.0,R
"2,816",Swing Vote,2008,21000000,16289867,17589867,16289867.0,1300000.0,17589867.0,7791820.0,6230669.0,PG-13
"2,817",Away We Go,2009,21000000,9451946,10108016,9451946.0,656070.0,10108016.0,6032920.0,130411.0,R
"2,818",Moonlight Mile,2002,21000000,6830957,6830957,6830957.0,,,,329771.0,PG-13
"2,819",The Beaver,2011,21000000,970816,5046038,970816.0,4075222.0,5046038.0,,107577.0,PG-13
"2,820",Bitter Harvest,2017,21000000,557241,606162,557241.0,48921.0,606162.0,212945.0,219357.0,R
"2,821",Molly,1999,21000000,17396,17396,17396.0,,,,9683.0,PG-13
"2,822",Robot Overlords,2015,21000000,0,991329,,991329.0,991329.0,,,PG-13
"2,823",Velvet Buzzsaw,2019,21000000,0,0,,,,,,
"2,824",Hustlers,2019,20700000,104963598,150467919,104963598.0,45504321.0,150467919.0,5584525.0,33181361.0,R
"2,825",eXistenZ,1999,20700000,2840417,2840417,2840417.0,,,,810262.0,R
"2,826",The Best Little Whorehouse in Texas,1982,20500000,69701637,69701637,69701637.0,,,,11874268.0,R
"2,827",Pulse,2006,20500000,20264436,30241435,20264436.0,9976999.0,30241435.0,133748.0,8203822.0,R
"2,828",Raiders of the Lost Ark,1981,20000000,225686079,367451914,225686079.0,141765835.0,367451914.0,1181935.0,8305823.0,PG
"2,829",Beauty and the Beast,1991,20000000,206333165,438656843,206333165.0,232323678.0,438656843.0,,162146.0,G
"2,830",Us,2019,20000000,175084580,255620999,175084580.0,80536419.0,255620999.0,8329424.0,71117625.0,R
"2,831",Home Alone 2: Lost in New York,1992,20000000,173585516,358994850,173585516.0,185409334.0,358994850.0,,31126882.0,PG
"2,832",Close Encounters of the Third Kind,1977,20000000,169100479,340800479,169100479.0,171700000.0,340800479.0,,,PG
"2,833",Beverly Hills Cop II,1987,20000000,153665036,276665036,153665036.0,123000000.0,276665036.0,,26348555.0,R
"2,834",The Conjuring,2013,20000000,137400141,316479150,137400141.0,179079009.0,316479150.0,27596790.0,41855326.0,R
"2,835",Five Nights at Freddy’s,2023,20000000,137275620,297144130,137275620.0,159868510.0,297144130.0,,80001720.0,PG-13
"2,836",Bringing Down the House,2003,20000000,132675402,164675402,132675402.0,32000000.0,164675402.0,,31101026.0,PG-13
"2,837",Wonder,2017,20000000,132422809,310742172,132422809.0,178319363.0,310742172.0,25794581.0,27547866.0,PG
"2,838",The Silence of the Lambs,1991,20000000,130726716,275726716,130726716.0,145000000.0,275726716.0,,13766814.0,R
"2,839",Wayne's World,1992,20000000,121697323,183097323,121697323.0,61400000.0,183097323.0,,18122710.0,PG-13
"2,840",Jackass 3D,2010,20000000,117229692,171685793,117229692.0,54456101.0,171685793.0,22303715.0,50353641.0,R
"2,841",Bad Moms,2016,20000000,113257297,180485601,113257297.0,67228304.0,180485601.0,17654877.0,23817340.0,R
"2,842",Glass,2019,20000000,111048468,246999039,111048468.0,135950571.0,246999039.0,16850740.0,40328920.0,PG-13
"2,843",Jaws 2,1978,20000000,102922376,208900376,102922376.0,105978000.0,208900376.0,,9866023.0,PG
"2,844",Beverly Hills Chihuahua,2008,20000000,94514402,154218168,94514402.0,59703766.0,154218168.0,64921990.0,29300465.0,PG
"2,845",Halloween Kills,2021,20000000,92002155,130851162,92002155.0,38849007.0,130851162.0,7000006.0,49404980.0,R
"2,846",Tammy,2014,20000000,84525432,96407655,84525432.0,11882223.0,96407655.0,17557532.0,21577049.0,R
"2,847",Good Boys,2019,20000000,83140306,111174248,83140306.0,28033942.0,111174248.0,9029680.0,21402605.0,R
"2,848",Are We There Yet?,2005,20000000,82674398,98114471,82674398.0,15440073.0,98114471.0,,18575214.0,PG
"2,849",The Descendants,2011,20000000,82624961,175507800,82624961.0,92882839.0,175507800.0,22324907.0,1190096.0,R
"2,850",School of Rock,2003,20000000,81261177,131944672,81261177.0,50683495.0,131944672.0,,19622714.0,PG-13
"2,851",Disturbia,2007,20000000,80818974,118537627,80818974.0,37718653.0,118537627.0,35087830.0,22224982.0,PG-13
"2,852",Cocktail,1988,20000000,78222753,78222753,78222753.0,,,,11789466.0,R
"2,853",Free Willy,1993,20000000,77698625,153698625,77698625.0,76000000.0,153698625.0,,7868829.0,PG
"2,854",Tyler Perry’s A Madea Family Funeral,2019,20000000,73257045,74781999,73257045.0,1524954.0,74781999.0,10632882.0,27062332.0,PG-13
"2,855",Tyler Perry’s Boo! A Madea Halloween,2016,20000000,73206343,73206343,73206343.0,,,13628622.0,28501448.0,PG-13
"2,856",Mortal Kombat,1995,20000000,70433227,122133227,70433227.0,51700000.0,122133227.0,,23283887.0,PG-13
"2,857",White Chicks,2004,20000000,69148997,111448997,69148997.0,42300000.0,111448997.0,,19676748.0,PG-13
"2,858",Obsessed,2009,20000000,68261644,73964713,68261644.0,5703069.0,73964713.0,23706955.0,28612730.0,PG-13
"2,859",Holes,2003,20000000,67383924,71232214,67383924.0,3848290.0,71232214.0,,16300155.0,PG
"2,860",Tyler Perry's Madea's Witness Protection,2012,20000000,65653242,66950887,65653242.0,1297645.0,66950887.0,16025073.0,25390575.0,PG-13
"2,861",Halloween Ends,2022,20000000,64079860,105400796,64079860.0,41320936.0,105400796.0,7468142.0,40050355.0,R
"2,862",The Last Song,2010,20000000,62950384,92678948,62950384.0,29728564.0,92678948.0,41837939.0,16007426.0,PG
"2,863",Why Did I Get Married Too?,2010,20000000,60095852,60831067,60095852.0,735215.0,60831067.0,23387579.0,29289537.0,PG-13
"2,864",La vita è bella,1998,20000000,57598247,229375361,57598247.0,171777114.0,229375361.0,,118920.0,PG-13
"2,865",The Shack,2017,20000000,57386418,96860808,57386418.0,39474390.0,96860808.0,23163467.0,16172119.0,PG-13
"2,866",12 Years a Slave,2013,20000000,56671993,180765061,56671993.0,124093068.0,180765061.0,25526871.0,923715.0,R
"2,867",Drumline,2002,20000000,56398162,56398875,56398162.0,713.0,56398875.0,,12604705.0,PG-13
"2,868",Me Before You,2016,20000000,56245075,208064908,56245075.0,151819833.0,208064908.0,9710350.0,18723269.0,PG-13
"2,869",What Men Want,2019,20000000,54611903,69911903,54611903.0,15300000.0,69911903.0,3315733.0,18232087.0,R
"2,870",Barbershop: The Next Cut,2016,20000000,54030051,54404202,54030051.0,374151.0,54404202.0,4993708.0,20242415.0,PG-13
"2,871",Edward Scissorhands,1990,20000000,53976987,53980220,53976987.0,3233.0,53980220.0,,,PG-13
"2,872",A Simple Favor,2018,20000000,53548586,97628717,53548586.0,44080131.0,97628717.0,5450427.0,16011689.0,R
"2,873",Selma,2015,20000000,52076908,66670998,52076908.0,14594090.0,66670998.0,8447841.0,571450.0,PG-13
"2,874",Violent Night,2022,20000000,50057405,76599977,50057405.0,26542572.0,76599977.0,4161212.0,13450240.0,R
"2,875",A Walk in the Clouds,1995,20000000,50008143,50008143,50008143.0,,,,9526010.0,PG-13
"2,876",Popeye,1980,20000000,49823037,49823037,49823037.0,,,,,PG
"2,877",Date Movie,2006,20000000,48548426,85146165,48548426.0,36597739.0,85146165.0,19470423.0,19076261.0,PG-13
"2,878",Peter Pan: Return to Neverland,2002,20000000,48430258,109862682,48430258.0,61432424.0,109862682.0,,11889631.0,G
"2,879",The Jungle Book 2,2003,20000000,47901582,139924202,47901582.0,92022620.0,139924202.0,,11441733.0,G
"2,880",Premonition,2007,20000000,47852604,84146832,47852604.0,36294228.0,84146832.0,34396351.0,17558689.0,PG-13
"2,881",Tyler Perry’s Boo 2! A Madea Halloween,2017,20000000,47319572,47879572,47319572.0,560000.0,47879572.0,11158492.0,21226953.0,PG-13
"2,882",Boogeyman,2005,20000000,46752382,67192859,46752382.0,20440477.0,67192859.0,,19020655.0,PG-13
"2,883",The Tigger Movie,2000,20000000,45542421,96147688,45542421.0,50605267.0,96147688.0,,9427532.0,G
"2,884",Spotlight,2015,20000000,45055776,91902438,45055776.0,46846662.0,91902438.0,5114626.0,295009.0,R
"2,885",Queen & Slim,2019,20000000,43808310,48266163,43808310.0,4457853.0,48266163.0,2570973.0,11890490.0,R
"2,886",Acrimony,2018,20000000,43549096,46627836,43549096.0,3078740.0,46627836.0,8775577.0,17170707.0,R
"2,887",Max,2015,20000000,42656255,43956255,42656255.0,1300000.0,43956255.0,17043217.0,12155254.0,PG
"2,888",Meet the Browns,2008,20000000,41975388,41975388,41975388.0,,,19582133.0,20082809.0,PG-13
"2,889",Orphan,2009,20000000,41596251,78769428,41596251.0,37173177.0,78769428.0,16315432.0,12871483.0,R
"2,890",The Star,2017,20000000,40847995,62592138,40847995.0,21744143.0,62592138.0,12400444.0,9812674.0,PG
"2,891",Epic Movie,2007,20000000,39739367,86858578,39739367.0,47119211.0,86858578.0,17217821.0,18612544.0,PG-13
"2,892",Lakeview Terrace,2008,20000000,39263506,44821299,39263506.0,5557793.0,44821299.0,22700539.0,15004672.0,PG-13
"2,893",The Grudge 2,2006,20000000,39143839,70743839,39143839.0,31600000.0,70743839.0,8544774.0,20825300.0,PG-13
"2,894",Nerve,2016,20000000,38583626,85583945,38583626.0,47000319.0,85583945.0,5963198.0,9445456.0,PG-13
"2,895",Conan the Barbarian,1982,20000000,38264085,79114085,38264085.0,40850000.0,79114085.0,,9479373.0,R
"2,896",How Stella Got Her Groove Back,1998,20000000,37672944,37672944,37672944.0,,,,11318919.0,R
"2,897",Bill & Ted's Bogus Journey,1991,20000000,37537675,37540012,37537675.0,2337.0,37540012.0,,10241268.0,PG
"2,898",Man of the Year,2006,20000000,37442180,41342180,37442180.0,3900000.0,41342180.0,19333947.0,12299380.0,PG-13
"2,899",Risen,2016,20000000,36880033,46244066,36880033.0,9364033.0,46244066.0,12287158.0,11801271.0,PG-13
"2,900",Vampires Suck,2010,20000000,36661504,81424988,36661504.0,44763484.0,81424988.0,12063145.0,12202831.0,PG-13
"2,901",Selena,1997,20000000,35868790,35868790,35868790.0,,,,11615722.0,PG
"2,902",The Black Hole,1979,20000000,35841901,35841901,35841901.0,,,,,PG
"2,903",The American,2010,20000000,35606376,67950723,35606376.0,32344347.0,67950723.0,10724239.0,13177790.0,R
"2,904",Knock at the Cabin,2023,20000000,35397980,54712735,35397980.0,19314755.0,54712735.0,1580002.0,14127170.0,R
"2,905",A Very Harold & Kumar 3D Christmas,2011,20000000,35061031,36265745,35061031.0,1204714.0,36265745.0,11995955.0,12954142.0,R
"2,906",Eternal Sunshine of the Spotless Mind,2004,20000000,34366518,72401378,34366518.0,38034860.0,72401378.0,,8175198.0,R
"2,907",Texas Chainsaw 3D,2013,20000000,34341945,47666013,34341945.0,13324068.0,47666013.0,6766840.0,21744470.0,R
"2,908",Babel,2006,20000000,34302837,132121212,34302837.0,97818375.0,132121212.0,31481349.0,389351.0,R
"2,909",This is Where I Leave You,2014,20000000,34296320,41296320,34296320.0,7000000.0,41296320.0,5049930.0,11558149.0,R
"2,910",Doubt,2008,20000000,33446470,53191101,33446470.0,19744631.0,53191101.0,13442349.0,507226.0,PG-13
"2,911",Team America: World Police,2004,20000000,32774834,50948811,32774834.0,18173977.0,50948811.0,,12120358.0,R
"2,912",Copycat,1995,20000000,32051917,32051917,32051917.0,,,,5170522.0,R
"2,913",Scary Movie V,2013,20000000,32015787,78613981,32015787.0,46598194.0,78613981.0,5807344.0,14157367.0,PG-13
"2,914",She's Out of My League,2010,20000000,32010860,48680977,32010860.0,16670117.0,48680977.0,12846476.0,9775278.0,R
"2,915",Milk,2008,20000000,31841299,57293371,31841299.0,25452072.0,57293371.0,11809753.0,1453844.0,R
"2,916",Paint Your Wagon,1969,20000000,31678778,31678778,31678778.0,,,,,PG-13
"2,917",The Debt,2011,20000000,31177548,46604054,31177548.0,15426506.0,46604054.0,9833932.0,9909499.0,R
"2,918",Ghost Ship,2002,20000000,30113491,68349884,30113491.0,38236393.0,68349884.0,,11503423.0,R
"2,919",Daybreakers,2010,20000000,30101577,51445503,30101577.0,21343926.0,51445503.0,17736167.0,15146692.0,R
"2,920",The Bank Job,2008,20000000,30060660,66143005,30060660.0,36082345.0,66143005.0,17872579.0,5935256.0,R
"2,921",Wild Things,1998,20000000,29795299,55576210,29795299.0,25780911.0,55576210.0,,9622444.0,R
"2,922",The Stepfather,2009,20000000,29062561,29227561,29062561.0,165000.0,29227561.0,13187365.0,11581586.0,PG-13
"2,923",High Fidelity,2000,20000000,27277055,47881663,27277055.0,20604608.0,47881663.0,,6429107.0,R
"2,924",Stick It,2006,20000000,26910736,30399714,26910736.0,3488978.0,30399714.0,27973356.0,10803610.0,PG-13
"2,925",One Missed Call,2008,20000000,26890041,44513466,26890041.0,17623425.0,44513466.0,14678803.0,12511473.0,PG-13
"2,926",Eye for an Eye,1996,20000000,26792700,26792700,26792700.0,,,,7929086.0,R
"2,927",Street Kings,2008,20000000,26418667,65457811,26418667.0,39039144.0,65457811.0,14339564.0,12469631.0,R
"2,928",The World’s End,2013,20000000,26004851,47124638,26004851.0,21119787.0,47124638.0,9486731.0,8811790.0,R
"2,929",From Dusk Till Dawn,1996,20000000,25728961,25736162,25728961.0,7201.0,25736162.0,,10240805.0,R
"2,930",You Again,2010,20000000,25702053,32838945,25702053.0,7136892.0,32838945.0,14011399.0,8407513.0,PG
"2,931",Nancy Drew,2007,20000000,25584685,30703845,25584685.0,5119160.0,30703845.0,11021153.0,6832318.0,PG
"2,932",Alpha and Omega,2010,20000000,25107267,48958353,25107267.0,23851086.0,48958353.0,13740062.0,9106906.0,PG
"2,933",On the Basis of Sex,2018,20000000,24704837,38780888,24704837.0,14076051.0,38780888.0,2744804.0,686355.0,PG-13
"2,934",Endless Love,2014,20000000,23438250,34718173,23438250.0,11279923.0,34718173.0,5636143.0,13307125.0,PG-13
"2,935",The Covenant,2006,20000000,23364784,38164784,23364784.0,14800000.0,38164784.0,27586757.0,8852458.0,PG-13
"2,936",Spiral,2021,20000000,23216862,39519588,23216862.0,16302726.0,39519588.0,4398529.0,8750034.0,R
"2,937",Monte Carlo,2011,20000000,23186769,39686769,23186769.0,16500000.0,39686769.0,12126331.0,7453944.0,PG
"2,938",Stay Alive,2006,20000000,23086480,27565514,23086480.0,4479034.0,27565514.0,14489886.0,10726406.0,PG-13
"2,939",2 For the Money,2005,20000000,22991379,30491379,22991379.0,7500000.0,30491379.0,21368632.0,8703240.0,R
"2,940",Rough Night,2017,20000000,22105643,46844357,22105643.0,24738714.0,46844357.0,2560904.0,8004283.0,R
"2,941",Psycho,1998,20000000,21541218,37226218,21541218.0,15685000.0,37226218.0,,10031850.0,R
"2,942",Quigley Down Under,1990,20000000,21413105,21413105,21413105.0,,,,3853149.0,PG-13
"2,943",To Die For,1995,20000000,21284514,27688744,21284514.0,6404230.0,27688744.0,,386610.0,R
"2,944",Shorts,2009,20000000,20919166,29870801,20919166.0,8951635.0,29870801.0,2147502.0,6410339.0,PG
"2,945",Priscilla,2023,20000000,20864910,30977065,20864910.0,10112155.0,30977065.0,,132139.0,R
"2,946",Vampires,1998,20000000,20268825,20268825,20268825.0,,,,9106497.0,R
"2,947",Appaloosa,2008,20000000,20211394,27911453,20211394.0,7700059.0,27911453.0,11381312.0,248847.0,R
"2,948",Secret in Their Eyes,2015,20000000,20180155,32608019,20180155.0,12427864.0,32608019.0,3748271.0,6652996.0,PG-13
"2,949",Yu-Gi-Oh,2004,20000000,19762690,28715003,19762690.0,8952313.0,28715003.0,,9485494.0,PG
"2,950",Reign Over Me,2007,20000000,19661987,20081987,19661987.0,420000.0,20081987.0,16936521.0,7460690.0,R
"2,951",My Best Friend's Girl,2008,20000000,19219250,34787111,19219250.0,15567861.0,34787111.0,20178882.0,8265357.0,R
"2,952",Georgia Rule,2007,20000000,18882880,20819601,18882880.0,1936721.0,20819601.0,20203481.0,6773870.0,R
"2,953",Under the Rainbow,1981,20000000,18826490,18826490,18826490.0,,,,2287205.0,PG
"2,954",Ladyhawke,1985,20000000,18400000,18400000,18400000.0,,,836734.0,3450536.0,PG-13
"2,955",Into the Wild,2007,20000000,18354356,56822960,18354356.0,38468604.0,56822960.0,16898596.0,212440.0,R
"2,956",Simon Birch,1998,20000000,18253415,18310591,18253415.0,57176.0,18310591.0,,3321370.0,PG
"2,957",Pooh's Heffalump Movie,2005,20000000,18098433,55686944,18098433.0,37588511.0,55686944.0,,5805559.0,G
"2,958",School for Scoundrels,2006,20000000,17807569,17807569,17807569.0,,,13893882.0,8602333.0,PG-13
"2,959",Operation Finale,2018,20000000,17612099,17612099,17612099.0,,,466414.0,6022758.0,PG-13
"2,960",Silent Hill: Revelation 3D,2012,20000000,17530219,55975672,17530219.0,38445453.0,55975672.0,8221905.0,8023036.0,R
"2,961",Home for the Holidays,1995,20000000,17468887,22119269,17468887.0,4650382.0,22119269.0,,4007717.0,PG-13
"2,962",The Zookeeper’s Wife,2017,20000000,17445186,26308749,17445186.0,8863563.0,26308749.0,3928857.0,3288835.0,PG-13
"2,963",Fired Up,2009,20000000,17231291,18608570,17231291.0,1377279.0,18608570.0,11337656.0,5483778.0,PG-13
"2,964",Kung Fu Hustle,2004,20000000,17104669,102034104,17104669.0,84929435.0,102034104.0,,269225.0,R
"2,965",The Country Bears,2002,20000000,16988996,16988996,16988996.0,,,,5309675.0,G
"2,966",Flatliners,2017,20000000,16883115,45173738,16883115.0,28290623.0,45173738.0,2079446.0,6574326.0,PG-13
"2,967",Dead Silence,2007,20000000,16574590,20614661,16574590.0,4040071.0,20614661.0,18349198.0,7842725.0,R
"2,968",21 Grams,2003,20000000,16248701,59667625,16248701.0,43418924.0,59667625.0,,274454.0,R
"2,969",Armored,2009,20000000,15988876,23661038,15988876.0,7672162.0,23661038.0,7244390.0,6511128.0,PG-13
"2,970",The Kite Runner,2007,20000000,15800078,74180745,15800078.0,58380667.0,74180745.0,7616002.0,471713.0,PG-13
"2,971",Paparazzi,2004,20000000,15712072,16612072,15712072.0,900000.0,16612072.0,,6146262.0,PG-13
"2,972",A Guy Thing,2003,20000000,15543862,17430594,15543862.0,1886732.0,17430594.0,,6988749.0,PG-13
"2,973",The Greatest Story Ever Told,2065,20000000,15473333,15473333,15473333.0,,,,,G
"2,974",Loser,2000,20000000,15464026,18250106,15464026.0,2786080.0,18250106.0,,6008611.0,R
"2,975",Twilight,1998,20000000,15055091,15055091,15055091.0,,,,5866411.0,R
"2,976",Capitalism: A Love Story,2009,20000000,14363397,19121531,14363397.0,4758134.0,19121531.0,5129345.0,231964.0,R
"2,977",Lockout,2012,20000000,14326865,33943049,14326865.0,19616184.0,33943049.0,9431466.0,6231836.0,PG-13
"2,978",Disaster Movie,2008,20000000,14190901,36720752,14190901.0,22529851.0,36720752.0,11229389.0,5836973.0,PG-13
"2,979",What's Your Number?,2011,20000000,14011084,30163785,14011084.0,16152701.0,30163785.0,6494489.0,5421669.0,R
"2,980",The Man Who Knew Too Little,1997,20000000,13801755,13801755,13801755.0,,,,4604819.0,PG
"2,981",Crank 2: High Voltage,2009,20000000,13684249,35472739,13684249.0,21788490.0,35472739.0,20434954.0,6963565.0,R
"2,982",Burnt,2015,20000000,13651946,36766293,13651946.0,23114347.0,36766293.0,3147153.0,5002341.0,R
"2,983",Envy,2004,20000000,13548322,14566246,13548322.0,1017924.0,14566246.0,,6160886.0,PG-13
"2,984",One Night with the King,2006,20000000,13395961,13725032,13395961.0,329071.0,13725032.0,20763636.0,4106862.0,PG
"2,985",Bullets Over Broadway,1994,20000000,13383747,13383747,13383747.0,,,,,R
"2,986",Ghost Town,2008,20000000,13367624,29958228,13367624.0,16590604.0,29958228.0,8188628.0,5012315.0,PG-13
"2,987",The Quiet American,2002,20000000,12987647,26348203,12987647.0,13360556.0,26348203.0,,101663.0,R
"2,988",Triple 9,2016,20000000,12639297,25943792,12639297.0,13304495.0,25943792.0,4153122.0,6109085.0,R
"2,989",The Light Between Oceans,2016,20000000,12545979,22281732,12545979.0,9735753.0,22281732.0,1938389.0,4765838.0,PG-13
"2,990",The Weather Man,2005,20000000,12482775,15466961,12482775.0,2984186.0,15466961.0,17008934.0,4248465.0,R
"2,991",Undisputed,2002,20000000,12398628,12398628,12398628.0,,,,4548750.0,R
"2,992",12 Rounds,2009,20000000,12234694,17306648,12234694.0,5071954.0,17306648.0,9529011.0,5329240.0,PG-13
"2,993",Let Me In,2010,20000000,12134935,28270399,12134935.0,16135464.0,28270399.0,10730309.0,5147479.0,R
"2,994",3 Ninjas Kick Back,1994,20000000,11744960,11744960,11744960.0,,,,3556310.0,PG
"2,995",Be Kind Rewind,2008,20000000,11175164,30894247,11175164.0,19719083.0,30894247.0,5584173.0,4050655.0,PG-13
"2,996",Mrs. Henderson Presents,2005,20000000,11036366,27836366,11036366.0,16800000.0,27836366.0,5840223.0,55344.0,R
"2,997",Deconstructing Harry,1997,20000000,10686841,10686841,10686841.0,,,,356476.0,R
"2,998",The Banshees of Inisherin,2022,20000000,10582266,52344724,10582266.0,41762458.0,52344724.0,,184454.0,R
"2,999",Three to Tango,1999,20000000,10570375,10570375,10570375.0,,,,4406135.0,PG-13
"3,000",We're No Angels,1989,20000000,10555348,10555348,10555348.0,,,,2047630.0,PG-13
"3,001",The Machine,2023,20000000,10458331,10656936,10458331.0,198605.0,10656936.0,755566.0,5000545.0,R
"3,002",Never Let Go,2024,20000000,10306106,21761751,10306106.0,11455645.0,21761751.0,,4449065.0,R
"3,003",Everyone Says I Love You,1996,20000000,9725847,34600000,9725847.0,24874153.0,34600000.0,,131678.0,R
"3,004",Death Sentence,2007,20000000,9534258,16907831,9534258.0,7373573.0,16907831.0,9243996.0,4231321.0,R
"3,005",Popstar: Never Stop Never Stopping,2016,20000000,9496130,9537120,9496130.0,40990.0,9537120.0,2456234.0,4698715.0,R
"3,006",Thank You for Your Service,2017,20000000,9479390,9985316,9479390.0,505926.0,9985316.0,2335498.0,3817700.0,R
"3,007",Everybody's Fine,2009,20000000,9208876,9208876,9208876.0,,,7623104.0,3852068.0,PG-13
"3,008",Where’d You Go Bernadette,2019,20000000,9198356,10844598,9198356.0,1646242.0,10844598.0,,3462308.0,PG-13
"3,009",Superbabies: Baby Geniuses 2,2004,20000000,9109322,9355369,9109322.0,246047.0,9355369.0,,3251856.0,PG
"3,010",Battle of the Year,2013,20000000,8888355,16723377,8888355.0,7835022.0,16723377.0,563891.0,4603177.0,PG-13
"3,011",Ratchet and Clank,2016,20000000,8813410,14365639,8813410.0,5552229.0,14365639.0,1999780.0,4869278.0,PG
"3,012",Death at a Funeral,2007,20000000,8580428,47289148,8580428.0,38708720.0,47289148.0,,1282973.0,R
"3,013",The Man,2005,20000000,8330720,10393696,8330720.0,2062976.0,10393696.0,10415819.0,4065014.0,PG-13
"3,014",Code Name: The Cleaner,2007,20000000,8135024,8135024,8135024.0,,,4667925.0,4244142.0,PG-13
"3,015",Inherent Vice,2014,20000000,8110975,14810975,8110975.0,6700000.0,14810975.0,2447732.0,328184.0,R
"3,016",Connie and Carla,2004,20000000,8047525,9649039,8047525.0,1601514.0,9649039.0,,3254940.0,PG-13
"3,017",Machete Kills,2013,20000000,8008161,18273009,8008161.0,10264848.0,18273009.0,6692638.0,3837183.0,R
"3,018",Sweet Charity,1969,20000000,8000000,8000000,8000000.0,,,,,G
"3,019",Doogal,2006,20000000,7578946,28058652,7578946.0,20479706.0,28058652.0,160627.0,3605899.0,G
"3,020",Proof,2005,20000000,7535331,8284331,7535331.0,749000.0,8284331.0,9570369.0,193840.0,PG-13
"3,021",An American Carol,2008,20000000,7013191,7022183,7013191.0,8992.0,7022183.0,,3656000.0,PG-13
"3,022",Willard,2003,20000000,6882696,6882696,6882696.0,,,,4010593.0,PG-13
"3,023",Strange Wilderness,2008,20000000,6575282,6947084,6575282.0,371802.0,6947084.0,10031448.0,3001719.0,R
"3,024",Little Boy,2015,20000000,6485961,17769299,6485961.0,11283338.0,17769299.0,2831693.0,2750356.0,PG-13
"3,025",Topsy Turvy,1999,20000000,6201757,7797434,6201757.0,1595677.0,7797434.0,,32718.0,R
"3,026",Chasing Mavericks,2012,20000000,6002756,8300821,6002756.0,2298065.0,8300821.0,4995548.0,2268274.0,PG
"3,027",A Most Violent Year,2014,20000000,5749134,8869722,5749134.0,3120588.0,8869722.0,1439925.0,172788.0,R
"3,028",A Dangerous Method,2011,20000000,5702083,14807531,5702083.0,9105448.0,14807531.0,,167953.0,R
"3,029",A Scanner Darkly,2006,20000000,5501616,7405084,5501616.0,1903468.0,7405084.0,,391672.0,R
"3,030",Bandslam,2009,20000000,5210988,12967829,5210988.0,7756841.0,12967829.0,,2231273.0,PG
"3,031",Alone in the Dark,2005,20000000,5178569,10588079,5178569.0,5409510.0,10588079.0,,2834421.0,R
"3,032",Birth,2004,20000000,5005899,14603001,5005899.0,9597102.0,14603001.0,,1705577.0,R
"3,033",Hands of Stone,2016,20000000,4712792,5031975,4712792.0,319183.0,5031975.0,,1751388.0,R
"3,034",Tolkien,2019,20000000,4535154,8969227,4535154.0,4434073.0,8969227.0,,2200537.0,PG-13
"3,035",Passchendaele,2008,20000000,4452423,4453327,4452423.0,904.0,4453327.0,,653000.0,Not Rated
"3,036",Flash of Genius,2008,20000000,4442377,4504111,4442377.0,61734.0,4504111.0,,2251075.0,PG-13
"3,037",I’m Not There,2007,20000000,4017609,12397613,4017609.0,8380004.0,12397613.0,6927729.0,730819.0,R
"3,038",The Cold Light of Day,2012,20000000,3763583,25361206,3763583.0,21597623.0,25361206.0,5469277.0,1831588.0,PG-13
"3,039",The Brothers Bloom,2009,20000000,3531756,5531756,3531756.0,2000000.0,5531756.0,,90400.0,PG-13
"3,040","Synecdoche, New York",2008,20000000,3083538,4383538,3083538.0,1300000.0,4383538.0,,172194.0,R
"3,041",The Last Full Measure,2020,20000000,2949212,3321111,2949212.0,371899.0,3321111.0,752687.0,1058019.0,R
"3,042",Suspiria,2018,20000000,2483472,8075343,2483472.0,5591871.0,8075343.0,1004430.0,184037.0,R
"3,043",LBJ,2017,20000000,2468683,2507181,2468683.0,38498.0,2507181.0,334348.0,1110565.0,R
"3,044",Princess Mononoke (もののけ姫),1999,20000000,2374107,197588141,2374107.0,195214034.0,197588141.0,,144446.0,PG-13
"3,045",Bon Voyage,2004,20000000,2353728,8359720,2353728.0,6005992.0,8359720.0,,27480.0,PG-13
"3,046",My All-American,2015,20000000,2246000,2246000,2246000.0,,,3020583.0,1392000.0,PG
"3,047",Can't Stop the Music,1980,20000000,2000000,2000000,2000000.0,,,,,
"3,048",The Proposition,2006,20000000,1903434,5313608,1903434.0,3410174.0,5313608.0,,32681.0,R
"3,049",Marci X,2003,20000000,1646664,1646664,1646664.0,,,,872950.0,R
"3,050",Equilibrium,2002,20000000,1190018,5345869,1190018.0,4155851.0,5345869.0,,541512.0,R
"3,051",Dylan Dog: Dead of Night,2011,20000000,1186538,6093725,1186538.0,4907187.0,6093725.0,2302327.0,754779.0,PG-13
"3,052",The Oogieloves in the BIG Balloon Adventure,2012,20000000,1065907,1065907,1065907.0,,,,443901.0,G
"3,053",The Children of Huang Shi,2008,20000000,1031872,8221700,1031872.0,7189828.0,8221700.0,,42755.0,R
"3,054",The Yards,2000,20000000,882710,2282710,882710.0,1400000.0,2282710.0,,57339.0,R
"3,055",Middle Men,2010,20000000,754301,754301,754301.0,,,,325641.0,R
"3,056",Jìyì dàshī,2017,20000000,587470,43888531,587470.0,43301061.0,43888531.0,,224942.0,Not Rated
"3,057",All Good Things,2010,20000000,582024,873617,582024.0,291593.0,873617.0,,37172.0,R
"3,058",By the Sea,2015,20000000,538460,3727746,538460.0,3189286.0,3727746.0,529909.0,96250.0,R
"3,059",Steamboy,2004,20000000,468867,10468867,468867.0,10000000.0,10468867.0,,136148.0,PG-13
"3,060",Un sac de billes,2017,20000000,409862,14362043,409862.0,13952181.0,14362043.0,160802.0,14420.0,PG
"3,061",The Game of Their Lives,2005,20000000,375474,375474,375474.0,,,,175336.0,PG
"3,062",Rapa Nui,1994,20000000,305070,305070,305070.0,,,,,
"3,063",The Tempest,2010,20000000,277943,277943,277943.0,,,,42436.0,PG-13
"3,064",長江七號 (CJ7),2008,20000000,206678,47300771,206678.0,47094093.0,47300771.0,,49770.0,PG
"3,065",The Burning Plain,2009,20000000,200730,1167092,200730.0,966362.0,1167092.0,,58749.0,R
"3,066",Les Couloirs du temps: Les visiteurs 2,1998,20000000,146072,26146072,146072.0,26000000.0,26146072.0,,,
"3,067",People I Know,2003,20000000,121972,5694213,121972.0,5572241.0,5694213.0,,34211.0,R
"3,068",Regression,2015,20000000,55039,15824374,55039.0,15769335.0,15824374.0,205031.0,,R
"3,070",Zambezia,2012,20000000,0,34454336,,34454336.0,34454336.0,,,G
"3,071",Three Kingdoms: Resurrection of the Dragon,2010,20000000,0,22139590,,22139590.0,22139590.0,,,R
"3,072",The Touch,2004,20000000,0,5918742,,5918742.0,5918742.0,,,PG-13
"3,073",Extinction,2018,20000000,0,2360000,,2360000.0,2360000.0,,,Not Rated
"3,074",Survivor,2015,20000000,0,1703281,,1703281.0,1703281.0,3076608.0,,PG-13
"3,075",Beyond Skyline,2017,20000000,0,1012368,,1012368.0,1012368.0,1341445.0,,R
"3,076",The History of Love,2016,20000000,0,476624,,476624.0,476624.0,,,Not Rated
"3,077",Butterfly on a Wheel,2007,20000000,0,0,,,,,,R
"3,078",Dwegons and Leprechauns,2014,20000000,0,0,,,,,,
"3,079",Fight Valley,2016,20000000,0,0,,,,,,Not Rated
"3,081",How It Ends,2018,20000000,0,0,,,,,,
"3,082",Tyler Perry’s A Madea Homecoming,2022,20000000,0,0,,,,,,
"3,083",Bird Box,2018,19800000,0,0,,,,,,
"3,084",Der Baader Meinhof Komplex,2008,19700000,476270,16498827,476270.0,16022557.0,16498827.0,,17348.0,R
"3,085",The Shape of Water,2017,19500000,63859435,195790794,63859435.0,131931359.0,195790794.0,10422250.0,166564.0,R
"3,086",De rouille et d’os,2012,19500000,2061449,29393634,2061449.0,27332185.0,29393634.0,,27154.0,R
"3,087",The Painted Veil,2006,19400000,8060487,15118795,8060487.0,7058308.0,15118795.0,7676086.0,51085.0,PG-13
"3,088",The Frozen Ground,2013,19200000,0,5617460,,5617460.0,5617460.0,3832477.0,,R
"3,089",The Devil's Double,2011,19100000,1361512,5965646,1361512.0,4604134.0,5965646.0,,96414.0,R
"3,090",Back to the Future,1985,19000000,215612287,388862657,215612287.0,173250370.0,388862657.0,,11332134.0,PG
"3,091",Dances with Wolves,1990,19000000,184208842,424208805,184208842.0,239999963.0,424208805.0,,598257.0,PG-13
"3,092",Scary Movie,2000,19000000,157019771,277200000,157019771.0,120180229.0,277200000.0,,42346669.0,R
"3,093",Bad Teacher,2011,19000000,100292856,215448997,100292856.0,115156141.0,215448997.0,17687289.0,31603106.0,R
"3,094",Sausage Party,2016,19000000,97670358,141344255,97670358.0,43673897.0,141344255.0,16223686.0,34263534.0,R
"3,095",Sea of Love,1989,19000000,58571513,110879513,58571513.0,52308000.0,110879513.0,,10017840.0,R
"3,096",Just Married,2003,19000000,56127162,101564935,56127162.0,45437773.0,101564935.0,,17548993.0,PG-13
"3,097",I Can Do Bad All By Myself,2009,19000000,51733921,51733921,51733921.0,,,21641876.0,23446785.0,PG-13
"3,098",A Cinderella Story,2004,19000000,51438175,70112484,51438175.0,18674309.0,70112484.0,,13623350.0,PG
"3,099",The Shining,1980,19000000,45634750,46805191,45634750.0,1170441.0,46805191.0,,622337.0,R
"3,100",Thirteen Ghosts,2001,19000000,41867960,68467960,41867960.0,26600000.0,68467960.0,,15165355.0,R
"3,101",House on Haunted Hill,1999,19000000,40846082,65090541,40846082.0,24244459.0,65090541.0,,15946032.0,R
"3,102",The Crazies,2010,19000000,39123589,56445534,39123589.0,17321945.0,56445534.0,16102199.0,16067552.0,R
"3,103",Notorious,2009,19000000,36843682,44972183,36843682.0,8128501.0,44972183.0,23105795.0,20497596.0,R
"3,104",Nobody’s Fool,2018,19000000,31713110,32589493,31713110.0,876383.0,32589493.0,4047680.0,13743111.0,R
"3,105",The Switch,2010,19000000,27758465,49858465,27758465.0,22100000.0,49858465.0,9824120.0,8436713.0,PG-13
"3,106",Leap Year,2010,19000000,25918920,32618920,25918920.0,6700000.0,32618920.0,19066092.0,9202815.0,PG
"3,107",Arthur the King,2024,19000000,25049006,32213584,25049006.0,7164578.0,32213584.0,,7633898.0,PG-13
"3,108",The Book Thief,2013,19000000,21488481,76086711,21488481.0,54598230.0,76086711.0,15539962.0,105005.0,PG-13
"3,109",Gone Baby Gone,2007,19000000,20300218,34359030,20300218.0,14058812.0,34359030.0,11648158.0,5501406.0,R
"3,110",Thomas and the Magic Railroad,2000,19000000,15911332,15911332,15911332.0,,,,4154932.0,G
"3,111",Mutiny on The Bounty,2062,19000000,13680000,13680000,13680000.0,,,,,Not Rated
"3,112",Gone,2012,19000000,11682205,18100189,11682205.0,6417984.0,18100189.0,4424792.0,4770360.0,PG-13
"3,113",Spirited Away (千と千尋の神隠し),2001,19000000,10049886,384068050,10049886.0,374018164.0,384068050.0,9543833.0,449839.0,PG
"3,114",Sex Drive,2008,19000000,8402485,10412485,8402485.0,2010000.0,10412485.0,11135382.0,3607164.0,R
"3,115",Firestorm,1998,19000000,8123860,8123860,8123860.0,,,,3849308.0,R
"3,116",Take Me Home Tonight,2011,19000000,6928068,7576604,6928068.0,648536.0,7576604.0,5320740.0,3464679.0,R
"3,117",Won't Back Down,2012,19000000,5310554,5745503,5310554.0,434949.0,5745503.0,996790.0,2603370.0,PG
"3,118",Action Point,2018,19000000,5059608,5103675,5059608.0,44067.0,5103675.0,223484.0,2390164.0,R
"3,119",The Fall of the Roman Empire,2064,19000000,4750000,4750000,4750000.0,,,,,Not RatedApproved
"3,121",George Balanchine\'s The Nutcracker,2011,19000000,2119994,2119994,2119994.0,,,,,G
"3,122",Kansas City,1996,19000000,1353824,1353824,1353824.0,,,,432183.0,R
"3,123",Out of the Inferno,2016,19000000,0,0,,,,29179.0,,PG-13
"3,124",George A. Romero's Land of the Dead,2005,18975000,20700082,47751015,20700082.0,27050933.0,47751015.0,,10221705.0,R
"3,125",Indigènes,2006,18900000,320700,26063572,320700.0,25742872.0,26063572.0,,,Not Rated
"3,126",The Amityville Horror,2005,18500000,65233369,109175673,65233369.0,43942304.0,109175673.0,,23507007.0,R
"3,127",Adaptation,2002,18500000,22498520,32531756,22498520.0,10033236.0,32531756.0,,384478.0,R
"3,128",The Invention of Lying,2009,18500000,18451251,32714818,18451251.0,14263567.0,32714818.0,7025051.0,7027472.0,PG-13
"3,129",Fear and Loathing in Las Vegas,1998,18500000,10680275,13711903,10680275.0,3031628.0,13711903.0,,4335095.0,R
"3,130",Ne le dis à personne,2008,18500000,6198883,33954018,6198883.0,27755135.0,33954018.0,,169707.0,Not Rated
"3,131",Left Behind,2001,18500000,4224065,4224065,4224065.0,,,,2158780.0,PG-13
"3,132",The Hunt,2020,18200000,5812500,12400979,5812500.0,6588479.0,12400979.0,4688890.0,5304455.0,R
"3,133",Neighbors,2014,18000000,150086800,270944428,150086800.0,120857628.0,270944428.0,28060129.0,49033915.0,R
"3,134",Borat,2006,18000000,128505958,261443242,128505958.0,132937284.0,261443242.0,63695948.0,26455463.0,R
"3,135",The Mask,1994,18000000,120114301,351814301,120114301.0,231700000.0,351814301.0,,23117068.0,PG-13
"3,136",Big,1988,18000000,114968774,151665347,114968774.0,36696573.0,151665347.0,1299782.0,8216190.0,PG
"3,137",Legally Blonde,2001,18000000,96493426,141809235,96493426.0,45315809.0,141809235.0,,20377426.0,PG-13
"3,138",Mean Girls,2004,18000000,86047227,130462048,86047227.0,44414821.0,130462048.0,,24432195.0,PG-13
"3,139",Star Trek III: The Search for Spock,1984,18000000,76471046,87000000,76471046.0,10528954.0,87000000.0,,16673229.0,PG
"3,140",The Exorcism of Emily Rose,2005,18000000,75072454,144529078,75072454.0,69456624.0,144529078.0,,30054300.0,PG-13
"3,141",Deuce Bigalow: Male Gigolo,1999,18000000,65535067,92935067,65535067.0,27400000.0,92935067.0,,12224016.0,R
"3,142",Barbershop 2: Back in Business,2004,18000000,65070412,65842412,65070412.0,772000.0,65842412.0,,24241612.0,PG-13
"3,143",The Family Stone,2005,18000000,60062868,92357499,60062868.0,32294631.0,92357499.0,30824989.0,12521027.0,PG-13
"3,144",Bad Santa,2003,18000000,60060328,77147031,60060328.0,17086703.0,77147031.0,,12292952.0,R
"3,145",Predator,1987,18000000,59735548,98267558,59735548.0,38532010.0,98267558.0,,12031638.0,R
"3,146",My Big Fat Greek Wedding 2,2016,18000000,59689605,92096558,59689605.0,32406953.0,92096558.0,14100373.0,17861950.0,PG-13
"3,147",The Perfect Guy,2015,18000000,57027435,60278166,57027435.0,3250731.0,60278166.0,7032521.0,25888154.0,PG-13
"3,148",Austin Powers: International Man of Mystery,1997,18000000,53883989,67683989,53883989.0,13800000.0,67683989.0,,9548111.0,PG-13
"3,149",Diary of a Wimpy Kid: Rodrick Rules,2011,18000000,52698535,73695194,52698535.0,20996659.0,73695194.0,20002455.0,23751502.0,PG
"3,150",Amadeus,1984,18000000,51973029,52025100,51973029.0,52071.0,52025100.0,,505276.0,R
"3,151",Old,2021,18000000,48276510,89836797,48276510.0,41560287.0,89836797.0,6736940.0,16854735.0,PG-13
"3,152",The Forever Purge,2021,18000000,44539245,76950525,44539245.0,32411280.0,76950525.0,3661259.0,12551220.0,R
"3,153",Prom Night,2008,18000000,43869350,57193655,43869350.0,13324305.0,57193655.0,9059315.0,20804941.0,PG-13
"3,154",Soul Surfer,2011,18000000,43853424,47135489,43853424.0,3282065.0,47135489.0,21307179.0,10601862.0,PG
"3,155",Under the Tuscan Sun,2003,18000000,43601508,57490024,43601508.0,13888516.0,57490024.0,,9751425.0,PG-13
"3,156",Uncle Drew,2018,18000000,42469946,46594261,42469946.0,4124315.0,46594261.0,6288699.0,15242781.0,PG-13
"3,157",Birdman or (The Unexpected Virtue of Ignorance),2014,18000000,42340598,102544383,42340598.0,60203785.0,102544383.0,7934560.0,424397.0,R
"3,158",Peggy Sue Got Married,1986,18000000,41382841,41382841,41382841.0,,,,6942408.0,PG-13
"3,159",Gosford Park,2001,18000000,41300105,58271886,41300105.0,16971781.0,58271886.0,,241219.0,R
"3,160",Orange County,2002,18000000,41059716,43308707,41059716.0,2248991.0,43308707.0,,15053226.0,PG-13
"3,161",Gung Ho,1986,18000000,36611610,36611610,36611610.0,,,,7170830.0,PG-13
"3,162",Blue Jasmine,2013,18000000,33404871,102912961,33404871.0,69508090.0,102912961.0,5183246.0,612064.0,PG-13
"3,163",United 93,2006,18000000,31567134,77635035,31567134.0,46067901.0,77635035.0,18496154.0,11478360.0,R
"3,164",Honey,2003,18000000,30272254,62646763,30272254.0,32374509.0,62646763.0,,12856040.0,PG-13
"3,165",The Fog,2005,18000000,29511112,37048526,29511112.0,7537414.0,37048526.0,15054459.0,11752917.0,PG-13
"3,166",Spy Hard,1996,18000000,26936265,26936265,26936265.0,,,,10448420.0,PG-13
"3,167",Ricki and the Flash,2015,18000000,26839498,41166033,26839498.0,14326535.0,41166033.0,,6618610.0,PG-13
"3,168",Glory,1989,18000000,26828365,26828365,26828365.0,,,,63661.0,R
"3,169",The Art of Racing in the Rain,2019,18000000,26402818,33773963,26402818.0,7371145.0,33773963.0,6214308.0,8137584.0,PG
"3,170",Conan the Destroyer,1984,18000000,26400000,26400000,26400000.0,,,,6876768.0,PG
"3,171",Love the Coopers,2015,18000000,26302731,44263413,26302731.0,17960682.0,44263413.0,3766354.0,8317545.0,PG-13
"3,172",Catch-22,1970,18000000,24911670,24911670,24911670.0,,,,,R
"3,173",Observe and Report,2009,18000000,24007324,27148898,24007324.0,3141574.0,27148898.0,15577942.0,11017334.0,R
"3,174",Raging Bull,1980,18000000,23380203,23417649,23380203.0,37446.0,23417649.0,,128590.0,Not Rated
"3,175",Love Happens,2009,18000000,22965110,36133014,22965110.0,13167904.0,36133014.0,8954426.0,8057010.0,PG-13
"3,176",Fame,2009,18000000,22455510,80227619,22455510.0,57772109.0,80227619.0,6354914.0,10011682.0,PG
"3,177",The Circle,2017,18000000,20497844,45497689,20497844.0,24999845.0,45497689.0,2881055.0,9034148.0,PG-13
"3,178",The Pope’s Exorcist,2023,18000000,20009380,72913467,20009380.0,52904087.0,72913467.0,1896946.0,9006368.0,R
"3,179",Young Sherlock Holmes,1985,18000000,19739000,19739000,19739000.0,,,,2528234.0,PG-13
"3,180",127 Hours,2010,18000000,18335230,60217171,18335230.0,41881941.0,60217171.0,12287483.0,264851.0,R
"3,181",Small Time Crooks,2000,18000000,17266359,29934477,17266359.0,12668118.0,29934477.0,,3880723.0,PG
"3,182",Center Stage,2000,18000000,17200925,21361109,17200925.0,4160184.0,21361109.0,,4604621.0,PG-13
"3,183",Norm of the North,2016,18000000,17062499,30535660,17062499.0,13473161.0,30535660.0,4917186.0,6844137.0,PG
"3,184",Catch That Kid,2004,18000000,16703799,16959614,16703799.0,255815.0,16959614.0,,5824860.0,PG
"3,185",Jobs,2013,18000000,16131410,43402515,16131410.0,27271105.0,43402515.0,258679.0,6713900.0,PG-13
"3,186",Life as a House,2001,18000000,15652637,23889158,15652637.0,8236521.0,23889158.0,,294056.0,R
"3,187",Youth in Revolt,2010,18000000,15285588,19685588,15285588.0,4400000.0,19685588.0,7043093.0,6888334.0,R
"3,188",And So It Goes,2014,18000000,15160801,17920013,15160801.0,2759212.0,17920013.0,1012479.0,4642329.0,PG-13
"3,189","I Love You, Beth Cooper",2009,18000000,14800725,16382538,14800725.0,1581813.0,16382538.0,8093053.0,4919433.0,PG-13
"3,190",Blow Out,1981,18000000,13747234,13748714,13747234.0,1480.0,13748714.0,,3000000.0,R
"3,191",The Tailor of Panama,2001,18000000,13491653,27491653,13491653.0,14000000.0,27491653.0,,1837068.0,R
"3,192",The Legend of the Lone Ranger,1981,18000000,13400000,13400000,13400000.0,,,126313.0,2700000.0,PG
"3,193",Labor Day,2014,18000000,13371528,14189810,13371528.0,818282.0,14189810.0,5668853.0,5175282.0,PG-13
"3,194",Getaway,2013,18000000,10501938,11813989,10501938.0,1312051.0,11813989.0,73878.0,4503892.0,PG-13
"3,195",The Ice Storm,1997,18000000,8038061,16011975,8038061.0,7973914.0,16011975.0,,75183.0,R
"3,196",Being Julia,2004,18000000,7739049,14451322,7739049.0,6712273.0,14451322.0,,101126.0,R
"3,197",Troop Beverly Hills,1989,18000000,7190505,7190505,7190505.0,,,,2283443.0,
"3,198",Nine 1/2 Weeks,1986,18000000,6734844,6734844,6734844.0,,,,328804.0,
"3,199",The Last Station,2010,18000000,6617867,15696146,6617867.0,9078279.0,15696146.0,,73723.0,R
"3,200",Dragonslayer,1981,18000000,6000000,6000000,6000000.0,,,,2407939.0,
"3,201",Ed Wood,1994,18000000,5828466,5828734,5828466.0,268.0,5828734.0,,,R
"3,202",Mongol,2008,18000000,5705761,27147349,5705761.0,21441588.0,27147349.0,3525190.0,135326.0,R
"3,203",RocknRolla,2008,18000000,5700626,27794339,5700626.0,22093713.0,27794339.0,10787801.0,144701.0,R
"3,204",Megaforce,1982,18000000,5675599,5675599,5675599.0,,,,2350021.0,
"3,205",Mao's Last Dancer,2010,18000000,4806750,25941437,4806750.0,21134687.0,25941437.0,,199657.0,PG
"3,206",Hamlet,1996,18000000,4501094,7129670,4501094.0,2628576.0,7129670.0,,90684.0,PG-13
"3,207",The Railway Man,2014,18000000,4438438,23910210,4438438.0,19471772.0,23910210.0,743003.0,18078.0,R
"3,208",Restoration,1995,18000000,4100000,4100000,4100000.0,,,,75514.0,R
"3,209",Midnight Special,2016,18000000,3712282,7680250,3712282.0,3967968.0,7680250.0,2664771.0,190012.0,PG-13
"3,210",Miss Sloane,2016,18000000,3500605,7768259,3500605.0,4267654.0,7768259.0,,59797.0,R
"3,211",Metallica Through the Never,2013,18000000,3419967,9082906,3419967.0,5662939.0,9082906.0,1374932.0,1576561.0,R
"3,212",Anything Else,2003,18000000,3203044,13203044,3203044.0,10000000.0,13203044.0,,1673125.0,R
"3,213",Unforgettable,1996,18000000,2483790,2483790,2483790.0,,,,1442215.0,R
"3,214",T2: Trainspotting,2017,18000000,2402004,42130116,2402004.0,39728112.0,42130116.0,1713687.0,170575.0,R
"3,215",Das Weisse Band: Eine deutsche Kindergeschichte,2009,18000000,2222862,25727044,2222862.0,23504182.0,25727044.0,,59848.0,R
"3,216",8 Million Ways to Die,1986,18000000,1305114,1305114,1305114.0,,,127806.0,609955.0,
"3,217",Phantom,2013,18000000,1034589,1199510,1034589.0,164921.0,1199510.0,,508000.0,R
"3,218",The Salton Sea,2002,18000000,676698,676698,676698.0,,,,166309.0,R
"3,219",The Informers,2009,18000000,315000,315000,315000.0,,,,315000.0,R
"3,220",One Man's Hero,1999,18000000,229311,229311,229311.0,,,,108567.0,R
"3,221",Carlos,2010,18000000,145526,1619153,145526.0,1473627.0,1619153.0,,20006.0,Not Rated
"3,222",Renaissance,2006,18000000,70644,2401413,70644.0,2330769.0,2401413.0,,10800.0,R
"3,223",My Spy,2020,18000000,0,7074124,,7074124.0,7074124.0,,,PG-13
"3,225",Marriage Story,2019,18000000,0,321463,,321463.0,321463.0,370262.0,,R
"3,226",I Am Wrath,2016,18000000,0,309608,,309608.0,309608.0,3197285.0,,R
"3,227",Wolves,2014,18000000,0,94953,,94953.0,94953.0,2663538.0,,R
"3,228",Day of the Dead,2008,18000000,0,0,,,,,,R
"3,229",The Prince,2014,18000000,0,0,,,,2087872.0,,R
"3,230",Forsaken,2016,18000000,0,0,,,,2657678.0,,R
"3,231",On a Wing and a Prayer,2023,18000000,0,0,,,,,,PG
"3,232",Red Sonja,1985,17900000,6905861,6908640,6905861.0,2779.0,6908640.0,,284662.0,PG-13
"3,233",Baekdusan,2019,17700000,372562,59505509,372562.0,59132947.0,59505509.0,,36201.0,Not Rated
"3,234",Red Lights,2012,17700000,49521,14518884,49521.0,14469363.0,14518884.0,1248448.0,10340.0,R
"3,235",Superbad,2007,17500000,121463226,169955142,121463226.0,48491916.0,169955142.0,140986721.0,33052411.0,R
"3,236",Madea Goes To Jail,2009,17500000,90508336,90508336,90508336.0,,,30088307.0,41030947.0,PG-13
"3,237",Step Up 2 the Streets,2008,17500000,58017783,148586910,58017783.0,90569127.0,148586910.0,25187295.0,18908826.0,PG-13
"3,238",Hoodwinked,2006,17500000,51386611,109843390,51386611.0,58456779.0,109843390.0,32181171.0,12401900.0,PG
"3,239",Hotel Rwanda,2004,17500000,23519128,36520451,23519128.0,13001323.0,36520451.0,,100091.0,PG-13
"3,240",Beerfest,2006,17500000,19185184,20159316,19185184.0,974132.0,20159316.0,29652207.0,7031228.0,R
"3,241",Black Nativity,2013,17500000,7018188,7454184,7018188.0,435996.0,7454184.0,133358.0,3669530.0,PG
"3,242",City of Ghosts,2003,17500000,325491,325491,325491.0,,,,30547.0,R
"3,244",Hotel Mumbai,2019,17300000,9619500,21132855,9619500.0,11513355.0,21132855.0,761317.0,88065.0,R
"3,245",A Quiet Place,2018,17000000,188024361,334876670,188024361.0,146852309.0,334876670.0,24916988.0,50203562.0,PG-13
"3,246",Smile,2022,17000000,105935048,217038821,105935048.0,111103773.0,217038821.0,4161566.0,22609925.0,R
"3,247",The Others,2001,17000000,96545842,207788211,96545842.0,111242369.0,207788211.0,,14089952.0,PG-13
"3,248",Aliens,1986,17000000,85160248,183291893,85160248.0,98131645.0,183291893.0,,10052042.0,R
"3,249",Let’s Be Cops,2014,17000000,82390774,136890774,82390774.0,54500000.0,136890774.0,13595329.0,17813722.0,R
"3,250",I Know What You Did Last Summer,1997,17000000,72250091,125250091,72250091.0,53000000.0,125250091.0,,15818645.0,R
"3,251",My Fair Lady,2064,17000000,72000000,72073063,72000000.0,73063.0,72073063.0,3141209.0,,G
"3,252",Sideways,2004,17000000,71502303,109726800,71502303.0,38224497.0,109726800.0,,207042.0,R
"3,253",The Best Man Holiday,2013,17000000,70525195,72835710,70525195.0,2310515.0,72835710.0,20884922.0,30107555.0,R
"3,254",Friday the 13th,2009,17000000,65002019,92670237,65002019.0,27668218.0,92670237.0,10943305.0,40570365.0,R
"3,255",Pitch Perfect,2012,17000000,65001093,116044347,65001093.0,51043254.0,116044347.0,124583093.0,5149433.0,PG-13
"3,256",Halloween: H2O,1998,17000000,55041738,55041738,55041738.0,,,,16187724.0,R
"3,257",Evil Dead,2013,17000000,54239856,99010045,54239856.0,44770189.0,99010045.0,14801699.0,25775847.0,R
"3,258",Jet Li's Hero,2002,17000000,53652140,176373358,53652140.0,122721218.0,176373358.0,,18004319.0,PG-13
"3,259",Saw 3D,2010,17000000,45710178,133735284,45710178.0,88025106.0,133735284.0,15152993.0,24230123.0,R
"3,260","McFarland, USA",2015,17000000,44480275,45707924,44480275.0,1227649.0,45707924.0,9386392.0,11020798.0,PG
"3,261",Harriet,2019,17000000,43082155,44035587,43082155.0,953432.0,44035587.0,4868469.0,11676720.0,PG-13
"3,262",Almost Christmas,2016,17000000,42065185,42493506,42065185.0,428321.0,42493506.0,3687919.0,15134235.0,PG-13
"3,263",The Hills Have Eyes,2006,17000000,41778863,70355813,41778863.0,28576950.0,70355813.0,21192434.0,15708512.0,R
"3,264",Crawl,2019,17000000,39014193,91720490,39014193.0,52706297.0,91720490.0,6371486.0,12005210.0,R
"3,265",40 Days and 40 Nights,2002,17000000,37939782,95092667,37939782.0,57152885.0,95092667.0,,12229529.0,R
"3,266",Good Boy!,2003,17000000,37667746,45312217,37667746.0,7644471.0,45312217.0,,13107022.0,PG
"3,267",Smokin' Aces,2007,17000000,35662731,57263440,35662731.0,21600709.0,57263440.0,36705237.0,14638755.0,R
"3,268",A Night at the Roxbury,1998,17000000,30331165,30331165,30331165.0,,,,9604791.0,PG-13
"3,269",Beastly,2011,17000000,27865571,38028230,27865571.0,10162659.0,38028230.0,7581276.0,9851102.0,PG-13
"3,270",Brooklyn's Finest,2010,17000000,27163593,39233233,27163593.0,12069640.0,39233233.0,14905924.0,13350299.0,R
"3,271",Tron,1982,17000000,26918576,26919100,26918576.0,524.0,26919100.0,,4761795.0,PG
"3,272",Lottery Ticket,2010,17000000,24719879,24719879,24719879.0,,,11269961.0,10652297.0,PG-13
"3,273",Dickie Roberts: Former Child Star,2003,17000000,22734486,23734486,22734486.0,1000000.0,23734486.0,,6660540.0,PG-13
"3,274",ATL,2006,17000000,21170563,21170563,21170563.0,,,30879896.0,11554404.0,PG-13
"3,275",Summer Catch,2001,17000000,19693891,19693891,19693891.0,,,,7018593.0,PG-13
"3,276",A Simple Plan,1998,17000000,16316273,16316273,16316273.0,,,,390563.0,R
"3,277",Larry the Cable Guy: Health Inspector,2006,17000000,15680099,15680099,15680099.0,,,13781332.0,6922767.0,PG-13
"3,278",Superman IV: The Quest for Peace,1987,17000000,14522355,36700000,14522355.0,22177645.0,36700000.0,,5683122.0,PG
"3,279",They,2002,17000000,12840842,16140842,12840842.0,3300000.0,16140842.0,,5144090.0,PG-13
"3,280",The Adventures of Elmo in Grouchland,1999,17000000,11634458,11634458,11634458.0,,,,3255033.0,G
"3,281",55 Days at Peking,2063,17000000,10000000,10000000,10000000.0,,,,,Not Rated
"3,282",My Life in Ruins,2009,17000000,8677425,20477425,8677425.0,11800000.0,20477425.0,10874761.0,3223161.0,PG-13
"3,283",American Dreamz,2006,17000000,7314027,16510971,7314027.0,9196944.0,16510971.0,,3667420.0,PG-13
"3,284",How She Move,2008,17000000,7070641,8607815,7070641.0,1537174.0,8607815.0,,3957471.0,PG-13
"3,285",Running Scared,2006,17000000,6855137,9729088,6855137.0,2873951.0,9729088.0,,3381974.0,R
"3,286",The Apparition,2012,17000000,4936819,10637281,4936819.0,5700462.0,10637281.0,399432.0,2841488.0,PG-13
"3,287",Bobby Jones: Stroke of Genius,2004,17000000,2694071,2694071,2694071.0,,,,1233297.0,PG
"3,288",Shanghai Surprise,1986,17000000,2315000,2315000,2315000.0,,,,729885.0,
"3,289",L'illusionniste,2010,17000000,2231474,8609949,2231474.0,6378475.0,8609949.0,,38594.0,PG
"3,291",Veronica Guerin,2003,17000000,1569918,9438074,1569918.0,7868156.0,9438074.0,,611276.0,R
"3,292",Genius,2016,17000000,1361045,7265283,1361045.0,5904238.0,7265283.0,,98274.0,PG-13
"3,293",Nancy Drew and the Hidden Staircase,2019,17000000,623088,624549,623088.0,1461.0,624549.0,439646.0,,PG
"3,294",Southland Tales,2007,17000000,275380,364607,275380.0,89227.0,364607.0,,123428.0,R
"3,295",Escobar: Paradise Lost,2015,17000000,195792,3917679,195792.0,3721887.0,3917679.0,254978.0,106869.0,R
"3,296","Mune, le gardien de la lune",2015,17000000,0,14534046,,14534046.0,14534046.0,233252.0,,PG
"3,297",Chasseurs de dragons,2009,17000000,0,13446115,,13446115.0,13446115.0,,,PG-13
"3,298",Occupation: Rainfall,2021,17000000,0,354670,,354670.0,354670.0,,,R
"3,299",Damnation Alley,1977,17000000,0,0,,,,,,
"3,300",One Night in Miami,2020,16937665,0,0,,,,,,R
"3,301",The Young Messiah,2016,16800000,6469813,7313697,6469813.0,843884.0,7313697.0,2373455.0,3294876.0,PG-13
"3,302",FUR: An Imaginary Portrait of Diane Arbus,2006,16800000,223202,2281089,223202.0,2057887.0,2281089.0,,28815.0,R
"3,303",My Girl,1991,16500000,58011485,58011485,58011485.0,,,59360.0,12391783.0,PG-13
"3,304",Wall Street,1987,16500000,43848100,43848100,43848100.0,,,,4104611.0,R
"3,305",Sense and Sensibility,1995,16500000,42993774,134993774,42993774.0,92000000.0,134993774.0,,721341.0,PG
"3,306",The Illusionist,2006,16500000,39868642,83792062,39868642.0,43923420.0,83792062.0,39794897.0,927956.0,PG-13
"3,307",Becoming Jane,2007,16500000,18663911,39380831,18663911.0,20716920.0,39380831.0,8404004.0,972066.0,PG
"3,308",House of Sand and Fog,2003,16500000,13005485,16154786,13005485.0,3149301.0,16154786.0,,45572.0,R
"3,309",Sydney White,2007,16500000,11892415,13636339,11892415.0,1743924.0,13636339.0,8394366.0,5196380.0,PG-13
"3,311",Le Flic de Belleville,2018,16500000,0,8126380,,8126380.0,8126380.0,,,
"3,312",Dead Poets Society,1989,16400000,95860116,239500000,95860116.0,143639884.0,239500000.0,,,PG
"3,313",Gatwick Gangsters,2017,16066830,0,0,,,,,,Not Rated
"3,314",Dumb & Dumber,1994,16000000,127266176,246490802,127266176.0,119224626.0,246490802.0,,16363442.0,PG-13
"3,315",When Harry Met Sally…,1989,16000000,92823546,93000145,92823546.0,176599.0,93000145.0,,1094453.0,R
"3,316",Insidious: The Red Door,2023,16000000,82156962,186258928,82156962.0,104101966.0,186258928.0,1638317.0,33013036.0,PG-13
"3,317",Road Trip,2000,16000000,68525609,119739110,68525609.0,51213501.0,119739110.0,,15484004.0,R
"3,318",The Verdict,1982,16000000,53977250,53977250,53977250.0,,,,100982.0,R
"3,319",Varsity Blues,1999,16000000,52894169,54294169,52894169.0,1400000.0,54294169.0,,17515723.0,R
"3,320",Moonrise Kingdom,2012,16000000,45512466,68848446,45512466.0,23335980.0,68848446.0,15731420.0,522996.0,PG-13
"3,321",The Artist,2011,16000000,44667095,128100584,44667095.0,83433489.0,128100584.0,12556771.0,204878.0,PG-13
"3,322",The Unborn,2009,16000000,42670410,78208812,42670410.0,35538402.0,78208812.0,12047692.0,19810585.0,PG-13
"3,323",The Master of Disguise,2002,16000000,40363530,40363530,40363530.0,,,,12554650.0,PG
"3,324",The Texas Chainsaw Massacre: The Beginning,2006,16000000,39517763,50517763,39517763.0,11000000.0,50517763.0,17188088.0,18508228.0,R
"3,325",El Laberinto del Fauno,2006,16000000,37634615,87041569,37634615.0,49406954.0,87041569.0,44810063.0,568641.0,R
"3,326",The Roommate,2011,16000000,37300107,52545707,37300107.0,15245600.0,52545707.0,7037068.0,15002635.0,PG-13
"3,327",The Messengers,2007,16000000,35374833,53774833,35374833.0,18400000.0,53774833.0,16820356.0,14713321.0,PG-13
"3,328",The Killing Fields,1984,16000000,34609720,34609720,34609720.0,,,552442.0,32181.0,R
"3,329",See Spot Run,2001,16000000,33357476,43057552,33357476.0,9700076.0,43057552.0,,9715102.0,PG
"3,330",Double Impact,1991,16000000,29090445,29090445,29090445.0,,,,7574703.0,R
"3,331",Baby Boy,2001,16000000,28734552,28734552,28734552.0,,,,8606403.0,R
"3,332",Nobody,2021,16000000,27568035,57512470,27568035.0,29944435.0,57512470.0,9567499.0,6820100.0,R
"3,333",Joe Dirt,2001,16000000,27087695,30987695,27087695.0,3900000.0,30987695.0,275308.0,8016008.0,PG-13
"3,334",The Women,2008,16000000,26902075,50103808,26902075.0,23201733.0,50103808.0,11075597.0,10155121.0,PG-13
"3,335",Hot Fuzz,2007,16000000,23618786,80695830,23618786.0,57077044.0,80695830.0,36652917.0,5848464.0,R
"3,336",Vicky Cristina Barcelona,2008,16000000,23216709,104504817,23216709.0,81288108.0,104504817.0,9308789.0,3755575.0,PG-13
"3,337",A Dog’s Journey,2019,16000000,22782371,78867205,22782371.0,56084834.0,78867205.0,4811575.0,8030085.0,PG
"3,338",Stuber,2019,16000000,22370452,29634023,22370452.0,7263571.0,29634023.0,2061023.0,8225384.0,R
"3,339",Boys and Girls,2000,16000000,21799652,21799652,21799652.0,,,,7008950.0,PG-13
"3,340",Superfly,2018,16000000,20537137,20739323,20537137.0,202186.0,20739323.0,1938982.0,6870740.0,R
"3,341",Léon,1994,16000000,19284974,45270233,19284974.0,25985259.0,45270233.0,1738232.0,5306558.0,R
"3,342",Remember Me,2010,16000000,19068240,56506120,19068240.0,37437880.0,56506120.0,15109372.0,8089139.0,PG-13
"3,343",White Oleander,2002,16000000,16357770,21657770,16357770.0,5300000.0,21657770.0,,5607480.0,PG-13
"3,344",Jennifer's Body,2009,16000000,16204793,31943401,16204793.0,15738608.0,31943401.0,8807560.0,6868397.0,R
"3,345",Drowning Mona,2000,16000000,15427192,15980376,15427192.0,553184.0,15980376.0,,5802229.0,PG-13
"3,346",Radio Days,1987,16000000,14792779,14792779,14792779.0,,,,1522423.0,PG
"3,347",How to Deal,2003,16000000,14108518,14125516,14108518.0,16998.0,14125516.0,,5809960.0,PG-13
"3,348",Left Behind,2014,16000000,14019924,20769209,14019924.0,6749285.0,20769209.0,5316700.0,6300146.0,PG-13
"3,349",Soul Plane,2004,16000000,13922211,14553807,13922211.0,631596.0,14553807.0,,5648486.0,R
"3,350",My Stepmother Is an Alien,1988,16000000,13854000,13854000,13854000.0,,,,2066980.0,PG-13
"3,351",People Like Us,2012,16000000,12431792,12617472,12431792.0,185680.0,12617472.0,5796337.0,4255423.0,PG-13
"3,352",The Thirteenth Floor,1999,16000000,11810854,11810854,11810854.0,,,,4278452.0,R
"3,353",The Cookout,2004,16000000,11540112,11540112,11540112.0,,,,5000900.0,PG-13
"3,354",Meteor,1979,16000000,8400000,8400000,8400000.0,,,142001.0,,
"3,355",Highlander,1986,16000000,5900000,12900000,5900000.0,7000000.0,12900000.0,,2453021.0,R
"3,356",Bleed for This,2016,16000000,5083906,7171320,5083906.0,2087414.0,7171320.0,1457277.0,2366810.0,R
"3,357",Hollywood Ending,2002,16000000,4839383,14839383,4839383.0,10000000.0,14839383.0,,2017981.0,PG-13
"3,358",Duets,2000,16000000,4734235,6615452,4734235.0,1881217.0,6615452.0,,2002588.0,R
"3,359",Detroit Rock City,1999,16000000,4217115,5825314,4217115.0,1608199.0,5825314.0,,2005512.0,R
"3,360",The Apprentice,2024,16000000,4001910,9129167,4001910.0,5127257.0,9129167.0,,1613233.0,R
"3,361",Things We Lost in the Fire,2007,16000000,3287315,8120148,3287315.0,4832833.0,8120148.0,3188276.0,1561949.0,R
"3,362",The Homesman,2014,16000000,2429989,8217571,2429989.0,5787582.0,8217571.0,3446285.0,45433.0,R
"3,363",Trance,2013,16000000,2322593,22594052,2322593.0,20271459.0,22594052.0,,131145.0,R
"3,364",The Immigrant,2014,16000000,2013456,7585011,2013456.0,5571555.0,7585011.0,20417.0,44064.0,R
"3,365",Steel,1997,16000000,1686429,1686429,1686429.0,,,,870068.0,PG-13
"3,366",The White Countess,2005,16000000,1669971,2814566,1669971.0,1144595.0,2814566.0,,46348.0,PG-13
"3,367",Bienvenue chez les Ch'tis,2008,16000000,1477650,247474497,1477650.0,245996847.0,247474497.0,,,Not Rated
"3,368",Ban-do,2020,16000000,1224525,35091523,1224525.0,33866998.0,35091523.0,32392.0,118647.0,
"3,369","Men, Women and Children",2014,16000000,705908,1685403,705908.0,979495.0,1685403.0,144714.0,48024.0,R
"3,370",Teen Spirit,2019,16000000,441366,1573603,441366.0,1132237.0,1573603.0,,43620.0,PG-13
"3,371",Enter the Void,2010,16000000,337997,1467278,337997.0,1129281.0,1467278.0,,43651.0,Not Rated
"3,372",Good,2008,16000000,31631,31631,31631.0,,,,9508.0,R
"3,373",Vamps,2012,16000000,3361,94812,3361.0,91451.0,94812.0,,548.0,PG-13
"3,374",Haeundae,2010,16000000,0,64733391,,64733391.0,64733391.0,,,R
"3,375",Hachiko: A Dog’s Story,2010,16000000,0,47707417,,47707417.0,47707417.0,7623363.0,,G
"3,376",Zulu,2013,16000000,0,1844228,,1844228.0,1844228.0,,,R
"3,377",The Lovebirds,2020,16000000,0,0,,,,,,R
"3,378",The Iron Claw,2023,15900000,35611828,42816090,35611828.0,7204262.0,42816090.0,,4868370.0,R
"3,379",The Old Man and the Gun,2018,15800000,11277120,16955673,11277120.0,5678553.0,16955673.0,2608805.0,142131.0,PG-13
"3,380",Demon Slayer: Kimetsu no Yaiba—The Movie: Mugen…,2020,15750000,49888502,507119058,49888502.0,457230556.0,507119058.0,3131046.0,22789600.0,R
"3,381",Second Act,2018,15700000,39282227,63288854,39282227.0,24006627.0,63288854.0,2023586.0,6489983.0,PG-13
"3,382",Juwanna Mann,2002,15600000,13571817,13771817,13571817.0,200000.0,13771817.0,,5474270.0,PG-13
"3,383",Triangle of Sadness,2022,15600000,4608096,32890983,4608096.0,28282887.0,32890983.0,545957.0,214602.0,R
"3,384",The Personal History of David Copperfield,2020,15600000,1876298,14630654,1876298.0,12754356.0,14630654.0,,475800.0,PG
"3,385",La Môme,2007,15500000,10299782,88611837,10299782.0,78312055.0,88611837.0,,179848.0,PG-13
"3,386",Ararat,2002,15500000,1693000,1757694,1693000.0,64694.0,1757694.0,,211130.0,R
"3,387",Slow Burn,2007,15500000,1237615,1237615,1237615.0,,,964213.0,778123.0,R
"3,388",Madison,2005,15500000,517262,517262,517262.0,,,,268370.0,PG
"3,389",The Yellow Handkerchief,2010,15500000,318623,318623,318623.0,,,,37296.0,PG-13
"3,390",Annette,2021,15500000,0,3349127,,3349127.0,3349127.0,,,R
"3,391",Far from the Madding Crowd,2015,15495600,12236500,29721410,12236500.0,17484910.0,29721410.0,1514635.0,164985.0,PG-13
"3,392",Wasabi,2002,15300000,81525,7000000,81525.0,6918475.0,7000000.0,,17560.0,R
"3,393",Slither,2006,15250000,7802450,12930343,7802450.0,5127893.0,12930343.0,8274181.0,3880270.0,R
"3,394",Home Alone,1990,15000000,285761243,476678838,285761243.0,190917595.0,476678838.0,,17081997.0,PG
"3,395",Beverly Hills Cop,1984,15000000,234760478,316300000,234760478.0,81539522.0,316300000.0,,15214805.0,R
"3,396",Top Gun,1986,15000000,180470489,357463748,180470489.0,176993259.0,357463748.0,,8193052.0,PG
"3,397",Tootsie,1982,15000000,177200000,177200289,177200000.0,289.0,177200289.0,,5540470.0,PG
"3,398",3 Men and a Baby,1987,15000000,167780960,167780960,167780960.0,,,,10384392.0,PG
"3,399",The King’s Speech,2010,15000000,138797449,430061213,138797449.0,291263764.0,430061213.0,42011963.0,355450.0,R
"3,400",American Beauty,1999,15000000,130058047,356258047,130058047.0,226200000.0,356258047.0,,861531.0,R
"3,401","Crouching Tiger, Hidden Dragon",2000,15000000,128519357,213966221,128519357.0,85446864.0,213966221.0,,663205.0,PG-13
"3,402",Twins,1988,15000000,111936388,216600000,111936388.0,104663612.0,216600000.0,,11174980.0,PG
"3,403",Scream,1996,15000000,103046663,173046640,103046663.0,69999977.0,173046640.0,,6354586.0,R
"3,404",Annabelle: Creation,2017,15000000,102092201,305384865,102092201.0,203292664.0,305384865.0,5186898.0,35006404.0,R
"3,405",Jackass Presents: Bad Grandpa,2013,15000000,102003019,160903019,102003019.0,58900000.0,160903019.0,23220305.0,32055177.0,R
"3,406",Heaven Can Wait,1978,15000000,98800000,98800000,98800000.0,,,,3652486.0,PG
"3,407",The Color Purple,1985,15000000,94029472,94029472,94029472.0,,,,1710333.0,PG-13
"3,408",The Imitation Game,2014,15000000,91125143,227328585,91125143.0,136203442.0,227328585.0,10929742.0,479352.0,PG-13
"3,409",Beetlejuice,1988,15000000,77475359,78103190,77475359.0,627831.0,78103190.0,,8030897.0,PG
"3,410",Ben-Hur,2059,15000000,73000000,73226628,73000000.0,226628.0,73226628.0,,,G
"3,411",10 Cloverfield Lane,2016,15000000,72082999,108286422,72082999.0,36203423.0,108286422.0,8298497.0,24727437.0,PG-13
"3,412",Mama,2013,15000000,71628180,148095566,71628180.0,76467386.0,148095566.0,12460301.0,28402310.0,PG-13
"3,413",Private Benjamin,1980,15000000,69847348,69847348,69847348.0,,,,4739769.0,R
"3,414",Coal Miner’s Daughter,1980,15000000,67182787,67182787,67182787.0,,,,3366443.0,PG
"3,415",Lethal Weapon,1987,15000000,65192350,120192350,65192350.0,55000000.0,120192350.0,,6829949.0,R
"3,416",Diary of a Wimpy Kid,2010,15000000,64003625,76954311,64003625.0,12950686.0,76954311.0,47414434.0,22126166.0,PG
"3,417",Dog,2022,15000000,61778069,84543632,61778069.0,22765563.0,84543632.0,4598285.0,14883928.0,PG-13
"3,418",National Lampoon’s Vacation,1983,15000000,61400000,61400000,61400000.0,,,,8333358.0,R
"3,419",Halloween,2007,15000000,58269151,77514401,58269151.0,19245250.0,77514401.0,41868374.0,26362367.0,R
"3,420",Godzilla Minus One (ゴジラ最新作),2023,15000000,57144669,105094084,57144669.0,47949415.0,105094084.0,,11419975.0,PG-13
"3,421",The Queen,2006,15000000,56441711,128885873,56441711.0,72444162.0,128885873.0,29203528.0,122014.0,PG-13
"3,422",Why Did I Get Married?,2007,15000000,55204525,55934178,55204525.0,729653.0,55934178.0,32203699.0,21353789.0,PG-13
"3,423",The Woman in Black,2012,15000000,54333290,128955898,54333290.0,74622608.0,128955898.0,12170458.0,20874072.0,PG-13
"3,424",Jesus Revolution,2023,15000000,52102987,53380981,52102987.0,1277994.0,53380981.0,2927975.0,15882067.0,PG-13
"3,425",Little Women,1994,15000000,50003303,50003303,50003303.0,,,,5303288.0,PG
"3,426",The Deer Hunter,1978,15000000,50000000,50065119,50000000.0,65119.0,50065119.0,,,R
"3,427",BlacKkKlansman,2018,15000000,49275340,93411426,49275340.0,44136086.0,93411426.0,6897196.0,10845330.0,R
"3,428",When a Stranger Calls,2006,15000000,47860214,67215435,47860214.0,19355221.0,67215435.0,13938250.0,21607203.0,PG-13
"3,429",Big Fat Liar,2002,15000000,47811275,52461017,47811275.0,4649742.0,52461017.0,,11554015.0,PG
"3,430",Cop Land,1997,15000000,44906632,63706632,44906632.0,18800000.0,63706632.0,,13510482.0,R
"3,431",Wag the Dog,1997,15000000,43057470,64252038,43057470.0,21194568.0,64252038.0,,92079.0,R
"3,432",Snitch,2013,15000000,42930462,57907734,42930462.0,14977272.0,57907734.0,15840152.0,13167607.0,PG-13
"3,433",The Lizzie McGuire Movie,2003,15000000,42734455,55534455,42734455.0,12800000.0,55534455.0,,17338755.0,PG
"3,434",Krampus,2015,15000000,42725475,61788393,42725475.0,19062918.0,61788393.0,9888933.0,16293325.0,PG-13
"3,435",End of Watch,2012,15000000,41003371,57586606,41003371.0,16583235.0,57586606.0,26237877.0,13152683.0,R
"3,436",The Faculty,1998,15000000,40283321,40283321,40283321.0,,,,11633495.0,R
"3,437",What's Love Got to Do With It,1993,15000000,39100956,39147078,39100956.0,46122.0,39147078.0,,1222718.0,R
"3,438",Not Another Teen Movie,2001,15000000,37882551,62401343,37882551.0,24518792.0,62401343.0,,12615116.0,R
"3,439",Wild,2014,15000000,37880356,52460543,37880356.0,14580187.0,52460543.0,9545596.0,606810.0,R
"3,440",Lawrence of Arabia,2062,15000000,37495385,69995047,37495385.0,32499662.0,69995047.0,12454475.0,,PG
"3,441",Speak No Evil,2024,15000000,36931420,75717557,36931420.0,38786137.0,75717557.0,,11397595.0,R
"3,442",The Theory of Everything,2014,15000000,35893537,123327692,35893537.0,87434155.0,123327692.0,6061068.0,208763.0,PG-13
"3,443",Drive,2011,15000000,35060689,81357930,35060689.0,46297241.0,81357930.0,22387826.0,11340461.0,R
"3,444",The Skulls,2000,15000000,35007180,35007180,35007180.0,,,,11034885.0,PG-13
"3,445",Hawaii,2066,15000000,34562222,34562222,34562222.0,,,,,Not Ratedapproved
"3,446",The Favourite,2018,15000000,34366783,95829459,34366783.0,61462676.0,95829459.0,2758371.0,422410.0,R
"3,447",Malibu’s Most Wanted,2003,15000000,34308901,34499204,34308901.0,190303.0,34499204.0,,12618159.0,PG-13
"3,448",All About Steve,2009,15000000,33862903,40127259,33862903.0,6264356.0,40127259.0,8533649.0,11241214.0,PG-13
"3,449",Where the Heart Is,2000,15000000,33771174,40862054,33771174.0,7090880.0,40862054.0,,8292939.0,PG-13
"3,450",Halloween 2,2009,15000000,33392973,38512850,33392973.0,5119877.0,38512850.0,11482106.0,16349565.0,R
"3,451",The Last House on the Left,2009,15000000,32752215,46526243,32752215.0,13774028.0,46526243.0,23867496.0,14118685.0,R
"3,452",Because of Winn-Dixie,2005,15000000,32647042,33508485,32647042.0,861443.0,33508485.0,,10208431.0,PG
"3,453",Don’t Breathe 2,2021,15000000,32638038,47201347,32638038.0,14563309.0,47201347.0,1936167.0,10622473.0,R
"3,454",Thanksgiving,2023,15000000,31945385,46044880,31945385.0,14099495.0,46044880.0,,10306272.0,R
"3,455",The Wedding Date,2005,15000000,31726995,47175038,31726995.0,15448043.0,47175038.0,,11129580.0,PG-13
"3,456",The Princess Bride,1987,15000000,30857000,31046220,30857000.0,189220.0,31046220.0,,206243.0,PG
"3,457",Halloween: Resurrection,2002,15000000,30259652,37659652,30259652.0,7400000.0,37659652.0,,12292121.0,R
"3,458",The Great Debaters,2007,15000000,30226144,30261293,30226144.0,35149.0,30261293.0,26021187.0,6005180.0,PG-13
"3,459",When the Game Stands Tall,2014,15000000,30127963,30138912,30127963.0,10949.0,30138912.0,15114606.0,8381509.0,PG
"3,460",Clash of the Titans,1981,15000000,30000000,44400000,30000000.0,14400000.0,44400000.0,,6580742.0,PG
"3,461",Confessions of a Teenage Drama Queen,2004,15000000,29331068,33118854,29331068.0,3787786.0,33118854.0,,9350572.0,PG
"3,462",The Object of my Affection,1998,15000000,29145924,29145924,29145924.0,,,,9725855.0,R
"3,463",28 Weeks Later,2007,15000000,28638916,64232714,28638916.0,35593798.0,64232714.0,25243433.0,9807292.0,R
"3,464",Grosse Pointe Blank,1997,15000000,28084357,31070412,28084357.0,2986055.0,31070412.0,,6870397.0,R
"3,465",Love & Basketball,2000,15000000,27441122,27709625,27441122.0,268503.0,27709625.0,,8139180.0,PG-13
"3,466",Home Again,2017,15000000,27020284,37336874,27020284.0,10316590.0,37336874.0,,8567881.0,PG-13
"3,467",Book of Shadows: Blair Witch 2,2000,15000000,26421314,47721314,26421314.0,21300000.0,47721314.0,,13223887.0,R
"3,468",Boogie Nights,1997,15000000,26410771,43111725,26410771.0,16700954.0,43111725.0,,50168.0,R
"3,469",Ramona and Beezus,2010,15000000,26167002,27469621,26167002.0,1302619.0,27469621.0,20973630.0,7810481.0,G
"3,470",Escape Room: Tournament of Champions,2021,15000000,25314753,53493064,25314753.0,28178311.0,53493064.0,1961790.0,8801391.0,PG-13
"3,471",The November Man,2014,15000000,25018119,34820335,25018119.0,9802216.0,34820335.0,1708063.0,7911597.0,R
"3,472",The Craft,1996,15000000,24769466,55669466,24769466.0,30900000.0,55669466.0,,6710995.0,R
"3,473",Match Point,2005,15000000,23089926,87950928,23089926.0,64861002.0,87950928.0,8262564.0,398593.0,R
"3,474",The Remains of the Day,1993,15000000,22954968,63954968,22954968.0,41000000.0,63954968.0,,,PG
"3,475",Nowhere to Run,1993,15000000,22189039,52189039,22189039.0,30000000.0,52189039.0,,8203255.0,R
"3,476",Urban Legends: Final Cut,2000,15000000,21468807,38574362,21468807.0,17105555.0,38574362.0,,8505513.0,R
"3,477",The Place Beyond the Pines,2013,15000000,21403519,47011449,21403519.0,25607930.0,47011449.0,7074309.0,279457.0,R
"3,478",Flicka,2006,15000000,21000147,21896367,21000147.0,896220.0,21896367.0,50921479.0,7703551.0,PG
"3,479",The Hills Have Eyes II,2007,15000000,20804166,37466538,20804166.0,16662372.0,37466538.0,31132738.0,9686362.0,R
"3,480",Keanu,2016,15000000,20591853,20688141,20591853.0,96288.0,20688141.0,4084857.0,9453224.0,R
"3,481",The Photograph,2020,15000000,20578185,20704381,20578185.0,126196.0,20704381.0,,12181865.0,PG-13
"3,482",Country Strong,2010,15000000,20218921,20601987,20218921.0,383066.0,20601987.0,11284622.0,30452.0,PG-13
"3,483",Tuck Everlasting,2002,15000000,19161999,19344615,19161999.0,182616.0,19344615.0,,5268764.0,PG
"3,484",The Big Lebowski,1998,15000000,18906338,47597102,18906338.0,28690764.0,47597102.0,,5533844.0,R
"3,485",The Marine,2006,15000000,18844784,22165608,18844784.0,3320824.0,22165608.0,27314517.0,7138774.0,PG-13
"3,486",Disturbing Behavior,1998,15000000,17507368,19014238,17507368.0,1506870.0,19014238.0,,7007714.0,R
"3,487",A Most Wanted Man,2014,15000000,17237855,36068890,17237855.0,18831035.0,36068890.0,2332879.0,2686526.0,R
"3,488",The Green Knight,2021,15000000,17173321,20022491,17173321.0,2849170.0,20022491.0,3315501.0,6745121.0,R
"3,489",The Hurt Locker,2009,15000000,17017811,49876984,17017811.0,32859173.0,49876984.0,50621777.0,145352.0,R
"3,490",Eye of the Beholder,2000,15000000,16500786,18260865,16500786.0,1760079.0,18260865.0,,5959447.0,R
"3,491",The Man with the Iron Fists,2012,15000000,15634090,22018988,15634090.0,6384898.0,22018988.0,11829365.0,7910980.0,R
"3,492",Firestarter,1984,15000000,15136870,15136870,15136870.0,,,539719.0,4726660.0,R
"3,493",Miss Bala,2019,15000000,14998027,15364632,14998027.0,366605.0,15364632.0,1791847.0,6864744.0,PG-13
"3,494",Killing Them Softly,2012,15000000,14945541,39238443,14945541.0,24292902.0,39238443.0,5998615.0,6812900.0,R
"3,495",Freddy Got Fingered,2001,15000000,14249005,14249005,14249005.0,,,,7098459.0,R
"3,496",One Day,2011,15000000,13843771,59168692,13843771.0,45324921.0,59168692.0,,5079566.0,PG-13
"3,497",De-Lovely,2004,15000000,13337299,18524496,13337299.0,5187197.0,18524496.0,,,PG-13
"3,498",Whip It,2009,15000000,13077184,18889972,13077184.0,5812788.0,18889972.0,9601943.0,4650812.0,PG-13
"3,499",The Pirates Who Don't Do Anything: A VeggieTale…,2008,15000000,12981269,13248444,12981269.0,267175.0,13248444.0,5565224.0,4251320.0,G
"3,500",U2 3D,2008,15000000,12898847,26170402,12898847.0,13271555.0,26170402.0,,964315.0,G
"3,501",Highlander: Endgame,2000,15000000,12801190,12801190,12801190.0,,,,6223330.0,R
"3,502",The Founder,2016,15000000,12786053,24235774,12786053.0,11449721.0,24235774.0,2707955.0,3404102.0,PG-13
"3,503",Idlewild,2006,15000000,12669914,12669914,12669914.0,,,3924418.0,5745780.0,R
"3,504",Confidence,2003,15000000,12212417,12970401,12212417.0,757984.0,12970401.0,,4563588.0,R
"3,505",Blinded by the Light,2019,15000000,11901145,19529914,11901145.0,7628769.0,19529914.0,1151155.0,4333305.0,PG-13
"3,506",Knockaround Guys,2002,15000000,11660180,12419700,11660180.0,759520.0,12419700.0,,5016852.0,R
"3,507",The Muse,1999,15000000,11614954,11614954,11614954.0,,,,3926825.0,PG-13
"3,508",Barney's Great Adventure,1998,15000000,11156471,11156471,11156471.0,,,,2203865.0,G
"3,509",The Danish Girl,2015,15000000,11114018,67514963,11114018.0,56400945.0,67514963.0,1434106.0,187318.0,R
"3,510",New York Stories,1989,15000000,10763469,10763469,10763469.0,,,,,PG
"3,511",Home Fries,1998,15000000,10513979,10513979,10513979.0,,,,3784023.0,PG-13
"3,512",Here on Earth,2000,15000000,10494147,10845127,10494147.0,350980.0,10845127.0,,4510705.0,PG-13
"3,513",Raise Your Voice,2004,15000000,10411980,14811980,10411980.0,4400000.0,14811980.0,,4022693.0,PG
"3,514",Brazil,1985,15000000,9929135,9934484,9929135.0,5349.0,9934484.0,,30099.0,R
"3,515",The Dark Half,1993,15000000,9579068,9579068,9579068.0,,,,3250883.0,R
"3,516",Black Snake Moan,2007,15000000,9396870,10951153,9396870.0,1554283.0,10951153.0,13165882.0,4143199.0,R
"3,517",Dark Blue,2003,15000000,9237470,12262065,9237470.0,3024595.0,12262065.0,,3880688.0,R
"3,518",A Mighty Heart,2007,15000000,9176787,19153568,9176787.0,9976781.0,19153568.0,5662082.0,3948863.0,R
"3,519",Brainstorm,1983,15000000,8921050,8921050,8921050.0,,,,1196965.0,PG
"3,520",Queen of Katwe,2016,15000000,8874389,10055481,8874389.0,1181092.0,10055481.0,2936509.0,304933.0,PG
"3,521",Whatever it Takes,2000,15000000,8735529,8735529,8735529.0,,,,4104298.0,PG-13
"3,522",Boat Trip,2003,15000000,8586376,14933713,8586376.0,6347337.0,14933713.0,,3815075.0,R
"3,523",The Importance of Being Earnest,2002,15000000,8378141,8667209,8378141.0,289068.0,8667209.0,,398662.0,PG
"3,524",The Love Letter,1999,15000000,8322608,9740481,8322608.0,1417873.0,9740481.0,,2692819.0,PG-13
"3,525",Hoot,2006,15000000,8117637,8224998,8117637.0,107361.0,8224998.0,11297598.0,3368197.0,PG
"3,526",Trumbo,2015,15000000,7857741,13300181,7857741.0,5442440.0,13300181.0,720835.0,74177.0,R
"3,527",In Bruges,2008,15000000,7800825,34509748,7800825.0,26708923.0,34509748.0,4917133.0,457227.0,R
"3,528",Promised Land,2013,15000000,7597898,12394562,7597898.0,4796664.0,12394562.0,4558204.0,173915.0,R
"3,529",Mulholland Drive,2001,15000000,7219578,20780568,7219578.0,13560990.0,20780568.0,,587591.0,R
"3,530",Hotel Artemis,2018,15000000,6708137,13316627,6708137.0,6608490.0,13316627.0,1318579.0,3232790.0,R
"3,531",The Rocker,2008,15000000,6409528,8767338,6409528.0,2357810.0,8767338.0,9489331.0,2636048.0,PG-13
"3,532",Post Grad,2009,15000000,6382178,6563402,6382178.0,181224.0,6563402.0,1812312.0,2651996.0,PG-13
"3,533",Whatever Works,2009,15000000,5306706,35106706,5306706.0,29800000.0,35106706.0,,266162.0,PG-13
"3,534",The In Crowd,2000,15000000,5217498,5217498,5217498.0,,,,1505551.0,PG-13
"3,535",Los tres entierros de Melquiades Estrada,2005,15000000,5027684,13454474,5027684.0,8426790.0,13454474.0,6817582.0,23859.0,R
"3,536",Jakob the Liar,1999,15000000,4956401,4956401,4956401.0,,,,2056647.0,PG-13
"3,537","Lust, Caution",2007,15000000,4604982,65167430,4604982.0,60562448.0,65167430.0,,63918.0,NC-17for some explicit sexuality
"3,538",The Company Men,2011,15000000,4444612,4569967,4444612.0,125355.0,4569967.0,3889070.0,647797.0,R
"3,539","Kiss Kiss, Bang Bang",2005,15000000,4235837,16829464,4235837.0,12593627.0,16829464.0,6954123.0,180660.0,R
"3,540",Idle Hands,1999,15000000,4023741,4024147,4023741.0,406.0,4024147.0,,1807181.0,R
"3,541",Scouts Guide to the Zombie Apocalypse,2015,15000000,3703046,15554855,3703046.0,11851809.0,15554855.0,2613078.0,1841007.0,R
"3,542",Blood and Chocolate,2007,15000000,3526588,6551310,3526588.0,3024722.0,6551310.0,8691242.0,2074300.0,PG-13
"3,543",You Will Meet a Tall Dark Stranger,2010,15000000,3247816,38535748,3247816.0,35287932.0,38535748.0,,160103.0,R
"3,544",Rock the Kasbah,2015,15000000,3020665,3386153,3020665.0,365488.0,3386153.0,153658.0,1470592.0,R
"3,545",Chi-raq,2015,15000000,2653031,2733397,2653031.0,80366.0,2733397.0,253093.0,1198453.0,R
"3,546",Never Let Me Go,2010,15000000,2434652,11173718,2434652.0,8739066.0,11173718.0,3828860.0,111734.0,R
"3,547",The Disappointments Room,2016,15000000,2423467,3503761,2423467.0,1080294.0,3503761.0,,1402822.0,R
"3,548",The Company,2003,15000000,2281585,3393606,2281585.0,1112021.0,3393606.0,,93776.0,PG-13
"3,549",Transsiberian,2008,15000000,2203641,6379575,2203641.0,4175934.0,6379575.0,,34615.0,R
"3,550",Crazy in Alabama,1999,15000000,1954202,1954202,1954202.0,,,,1010596.0,PG-13
"3,551",The Clan of the Cave Bear,1986,15000000,1953732,1953732,1953732.0,,,,25428.0,
"3,552",Armageddon Time,2022,15000000,1872625,99478272,1872625.0,97605647.0,99478272.0,,70275.0,R
"3,553",The Comedian,2017,15000000,1658706,1658706,1658706.0,,,114860.0,1100000.0,R
"3,554",Funny Games,2008,15000000,1294640,8200127,1294640.0,6905487.0,8200127.0,,510958.0,R
"3,555",Banlieue 13,2006,15000000,1200216,11599903,1200216.0,10399687.0,11599903.0,,411544.0,R
"3,556",Felicia's Journey,1999,15000000,824295,1970268,824295.0,1145973.0,1970268.0,,43131.0,PG-13
"3,557",Metropolis,2002,15000000,673414,1405032,673414.0,731618.0,1405032.0,,84660.0,PG-13
"3,558",Cìkè Niè Yinniáng,2015,15000000,632542,11279884,632542.0,10647342.0,11279884.0,213435.0,47892.0,Not Rated
"3,559",Things to Do in Denver when You're Dead,1995,15000000,529766,529766,529766.0,,,,44108.0,R
"3,560",The Reluctant Fundamentalist,2013,15000000,528731,528731,528731.0,,,,30920.0,R
"3,561",The Return,2004,15000000,501752,5953886,501752.0,5452134.0,5953886.0,,19795.0,PG-13
"3,562",Buffalo Soldiers,2003,15000000,353743,1768976,353743.0,1415233.0,1768976.0,,30977.0,R
"3,563",Steal,2003,15000000,220944,240025,220944.0,19081.0,240025.0,,123087.0,Not Rated
"3,564",Centurion,2010,15000000,123570,7885048,123570.0,7761478.0,7885048.0,5857539.0,42826.0,R
"3,565",Ong-Bak 2,2009,15000000,102458,7583050,102458.0,7480592.0,7583050.0,2476180.0,26564.0,R
"3,566",Silent Trigger,1996,15000000,76382,76382,76382.0,,,,,
"3,567",Midnight Meat Train,2008,15000000,73548,1590246,73548.0,1516698.0,1590246.0,,34394.0,R
"3,568",Winnie Mandela,2013,15000000,61847,61847,61847.0,,,,61847.0,R
"3,569",The Son of No One,2011,15000000,30680,1148578,30680.0,1117898.0,1148578.0,2266285.0,18015.0,R
"3,570",All the Queen's Men,2002,15000000,22723,22723,22723.0,,,,15026.0,PG-13
"3,571",The Good Night,2007,15000000,22441,22441,22441.0,,,,12377.0,R
"3,572",Barely Lethal,2015,15000000,4912,513303,4912.0,508391.0,513303.0,238081.0,1726.0,PG-13
"3,573",Khumba,2013,15000000,0,20898221,,20898221.0,20898221.0,1027682.0,,Not Rated
"3,574",A Few Best Men,2012,15000000,0,17224539,,17224539.0,17224539.0,89944.0,,Not Rated
"3,575",Autómata,2014,15000000,0,6775458,,6775458.0,6775458.0,330989.0,,R
"3,576",Chiamatemi Francesco - Il papa della gente,2015,15000000,0,3925769,,3925769.0,3925769.0,,,
"3,578",San suk si gin,2010,15000000,0,2013340,,2013340.0,2013340.0,,,R
"3,579",Roma,2018,15000000,0,1903062,,1903062.0,1903062.0,,,R
"3,580",Dungeons & Dragons 2: The Elemental Might,2005,15000000,0,909822,,909822.0,909822.0,,,
"3,581",In Dubious Battle,2017,15000000,0,214182,,214182.0,214182.0,1232291.0,,R
"3,582",Midnight in the Switchgrass,2021,15000000,0,97518,,97518.0,97518.0,650015.0,,R
"3,583",Broken Horses,2015,15000000,0,3471,,3471.0,3471.0,144453.0,,R
"3,584",Pandaemonium,2001,15000000,0,1438,,1438.0,1438.0,,,PG-13
"3,585",Groundhog Day,1993,14600000,71097843,71112677,71097843.0,14834.0,71112677.0,,14652108.0,PG
"3,586",Sound of Freedom,2023,14500000,184178046,250729678,184178046.0,66551632.0,250729678.0,,19680879.0,PG-13
"3,587",Magic Mike XXL,2015,14500000,66013057,123580421,66013057.0,57567364.0,123580421.0,19929126.0,12857184.0,R
"3,588",Romeo+Juliet,1996,14500000,46338728,147542381,46338728.0,101203653.0,147542381.0,,11133231.0,PG-13
"3,589",Elle s'appelait Sarah,2011,14500000,7691700,25480031,7691700.0,17788331.0,25480031.0,,115708.0,PG
"3,590",Sha Po Lang: Tan Lang,2017,14500000,0,79226860,,79226860.0,79226860.0,113247.0,,
"3,591",Freedom,2014,14500000,0,872757,,872757.0,872757.0,110340.0,,R
"3,592",Unforgiven,1992,14400000,101157447,159157447,101157447.0,58000000.0,159157447.0,,15018007.0,R
"3,593",Manderlay,2006,14200000,74205,543306,74205.0,469101.0,543306.0,,15117.0,Not Rated
"3,594",Pretty Woman,1990,14000000,178406268,432566361,178406268.0,254160093.0,432566361.0,,11280591.0,R
"3,595",Fatal Attraction,1987,14000000,156645693,320099997,156645693.0,163454304.0,320099997.0,,7602740.0,R
"3,596",Slumdog Millionaire,2008,14000000,141330703,383825427,141330703.0,242494724.0,383825427.0,36606773.0,360018.0,R
"3,597",Towering Inferno,1974,14000000,116000000,139700000,116000000.0,23700000.0,139700000.0,,2323621.0,PG
"3,598",Crocodile Dundee 2,1988,14000000,109306210,239606210,109306210.0,130300000.0,239606210.0,,24462976.0,PG
"3,599",Born on the Fourth of July,1989,14000000,70001698,70001698,70001698.0,,,,172021.0,R
"3,600",Cool Runnings,1993,14000000,68856263,155008909,68856263.0,86152646.0,155008909.0,,7046648.0,PG
"3,601",Stomp the Yard,2007,14000000,61356221,75525718,61356221.0,14169497.0,75525718.0,33572634.0,21833312.0,PG-13
"3,602",My Bloody Valentine,2009,14000000,51545952,102836002,51545952.0,51290050.0,102836002.0,22179250.0,21241456.0,R
"3,603",The Possession,2012,14000000,49130588,82925064,49130588.0,33794476.0,82925064.0,9880526.0,17732480.0,PG-13
"3,604",First Blood,1982,14000000,47212904,125212904,47212904.0,78000000.0,125212904.0,,6642005.0,R
"3,605",The Spy Who Loved Me,1977,14000000,46800000,185400000,46800000.0,138600000.0,185400000.0,,1347927.0,PG
"3,606",Breakthrough,2019,14000000,40713082,49231674,40713082.0,8518592.0,49231674.0,8523521.0,11282333.0,PG
"3,607",Urban Legend,1998,14000000,38116707,72571864,38116707.0,34455157.0,72571864.0,,10515444.0,R
"3,608",Taps,1981,14000000,35856053,35856053,35856053.0,,,,93005.0,PG
"3,609",Tyler Perry's Good Deeds,2012,14000000,35025791,35579177,35025791.0,553386.0,35579177.0,13811195.0,15583924.0,PG-13
"3,610",White Fang,1991,14000000,34729091,34729091,34729091.0,,,,5640712.0,PG
"3,611",Dangerous Liaisons,1988,14000000,34700000,34700000,34700000.0,,,,,R
"3,612",Jojo Rabbit,2019,14000000,33370906,86878073,33370906.0,53507167.0,86878073.0,3521438.0,349555.0,PG-13
"3,613",Superstar,1999,14000000,30628981,30628981,30628981.0,,,,8912743.0,PG-13
"3,614",The Iron Lady,2012,14000000,29959436,115592104,29959436.0,85632668.0,115592104.0,11263280.0,220409.0,PG-13
"3,615",Poetic Justice,1993,14000000,27450453,27450453,27450453.0,,,,11728455.0,R
"3,616",One of Them Days,2025,14000000,27028394,27028394,27028394.0,,,,11807731.0,R
"3,617",Jonah: A VeggieTales Movie,2002,14000000,25571351,25608779,25571351.0,37428.0,25608779.0,,6201345.0,G
"3,618",All About the Benjamins,2002,14000000,25482931,25873145,25482931.0,390214.0,25873145.0,,10007291.0,R
"3,619",Exorcist II: The Heretic,1977,14000000,25011000,25011000,25011000.0,,,,,R
"3,620",Our Family Wedding,2010,14000000,20255281,21410546,20255281.0,1155265.0,21410546.0,7361203.0,7629862.0,PG-13
"3,621",Vampire in Brooklyn,1995,14000000,19637147,19637147,19637147.0,,,,7045379.0,R
"3,622",An American Haunting,2006,14000000,16298046,30443277,16298046.0,14145231.0,30443277.0,10343380.0,5783508.0,PG-13
"3,623",My Boss's Daughter,2003,14000000,15549702,15565357,15549702.0,15655.0,15565357.0,,4855798.0,PG-13
"3,624",A Perfect Getaway,2009,14000000,15515460,22815460,15515460.0,7300000.0,22815460.0,6606445.0,5948555.0,R
"3,625",Thinner,1996,14000000,15171475,15171475,15171475.0,,,,5679046.0,R
"3,626",Dead Man on Campus,1998,14000000,15064948,15064948,15064948.0,,,,4704688.0,R
"3,627",Tea with Mussolini,1999,14000000,14395874,14395874,14395874.0,,,,1633183.0,PG
"3,628","New York, New York",1977,14000000,13800000,13800302,13800000.0,302.0,13800302.0,,,PG
"3,629",Jason X,2002,14000000,13121555,16951798,13121555.0,3830243.0,16951798.0,,6649006.0,R
"3,630",Crooklyn,1994,14000000,13024170,13024170,13024170.0,,,,4209475.0,PG-13
"3,631",I Think I Love My Wife,2007,14000000,12559771,13205411,12559771.0,645640.0,13205411.0,13845734.0,5674802.0,R
"3,632",Hot Tub Time Machine 2,2015,14000000,12314651,12826644,12314651.0,511993.0,12826644.0,2253079.0,5963324.0,R
"3,633",After,2019,14000000,12138565,57926850,12138565.0,45788285.0,57926850.0,1419462.0,6002349.0,PG-13
"3,634",Bobby,2006,14000000,11242801,20597806,11242801.0,9355005.0,20597806.0,13050025.0,69039.0,R
"3,635",Head Over Heels,2001,14000000,10397365,10397365,10397365.0,,,,4804595.0,PG-13
"3,636",Fun Size,2012,14000000,9409538,11166615,9409538.0,1757077.0,11166615.0,888095.0,4101017.0,PG-13
"3,637",Lost and Found,1999,14000000,6552255,6552255,6552255.0,,,,3024709.0,PG-13
"3,638",Le Scaphandre et le Papillon,2007,14000000,5990075,22754472,5990075.0,16764397.0,22754472.0,2610480.0,75721.0,PG-13
"3,639",Little Children,2006,14000000,5463019,14121177,5463019.0,8658158.0,14121177.0,3702337.0,97953.0,R
"3,640",Gossip,2000,14000000,5108820,12591270,5108820.0,7482450.0,12591270.0,,2321729.0,R
"3,641",A Walk on the Moon,1999,14000000,4741987,4741987,4741987.0,,,,78709.0,R
"3,642",Suffragette,2014,14000000,4702420,37888043,4702420.0,33185623.0,37888043.0,934172.0,76224.0,PG-13
"3,643",Catch a Fire,2006,14000000,4299773,5782198,4299773.0,1482425.0,5782198.0,,2026997.0,PG-13
"3,644",Mr. Turner,2014,14000000,3958546,25187026,3958546.0,21228480.0,25187026.0,822432.0,108638.0,R
"3,645",Soul Survivors,2001,14000000,3100650,4288246,3100650.0,1187596.0,4288246.0,,1140698.0,PG-13
"3,646",Easy Virtue,2009,14000000,2656784,20537741,2656784.0,17880957.0,20537741.0,,110443.0,PG-13
"3,647",Jefferson in Paris,1995,14000000,2461628,2461628,2461628.0,,,,61349.0,PG-13
"3,648",Flipped,2010,14000000,1755212,4294635,1755212.0,2539423.0,4294635.0,,224233.0,PG
"3,650",Les herbes folles,2010,14000000,403952,1903952,403952.0,1500000.0,1903952.0,,39162.0,PG
"3,651",Amen,2003,14000000,274299,274299,274299.0,,,,16284.0,Not Rated
"3,652",The Lucky Ones,2008,14000000,266967,266967,266967.0,,,,183088.0,R
"3,653",Margaret,2011,14000000,47185,610152,47185.0,562967.0,610152.0,,7525.0,R
"3,654",The Salvation,2014,14000000,43318,2947737,43318.0,2904419.0,2947737.0,,4651.0,R
"3,655",Reign of Assassins,2012,14000000,0,11354230,,11354230.0,11354230.0,47050.0,,R
"3,656",Putin,2025,14000000,0,150,,150.0,150.0,,,R
"3,657",Brokeback Mountain,2005,13900000,83043761,176980863,83043761.0,93937102.0,176980863.0,32569039.0,547425.0,R
"3,658",Set it Up,2018,13800000,0,0,,,,,,
"3,659",Clueless,1995,13700000,56598476,57956789,56598476.0,1358313.0,57956789.0,,,PG-13
"3,661",Teenage Mutant Ninja Turtles,1990,13500000,135265915,202000000,135265915.0,66734085.0,202000000.0,,25398367.0,PG
"3,662",The Ten Commandments,2056,13500000,85400591,85431454,85400591.0,30863.0,85431454.0,,,G
"3,663",Papillon,1973,13500000,53267000,53292989,53267000.0,25989.0,53292989.0,,1800000.0,PG
"3,664",Super Troopers 2,2018,13500000,30617396,31966740,30617396.0,1349344.0,31966740.0,7480587.0,15181624.0,R
"3,665",Far From Heaven,2002,13500000,15901849,29027914,15901849.0,13126065.0,29027914.0,,211279.0,PG-13
"3,666",Seven Psychopaths,2012,13500000,15024049,33035736,15024049.0,18011687.0,33035736.0,9193579.0,4174915.0,R
"3,667",Quills,2000,13500000,7060876,11732088,7060876.0,4671212.0,11732088.0,,249383.0,R
"3,668",The Border,1982,13500000,6118683,6118683,6118683.0,,,,520837.0,R
"3,669",Der Untergang,2005,13500000,5501940,93631744,5501940.0,88129804.0,93631744.0,,18195.0,R
"3,670",The Caveman's Valentine,2001,13500000,687081,892506,687081.0,205425.0,892506.0,,112041.0,R
"3,671",The Last Godfather,2011,13400000,164247,164247,164247.0,,,,101779.0,PG-13
"3,672",Under the Skin,2014,13300000,2614251,7229933,2614251.0,4615682.0,7229933.0,2673297.0,133154.0,R
"3,673",Mar adentro,2004,13300000,2086345,39686345,2086345.0,37600000.0,39686345.0,,55681.0,PG-13
"3,674",No Good Deed,2014,13200000,52543632,54323210,52543632.0,1779578.0,54323210.0,9001321.0,24250283.0,PG-13
"3,675",Pinocchio,2019,13200000,1831718,30360375,1831718.0,28528657.0,30360375.0,70145.0,272109.0,PG-13
"3,676",Good Morning Vietnam,1987,13000000,123922370,123922582,123922370.0,212.0,123922582.0,,,R
"3,677",Black Swan,2010,13000000,106954678,331266710,106954678.0,224312032.0,331266710.0,30174121.0,1443809.0,R
"3,678",Save the Last Dance,2001,13000000,91038276,122244329,91038276.0,31206053.0,122244329.0,,27526443.0,PG-13
"3,679",Justin Bieber: Never Say Never,2011,13000000,73013910,99034125,73013910.0,26020215.0,99034125.0,28648720.0,29514054.0,G
"3,680",The First Purge,2018,13000000,69488745,137054597,69488745.0,67565852.0,137054597.0,3517489.0,17374280.0,R
"3,681",Miracles from Heaven,2016,13000000,61705123,73773317,61705123.0,12068194.0,73773317.0,21291971.0,14812393.0,PG
"3,682",Snow Day,2000,13000000,60008303,62452927,60008303.0,2444624.0,62452927.0,,14331819.0,PG
"3,683",The Butterfly Effect,2004,13000000,57924679,95638592,57924679.0,37713913.0,95638592.0,,17065227.0,R
"3,684",The Godfather: Part II,1974,13000000,57300000,57386952,57300000.0,86952.0,57386952.0,,,R
"3,685",The Shallows,2016,13000000,55121623,118763442,55121623.0,63641819.0,118763442.0,7770734.0,16800868.0,PG-13
"3,686",Saw X,2023,13000000,53607898,125319714,53607898.0,71711816.0,125319714.0,,18309301.0,R
"3,687",RoboCop,1987,13000000,53424681,54125172,53424681.0,700491.0,54125172.0,,8008721.0,R
"3,688",A Nightmare on Elm Street 4: The Dream Master,1988,13000000,49369899,49369899,49369899.0,,,,12833403.0,R
"3,689",This Christmas,2007,13000000,49121934,49733545,49121934.0,611611.0,49733545.0,23157619.0,17958183.0,PG-13
"3,690",About Last Night,2014,13000000,48637684,50445860,48637684.0,1808176.0,50445860.0,6602904.0,25649011.0,R
"3,691","Dude, Where's My Car?",2000,13000000,46729374,73180297,46729374.0,26450923.0,73180297.0,,13845914.0,PG-13
"3,692",Young Guns,1988,13000000,44726644,44726644,44726644.0,,,,7011393.0,R
"3,693",St. Vincent,2014,13000000,44137712,54837234,44137712.0,10699522.0,54837234.0,8138820.0,109878.0,PG-13
"3,694",Earth to Echo,2014,13000000,38934842,42174545,38934842.0,3239703.0,42174545.0,10031087.0,8364199.0,PG
"3,695",10 Things I Hate About You,1999,13000000,38177966,60413950,38177966.0,22235984.0,60413950.0,,8330681.0,PG-13
"3,696",The New Guy,2002,13000000,28972187,28972187,28972187.0,,,,9007833.0,PG-13
"3,697",Imaginary,2024,13000000,28009161,43673616,28009161.0,15664455.0,43673616.0,,9912713.0,PG-13
"3,698",Loaded Weapon 1,1993,13000000,27979399,27979399,27979399.0,,,,9202722.0,PG-13
"3,699",Baby Geniuses,1999,13000000,27151490,27151490,27151490.0,,,,5613587.0,PG
"3,700",The Big Hit,1998,13000000,27066941,27073371,27066941.0,6430.0,27073371.0,,10809424.0,R
"3,701",Child's Play 2,1990,13000000,26904572,34166572,26904572.0,7262000.0,34166572.0,,10718520.0,R
"3,702",Harriet the Spy,1996,13000000,26570048,26570048,26570048.0,,,,6601651.0,PG
"3,703",21 and Over,2013,13000000,25682380,42195766,25682380.0,16513386.0,42195766.0,8880658.0,8754168.0,R
"3,704",The Mist,2007,13000000,25593755,57189408,25593755.0,31595653.0,57189408.0,31971936.0,8931973.0,R
"3,705",Ex Machina,2015,13000000,25440971,38261299,25440971.0,12820328.0,38261299.0,11314081.0,237264.0,R
"3,706",Being John Malkovich,1999,13000000,22858926,32382381,22858926.0,9523455.0,32382381.0,,637721.0,R
"3,707",Two Can Play That Game,2001,13000000,22235901,22391450,22235901.0,155549.0,22391450.0,,7720942.0,R
"3,708",Eye in the Sky,2016,13000000,18704596,35402802,18704596.0,16698206.0,35402802.0,4448990.0,113803.0,R
"3,709",Admission,2013,13000000,18007317,18733666,18007317.0,726349.0,18733666.0,3888496.0,6154984.0,PG-13
"3,710",The Perks of Being a Wallflower,2012,13000000,17742948,33069303,17742948.0,15326355.0,33069303.0,18670230.0,228359.0,R
"3,711",crazy/beautiful,2001,13000000,16929123,19929123,16929123.0,3000000.0,19929123.0,,4715060.0,PG-13
"3,712",54,1998,13000000,16757163,16757163,16757163.0,,,,6611532.0,R
"3,713",Room,2015,13000000,14677674,36316727,14677674.0,21639053.0,36316727.0,2655451.0,118298.0,R
"3,714",Woodlawn,2015,13000000,14394097,14403891,14394097.0,9794.0,14403891.0,11034421.0,4002226.0,PG
"3,715",Letters from Iwo Jima,2006,13000000,13756082,67867998,13756082.0,54111916.0,67867998.0,13677380.0,89097.0,R
"3,716",Män som hatar kvinnor,2009,13000000,12749992,109421911,12749992.0,96671919.0,109421911.0,7130381.0,,R
"3,717",The Astronaut Farmer,2007,13000000,11003643,11141213,11003643.0,137570.0,11141213.0,14425215.0,4454319.0,PG
"3,718",Mrs. Harris Goes to Paris,2022,13000000,10433915,31259184,10433915.0,20825269.0,31259184.0,773171.0,1953070.0,PG
"3,719",Dirty Work,1998,13000000,10020081,10020081,10020081.0,,,,3634236.0,PG-13
"3,720",Bajrangi Bhaijaan,2015,13000000,8178001,122825618,8178001.0,114647617.0,122825618.0,,2822564.0,Not Rated
"3,721",Woo,1998,13000000,8064972,8064972,8064972.0,,,,2517263.0,R
"3,722",Robinson Crusoe,2016,13000000,8005586,42446455,8005586.0,34440869.0,42446455.0,428902.0,3342697.0,PG
"3,723",Serial Mom,1994,13000000,7881335,7884087,7881335.0,2752.0,7884087.0,,2040450.0,R
"3,724",Dick,1999,13000000,6276869,6276869,6276869.0,,,,2210267.0,PG-13
"3,725",Light It Up,1999,13000000,5871603,5871603,5871603.0,,,,2408613.0,R
"3,726",Bubble Boy,2001,13000000,5002310,5002310,5002310.0,,,,2038349.0,PG-13
"3,727",Birthday Girl,2002,13000000,4919896,8130727,4919896.0,3210831.0,8130727.0,,2370809.0,R
"3,728","Paris, je t'aime",2007,13000000,4857374,5175088,4857374.0,317714.0,5175088.0,,39242.0,R
"3,729",Ben is Back,2018,13000000,3703182,12616995,3703182.0,8913813.0,12616995.0,1926675.0,80733.0,R
"3,730",Resurrecting the Champ,2007,13000000,3172382,3260555,3172382.0,88173.0,3260555.0,2815363.0,1659756.0,PG-13
"3,731",Chloe,2010,13000000,3075255,13176612,3075255.0,10101357.0,13176612.0,,900688.0,R
"3,732",The Widow of St. Pierre,2001,13000000,3058380,3058380,3058380.0,,,,31702.0,R
"3,733",Youth,2015,13000000,2703296,24001573,2703296.0,21298277.0,24001573.0,,78085.0,R
"3,734",Faithful,1996,13000000,2104439,2104439,2104439.0,,,,967956.0,R
"3,735",Un Prophète,2010,13000000,2087720,19910624,2087720.0,17822904.0,19910624.0,,163773.0,R
"3,736","I Love You, Phillip Morris",2010,13000000,2037459,23014027,2037459.0,20976568.0,23014027.0,,112712.0,R
"3,737",The Vatican Tapes,2015,13000000,1784763,14929184,1784763.0,13144421.0,14929184.0,322158.0,832271.0,PG-13
"3,738",Find Me Guilty,2006,13000000,1173673,2898225,1173673.0,1724552.0,2898225.0,,608804.0,R
"3,739",Excessive Force,1993,13000000,1152117,1152117,1152117.0,,,,,R
"3,740",Infamous,2006,13000000,1151330,2613717,1151330.0,1462387.0,2613717.0,,452966.0,R
"3,741",Attack the Block,2011,13000000,1024175,6459183,1024175.0,5435008.0,6459183.0,,139506.0,R
"3,742",Brothers,2015,13000000,656688,17856688,656688.0,17200000.0,17856688.0,,357404.0,Not Rated
"3,743",The Claim,2000,13000000,622023,1375635,622023.0,753612.0,1375635.0,,5009.0,R
"3,744",The Happy Prince,2018,13000000,464495,2394619,464495.0,1930124.0,2394619.0,,,R
"3,745",In The Land of Blood and Honey,2011,13000000,303877,509193,303877.0,205316.0,509193.0,,18854.0,R
"3,746",The Killer Inside Me,2010,13000000,217277,5453369,217277.0,5236092.0,5453369.0,,11083.0,R
"3,747",Chico & Rita,2012,13000000,197785,3347219,197785.0,3149434.0,3347219.0,,21400.0,Not Rated
"3,748",Dumplin’,2018,13000000,0,399198,,399198.0,399198.0,,,PG-13
"3,749",Rogue City,2020,13000000,0,8573,,8573.0,8573.0,,,
"3,750",Womb,2012,13000000,0,0,,,,,,
"3,751",The Call,2013,12800000,51872378,69821476,51872378.0,17949098.0,69821476.0,14866170.0,17118745.0,R
"3,752",Operation Chromite,2016,12700000,1022720,49196532,1022720.0,48173812.0,49196532.0,90015.0,31662.0,Not Rated
"3,753",The Drop,2014,12600000,10724389,19054534,10724389.0,8330145.0,19054534.0,3996061.0,4104552.0,R
"3,754",The Crocodile Hunter: Collision Course,2002,12500000,28436931,33436931,28436931.0,5000000.0,33436931.0,,9537123.0,PG
"3,755",Machete,2010,12500000,26593646,46370970,26593646.0,19777324.0,46370970.0,20687889.0,11416164.0,R
"3,756",Antwone Fisher,2002,12500000,21078145,23367586,21078145.0,2289441.0,23367586.0,,210013.0,PG-13
"3,757",La Guerre du feu,1982,12500000,20959585,20959585,20959585.0,,,,,R
"3,758",The Emperor's Club,2002,12500000,14060950,16193713,14060950.0,2132763.0,16193713.0,,3846780.0,PG-13
"3,759",True Romance,1993,12500000,12281000,12643293,12281000.0,362293.0,12643293.0,,4023420.0,R
"3,760",Sorority Row,2009,12500000,11965282,26735797,11965282.0,14770515.0,26735797.0,2177335.0,5059802.0,R
"3,761",Glengarry Glen Ross,1992,12500000,10725228,10725650,10725228.0,422.0,10725650.0,,2104402.0,R
"3,762",The Boy in the Striped Pyjamas,2008,12500000,9046156,44083403,9046156.0,35037247.0,44083403.0,12837748.0,253085.0,PG-13
"3,763",Cat People,1982,12500000,7000000,21000000,7000000.0,14000000.0,21000000.0,475472.0,1617636.0,R
"3,764",The Prisoner of Zenda,1979,12500000,7000000,7000000,7000000.0,,,,2425315.0,
"3,765",Conviction,2010,12500000,6797696,11826980,6797696.0,5029284.0,11826980.0,7357865.0,102351.0,R
"3,766",Lars and the Real Girl,2007,12500000,5956480,11277119,5956480.0,5320639.0,11277119.0,3924883.0,90418.0,PG-13
"3,767",Solitary Man,2010,12500000,4360548,4360548,4360548.0,,,,94936.0,R
"3,768",Dancer in the Dark,2000,12500000,4157491,45556774,4157491.0,41399283.0,45556774.0,,91612.0,R
"3,769",Casino Jack,2010,12500000,2039869,2272186,2039869.0,232317.0,2272186.0,,34528.0,R
"3,770",Oscar and Lucinda,1998,12500000,1612957,1612957,1612957.0,,,,83461.0,R
"3,771",The Funeral,1996,12500000,1212799,1412799,1212799.0,200000.0,1412799.0,,41768.0,R
"3,772",Tae Guik Gi: The Brotherhood of War,2004,12500000,1110186,69720496,1110186.0,68610310.0,69720496.0,,260135.0,R
"3,773",The Perfect Game,2010,12500000,1089445,3931367,1089445.0,2841922.0,3931367.0,,510000.0,PG
"3,774",The Paperboy,2012,12500000,677200,4027663,677200.0,3350463.0,4027663.0,4231628.0,102706.0,R
"3,775",Ernest et Celestine,2012,12500000,292562,9376444,292562.0,9083882.0,9376444.0,670626.0,,Not Rated
"3,776",A Little Bit of Heaven,2012,12500000,10011,1100287,10011.0,1090276.0,1100287.0,,10011.0,PG-13
"3,777",La Folle Histoire De Max Et Léon,2016,12500000,0,8912003,,8912003.0,8912003.0,,,
"3,778",Mortadelo y Filemón contra Jimmy el Cachondo,2014,12500000,0,3350943,,3350943.0,3350943.0,,,
"3,779",The Land Before Time,1988,12300000,48578636,82458636,48578636.0,33880000.0,82458636.0,,7526025.0,G
"3,780",Jaws,1975,12000000,273661595,484351938,273661595.0,210690343.0,484351938.0,19142643.0,7790627.0,PG
"3,781",The Exorcist,1973,12000000,231020723,428887855,231020723.0,197867132.0,428887855.0,,,R
"3,782",The Fault in Our Stars,2014,12000000,124872350,307166834,124872350.0,182294484.0,307166834.0,44989674.0,48002523.0,PG-13
"3,783",American Pie,1999,12000000,101800948,234723148,101800948.0,132922200.0,234723148.0,,18709680.0,R
"3,784",M3GAN,2022,12000000,95159005,181796517,95159005.0,86637512.0,181796517.0,3661825.0,30429860.0,PG-13
"3,785",Think Like a Man,2012,12000000,91547205,113373764,91547205.0,21826559.0,113373764.0,19855068.0,33636303.0,PG-13
"3,786",Heaven is for Real,2014,12000000,91386097,100913556,91386097.0,9527459.0,100913556.0,45301665.0,22522221.0,PG
"3,787",The Golden Child,1986,12000000,79817937,79817937,79817937.0,,,,11549711.0,PG-13
"3,788",Star Trek II: The Wrath of Khan,1982,12000000,78912963,95800000,78912963.0,16887037.0,95800000.0,266374.0,14347221.0,PG
"3,789",Barbershop,2002,12000000,75781642,77063461,75781642.0,1281819.0,77063461.0,,20627433.0,PG-13
"3,790",WarGames,1983,12000000,74433837,74433837,74433837.0,,,,6227804.0,R
"3,791",Ace Ventura: Pet Detective,1994,12000000,72217396,107217396,72217396.0,35000000.0,107217396.0,,12115105.0,PG-13
"3,792",Act of Valor,2012,12000000,70012847,82497035,70012847.0,12484188.0,82497035.0,44147489.0,24476632.0,R
"3,793",Witness,1985,12000000,65532576,65532576,65532576.0,,,310311.0,4539990.0,R
"3,794",Step Up,2006,12000000,65328121,110989157,65328121.0,45661036.0,110989157.0,51895652.0,20659573.0,PG-13
"3,795",Chronicle,2012,12000000,64575175,123681790,64575175.0,59106615.0,123681790.0,16197109.0,22004098.0,PG-13
"3,796",Beavis and Butt-Head Do America,1996,12000000,63118386,63118386,63118386.0,,,,20114233.0,PG-13
"3,797",Patton,1970,12000000,62500000,62500000,62500000.0,,,,,M/PG
"3,798",Project X,2012,12000000,54731865,103028188,54731865.0,48296323.0,103028188.0,23320786.0,21051363.0,R
"3,799","Three Billboards Outside Ebbing, Missouri",2017,12000000,54513740,161158351,54513740.0,106644611.0,161158351.0,5987995.0,322168.0,R
"3,800",Lion,2016,12000000,51739495,149117900,51739495.0,97378405.0,149117900.0,4088045.0,123360.0,PG-13
"3,801",Overboard,2018,12000000,50316123,91244913,50316123.0,40928790.0,91244913.0,5822246.0,14711101.0,PG-13
"3,802",Jackie Brown,1997,12000000,39673162,74727492,39673162.0,35054330.0,74727492.0,,9292248.0,R
"3,803",Yentl,1983,12000000,39012241,39012241,39012241.0,,,,341768.0,PG
"3,804",Harold & Kumar Escape from Guantanamo Bay,2008,12000000,38108728,43353117,38108728.0,5244389.0,43353117.0,25227907.0,14908404.0,R
"3,805",Philomena,2013,12000000,37709979,98963392,37709979.0,61253413.0,98963392.0,8303247.0,128435.0,PG-13
"3,806",Time Bandits,1981,12000000,37400000,37400000,37400000.0,,,1502042.0,6507356.0,PG
"3,807",Crossroads,2002,12000000,37188667,57000000,37188667.0,19811333.0,57000000.0,,14527187.0,PG-13
"3,808",Paper Towns,2015,12000000,32000304,85450484,32000304.0,53450180.0,85450484.0,8613035.0,12650140.0,PG-13
"3,809",Quarantine,2008,12000000,31691811,41924774,31691811.0,10232963.0,41924774.0,15224827.0,14211321.0,R
"3,810",One Hour Photo,2002,12000000,31597131,52223306,31597131.0,20626175.0,52223306.0,,321515.0,R
"3,811",The Eye,2008,12000000,31418697,57577765,31418697.0,26159068.0,57577765.0,12711042.0,12425776.0,PG-13
"3,812",Johnson Family Vacation,2004,12000000,31203964,31286759,31203964.0,82795.0,31286759.0,,9375307.0,PG-13
"3,813",How High,2001,12000000,31155435,31222395,31155435.0,66960.0,31222395.0,,7102260.0,R
"3,814",Spartacus,2060,12000000,30000000,60000000,30000000.0,30000000.0,60000000.0,,,PG-13
"3,815",Crank,2006,12000000,27838408,43924923,27838408.0,16086515.0,43924923.0,29625506.0,10457367.0,R
"3,816",The Muppet Christmas Carol,1992,12000000,27379507,31724550,27379507.0,4345043.0,31724550.0,,5010109.0,G
"3,817",Hell or High Water,2016,12000000,27007844,37566117,27007844.0,10558273.0,37566117.0,9211132.0,621329.0,R
"3,818",Frida,2002,12000000,25885000,56131239,25885000.0,30246239.0,56131239.0,,205996.0,R
"3,819",Katy Perry: Part of Me,2012,12000000,25326071,32700439,25326071.0,7374368.0,32700439.0,5908673.0,7138266.0,PG
"3,820",Top Five,2014,12000000,25317379,26001741,25317379.0,684362.0,26001741.0,1613614.0,6896593.0,R
"3,821",Rounders,1998,12000000,22921898,22921898,22921898.0,,,,8459126.0,R
"3,822",Rudy,1993,12000000,22750363,22750363,22750363.0,,,,,PG
"3,823",Casino Royale,2067,12000000,22744718,41744718,22744718.0,19000000.0,41744718.0,,,Not Rated
"3,824",Prophecy,1979,12000000,22673340,22673340,22673340.0,,,,,PG
"3,825",Project Almanac,2015,12000000,22348241,32909437,22348241.0,10561196.0,32909437.0,2700690.0,8310252.0,PG-13
"3,826",47 Meters Down: Uncaged,2019,12000000,22260900,47582563,22260900.0,25321663.0,47582563.0,1362227.0,8427265.0,PG-13
"3,827",Black and Blue,2019,12000000,22012729,22730144,22012729.0,717415.0,22730144.0,2779829.0,8376846.0,R
"3,828",Just Wright,2010,12000000,21540363,21867665,21540363.0,327302.0,21867665.0,12836559.0,8284989.0,PG
"3,829",Stir of Echoes,1999,12000000,21133087,23059379,21133087.0,1926292.0,23059379.0,,5811664.0,R
"3,830",Tales from the Crypt: Demon Knight,1995,12000000,21089146,21089146,21089146.0,,,,10019555.0,R
"3,832",The Upside of Anger,2005,12000000,18761993,28915761,18761993.0,10153768.0,28915761.0,,211559.0,R
"3,833",Aquamarine,2006,12000000,18597342,22978953,18597342.0,4381611.0,22978953.0,31718998.0,7482669.0,PG
"3,834",Nebraska,2013,12000000,17654912,24761360,17654912.0,7106448.0,24761360.0,7522984.0,140401.0,R
"3,835",My Baby's Daddy,2004,12000000,17321573,17322212,17321573.0,639.0,17322212.0,,7548819.0,PG-13
"3,836",Max Keeble's Big Move,2001,12000000,17292381,17292381,17292381.0,,,,5377958.0,PG
"3,837",Young Adult,2011,12000000,16311571,22750356,16311571.0,6438785.0,22750356.0,4145324.0,310263.0,R
"3,838",The Turning,2020,12000000,15472775,18460739,15472775.0,2987964.0,18460739.0,,6950045.0,PG-13
"3,839",About Time,2013,12000000,15323921,84429086,15323921.0,69105165.0,84429086.0,15654899.0,1076250.0,R
"3,840",If Beale Street Could Talk,2018,12000000,14915773,21398371,14915773.0,6482598.0,21398371.0,1567433.0,224476.0,R
"3,841",Wish Upon,2017,12000000,14301505,23477345,14301505.0,9175840.0,23477345.0,884290.0,5467084.0,PG-13
"3,842",Def Jam's How To Be a Player,1997,12000000,14010363,14010363,14010363.0,,,,4206656.0,R
"3,843",Living Out Loud,1998,12000000,12905901,12905901,12905901.0,,,,169747.0,R
"3,844",Rachel Getting Married,2008,12000000,12796861,17475475,12796861.0,4678614.0,17475475.0,7172233.0,293369.0,R
"3,845",The Postman Always Rings Twice,1981,12000000,12200000,44200000,12200000.0,32000000.0,44200000.0,,,R
"3,846",Girl with a Pearl Earring,2003,12000000,11634362,43153588,11634362.0,31519226.0,43153588.0,,89472.0,PG-13
"3,847",Das Boot,1982,12000000,11487676,84970337,11487676.0,73482661.0,84970337.0,,26994.0,R
"3,848",Unforgettable,2016,12000000,11368012,16221211,11368012.0,4853199.0,16221211.0,1613752.0,4785431.0,R
"3,849",House of Flying Daggers,2004,12000000,11050094,92863945,11050094.0,81813851.0,92863945.0,,397472.0,PG-13
"3,850",Past Lives,2023,12000000,10950663,42913181,10950663.0,31962518.0,42913181.0,224308.0,232266.0,PG-13
"3,851",I Still Believe,2020,12000000,10410004,16703751,10410004.0,6293747.0,16703751.0,8423844.0,9103614.0,PG
"3,852",Sorority Boys,2002,12000000,10198766,12516222,10198766.0,2317456.0,12516222.0,,4127903.0,R
"3,853",Marshall,2017,12000000,10051659,10116816,10051659.0,65157.0,10116816.0,2009053.0,3000805.0,PG-13
"3,854",Firestarter,2020,12000000,9739250,15030244,9739250.0,5290994.0,15030244.0,535997.0,3827715.0,R
"3,855",Cadillac Records,2008,12000000,8195551,8942516,8195551.0,746965.0,8942516.0,13194909.0,3445559.0,R
"3,856",Arbitrage,2012,12000000,7919574,35830713,7919574.0,27911139.0,35830713.0,,2002165.0,R
"3,857",The Alamo,2060,12000000,7900000,7900000,7900000.0,,,,,PG-13
"3,858",Screwed,2000,12000000,6982680,6982680,6982680.0,,,,3342085.0,PG-13
"3,859",Running With Scissors,2006,12000000,6860000,8706701,6860000.0,1846701.0,8706701.0,1889933.0,226108.0,R
"3,860",Fortress,1993,12000000,6730578,46730578,6730578.0,40000000.0,46730578.0,,4040711.0,R
"3,861",Afraid,2024,12000000,6726179,9026137,6726179.0,2299958.0,9026137.0,,3665664.0,PG-13
"3,862",For Greater Glory: The True Story of Cristiada,2012,12000000,5669081,10026255,5669081.0,4357174.0,10026255.0,2952742.0,1885608.0,R
"3,863",For Your Consideration,2006,12000000,5549923,5549923,5549923.0,,,,372012.0,PG-13
"3,864",Celebrity,1998,12000000,5078660,6200000,5078660.0,1121340.0,6200000.0,,1588013.0,R
"3,865",From Justin to Kelly,2003,12000000,4922166,4922166,4922166.0,,,,2715848.0,PG
"3,866",Invaders from Mars,1986,12000000,4884663,4984663,4884663.0,100000.0,4984663.0,56329.0,2046576.0,
"3,867",Girl 6,1996,12000000,4880941,4880941,4880941.0,,,,2485764.0,R
"3,868",In the Cut,2003,12000000,4717455,23693646,4717455.0,18976191.0,23693646.0,,97625.0,R
"3,869",Charlie Bartlett,2008,12000000,3950294,5295909,3950294.0,1345615.0,5295909.0,,1836256.0,R
"3,870",Two Lovers,2009,12000000,3149034,16349034,3149034.0,13200000.0,16349034.0,,94986.0,R
"3,871",La grande bellezza,2013,12000000,2883879,29484256,2883879.0,26600377.0,29484256.0,406043.0,23442.0,Not Rated
"3,872",Last Orders,2002,12000000,2326407,2326407,2326407.0,,,,77400.0,R
"3,873",Gwoemul,2007,12000000,2201923,92618117,2201923.0,90416194.0,92618117.0,,314488.0,R
"3,874",The Pursuit of D.B. Cooper,1981,12000000,2104164,2104164,2104164.0,,,,1124671.0,
"3,875",Ravenous,1999,12000000,2062406,2062406,2062406.0,,,,1040727.0,R
"3,876",The Dangerous Lives of Altar Boys,2002,12000000,1779284,1779284,1779284.0,,,,55000.0,R
"3,877",Stoker,2013,12000000,1703125,12034913,1703125.0,10331788.0,12034913.0,,160547.0,R
"3,878",Married Life,2008,12000000,1506998,2975188,1506998.0,1468190.0,2975188.0,,55851.0,PG-13
"3,879",2046,2004,12000000,1442338,19278598,1442338.0,17836260.0,19278598.0,,113074.0,R
"3,880",Kill the Irishman,2011,12000000,1188194,1188194,1188194.0,,,3417921.0,145430.0,R
"3,881",Duma,2005,12000000,870067,994790,870067.0,124723.0,994790.0,,105422.0,PG
"3,882",Darling Companion,2012,12000000,793352,1200346,793352.0,406994.0,1200346.0,,39962.0,PG-13
"3,883",Ondine,2010,12000000,550472,557545,550472.0,7073.0,557545.0,,27497.0,PG-13
"3,884",Brother,2001,12000000,450594,477693,450594.0,27099.0,477693.0,,60029.0,R
"3,885",Welcome to Collinwood,2002,12000000,378650,4606284,378650.0,4227634.0,4606284.0,,75180.0,R
"3,886",Kahlil Gibran's The Prophet,2015,12000000,340536,1080362,340536.0,739826.0,1080362.0,222162.0,27435.0,PG
"3,887",Life Before Her Eyes,2008,12000000,303439,7203439,303439.0,6900000.0,7203439.0,,20220.0,R
"3,888",Critical Care,1997,12000000,220175,220175,220175.0,,,,43380.0,R
"3,889",Trade,2007,12000000,214202,1513388,214202.0,1299186.0,1513388.0,,118086.0,R
"3,890",Fateless,2006,12000000,196857,196857,196857.0,,,,12680.0,R
"3,891","A Woman, a Gun and a Noodle Shop",2010,12000000,190946,310946,190946.0,120000.0,310946.0,,27330.0,R
"3,892",Breakfast of Champions,1999,12000000,178287,178287,178287.0,,,,42326.0,R
"3,893",Company Man,2001,12000000,146028,622273,146028.0,476245.0,622273.0,,74743.0,PG-13
"3,894",Nanjing! Nanjing!,2009,12000000,122558,20122558,122558.0,20000000.0,20122558.0,,5610.0,R
"3,895",Woman Walks Ahead,2018,12000000,57528,627538,57528.0,570010.0,627538.0,359180.0,6863.0,R
"3,896",Trash,2015,12000000,17484,6553186,17484.0,6535702.0,6553186.0,,10230.0,R
"3,897",5 Days of War,2011,12000000,17479,87793,17479.0,70314.0,87793.0,,6254.0,R
"3,898",10 Days in a Madhouse,2015,12000000,14616,14616,14616.0,,,,,R
"3,899",Son of a Gun,2014,12000000,1411,256003,1411.0,254592.0,256003.0,,411.0,R
"3,900",1612,2009,12000000,0,5400624,,5400624.0,5400624.0,,,
"3,901",San cheng ji,2015,12000000,0,1950194,,1950194.0,1950194.0,,,
"3,902",Tu Xia Chuan Qi,2012,12000000,0,1828400,,1828400.0,1828400.0,,,PG
"3,903",Triangle,2010,12000000,0,1594955,,1594955.0,1594955.0,,,R
"3,904",Stephen King's It,2002,12000000,0,0,,,,,,
"3,905",Supesu Batorushippu Yamato,2013,12000000,0,0,,,,888625.0,,
"3,906",Drive Hard,2014,12000000,0,0,,,,59625.0,,Not Rated
"3,907",Dancin' It's On,2015,12000000,0,0,,,,,,
"3,908",Home,2009,12000000,0,0,,,,,,Not Rated
"3,909",The Dressmaker,2015,11900000,2022115,24374909,2022115.0,22352794.0,24374909.0,550571.0,185165.0,R
"3,910",Dark Places,2015,11900000,208588,5685597,208588.0,5477009.0,5685597.0,1454262.0,99601.0,R
"3,911",Diamonds,1999,11900000,81897,81897,81897.0,,,,7837.0,PG-13
"3,912",Madadayo,1997,11900000,48856,49452,48856.0,596.0,49452.0,,,
"3,913",Parasite (기생충),2019,11800000,53369745,253267858,53369745.0,199898113.0,253267858.0,7283387.0,393216.0,R
"3,914",Carol,2015,11800000,12711491,41925420,12711491.0,29213929.0,41925420.0,2150445.0,253510.0,R
"3,915",Pet Sematary,1989,11500000,57469179,57469850,57469179.0,671.0,57469850.0,,12046179.0,R
"3,916",Dirty Grandpa,2016,11500000,35593113,105078449,35593113.0,69485336.0,105078449.0,9564025.0,11111875.0,R
"3,917",The Cry of the Owl,2009,11500000,0,0,,,,,,R
"3,918",St. Trinian’s,2009,11400000,15000,29830239,15000.0,29815239.0,29830239.0,,15000.0,PG-13
"3,919",Belle et Sébastien,2013,11400000,0,27042499,,27042499.0,27042499.0,,,Not Rated
"3,920",Bottoms,2023,11300000,12036071,12973482,12036071.0,937411.0,12973482.0,,461052.0,R
"3,921",Wolfwalkers,2020,11250000,0,3241142,,3241142.0,3241142.0,,,PG
"3,922",Star Wars Ep. IV: A New Hope,1977,11000000,460998007,775398007,460998007.0,314400000.0,775398007.0,7156131.0,1554475.0,PG
"3,923",Gremlins,1984,11000000,151937605,164029770,151937605.0,12092165.0,164029770.0,,12511634.0,PG
"3,924",Doctor Zhivago,2065,11000000,111897830,112052801,111897830.0,154971.0,112052801.0,,,PG-13
"3,925",The Fighter,2010,11000000,93617009,129262388,93617009.0,35645379.0,129262388.0,30785837.0,300010.0,R
"3,926",High School Musical 3: Senior Year,2008,11000000,90559416,274392880,90559416.0,183833464.0,274392880.0,65557390.0,42030184.0,G
"3,927",Fried Green Tomatoes,1991,11000000,81204830,81204830,81204830.0,,,701895.0,,PG-13
"3,928",Jackass: Number Two,2006,11000000,72778712,85278712,72778712.0,12500000.0,85278712.0,49306153.0,29002002.0,R
"3,929",My Cousin Vinny,1992,11000000,52929168,52929168,52929168.0,,,,7416751.0,R
"3,930",If I Stay,2014,11000000,50474843,78356170,50474843.0,27881327.0,78356170.0,14422422.0,15679190.0,PG-13
"3,931",Major League,1989,11000000,49793054,49793054,49793054.0,,,,8836265.0,R
"3,932",Phone Booth,2003,11000000,46566212,97837138,46566212.0,51270926.0,97837138.0,,15021088.0,R
"3,933",A Walk to Remember,2002,11000000,41227069,46060861,41227069.0,4833792.0,46060861.0,,12177488.0,PG
"3,934",Dead Man Walking,1995,11000000,39387284,83088295,39387284.0,43701011.0,83088295.0,,118266.0,R
"3,935",Cruel Intentions,1999,11000000,38665260,76238901,38665260.0,37573641.0,76238901.0,,13020565.0,R
"3,936",Brooklyn,2015,11000000,38322743,62076141,38322743.0,23753398.0,62076141.0,4976259.0,187281.0,PG-13
"3,937",The Secret Life of Bees,2008,11000000,37780486,39994347,37780486.0,2213861.0,39994347.0,18671250.0,10527799.0,PG-13
"3,938",Wind River,2017,11000000,33800859,44984979,33800859.0,11184120.0,44984979.0,7457434.0,161558.0,R
"3,939",Woman in Gold,2015,11000000,33307793,58586407,33307793.0,25278614.0,58586407.0,4218206.0,2091551.0,PG-13
"3,940",History of the World: Part I,1981,11000000,31672000,31672000,31672000.0,,,,4892731.0,R
"3,941","I, Tonya",2017,11000000,30014534,53797409,30014534.0,23782875.0,53797409.0,2650792.0,264155.0,R
"3,942",Saw VI,2009,11000000,27693292,69752402,27693292.0,42059110.0,69752402.0,13412329.0,14118444.0,R
"3,943",Corky Romano,2001,11000000,23978402,25116103,23978402.0,1137701.0,25116103.0,,9023173.0,PG-13
"3,944",Fighting With My Family,2019,11000000,22958583,41503088,22958583.0,18544505.0,41503088.0,2480371.0,138780.0,PG-13
"3,945",Raising Cain,1992,11000000,21171695,21171695,21171695.0,,,,6203835.0,R
"3,946",F.I.S.T,1978,11000000,20388920,20388920,20388920.0,,,,,PG
"3,948",Quartet,2012,11000000,18388357,56178935,18388357.0,37790578.0,56178935.0,2908491.0,47122.0,PG-13
"3,949",Out Cold,2001,11000000,13906394,14786394,13906394.0,880000.0,14786394.0,,4531665.0,PG-13
"3,950",The Ladies Man,2000,11000000,13592872,13719474,13592872.0,126602.0,13719474.0,,5426390.0,R
"3,951",Tomcats,2001,11000000,13558739,13558739,13558739.0,,,,6406076.0,R
"3,952",Inside Llewyn Davis,2013,11000000,13248209,32943247,13248209.0,19695038.0,32943247.0,5157431.0,405411.0,R
"3,953",Frailty,2002,11000000,13110448,19947280,13110448.0,6836832.0,19947280.0,,4208655.0,R
"3,954",Army of Darkness,1993,11000000,11502976,21502976,11502976.0,10000000.0,21502976.0,,4424535.0,R
"3,955",Kinsey,2004,11000000,10214647,17443529,10214647.0,7228882.0,17443529.0,,169038.0,R
"3,956",Peeples,2013,11000000,9177065,9307166,9177065.0,130101.0,9307166.0,3431113.0,4611534.0,PG-13
"3,957",What's Eating Gilbert Grape,1993,11000000,9170214,9170214,9170214.0,,,,,PG-13
"3,958",Boy Erased,2018,11000000,6788692,11862650,6788692.0,5073958.0,11862650.0,,207057.0,R
"3,959",Sultan,2016,11000000,5599781,75379113,5599781.0,69779332.0,75379113.0,,2371100.0,Not Rated
"3,960",Slackers,2002,11000000,4814244,5942218,4814244.0,1127974.0,5942218.0,,2785283.0,R
"3,961",The Gospel of John,2003,11000000,4068087,4234355,4068087.0,166268.0,4234355.0,,98363.0,PG-13
"3,962",Vera Drake,2004,11000000,3753806,13353855,3753806.0,9600049.0,13353855.0,,13207.0,R
"3,963",What If,2014,11000000,3493000,9814566,3493000.0,6321566.0,9814566.0,1071246.0,133898.0,PG-13
"3,964",La piel que habito,2011,11000000,3185193,38156027,3185193.0,34970834.0,38156027.0,,223119.0,R
"3,965",The Guru,2003,11000000,3051221,24150550,3051221.0,21099329.0,24150550.0,,613485.0,R
"3,966",Othello,1995,11000000,2844379,2844379,2844379.0,,,,29097.0,R
"3,967",The Perez Family,1995,11000000,2794056,2794056,2794056.0,,,,1127645.0,R
"3,970",La Tortue Rouge,2016,11000000,920057,6712903,920057.0,5792846.0,6712903.0,560843.0,21010.0,PG
"3,971",Vox Lux,2018,11000000,727119,1444119,727119.0,717000.0,1444119.0,121480.0,155714.0,R
"3,972",Romance and Cigarettes,2007,11000000,551002,3231251,551002.0,2680249.0,3231251.0,,18445.0,R
"3,973",Copying Beethoven,2006,11000000,355968,6586324,355968.0,6230356.0,6586324.0,,70460.0,PG-13
"3,974",Brighton Rock,2011,11000000,229653,229653,229653.0,,,,32774.0,R
"3,975",Le prénom,2012,11000000,61611,25307405,61611.0,25245794.0,25307405.0,,61611.0,Not Rated
"3,976",LOL,2012,11000000,46000,10477506,46000.0,10431506.0,10477506.0,4942350.0,46000.0,PG-13
"3,977",La famille Bélier,2014,11000000,0,82438670,,82438670.0,82438670.0,,,Not Rated
"3,978",The Banker,2020,11000000,0,2990000,,2990000.0,2990000.0,,,PG-13
"3,979",Misconduct,2016,11000000,0,2352511,,2352511.0,2352511.0,1500662.0,,R
"3,980",Eli,2019,11000000,0,0,,,,,,
"3,981",Saw V,2008,10800000,56746769,118209778,56746769.0,61463009.0,118209778.0,28822450.0,30053954.0,R
"3,982",Les Intouchables,2012,10800000,13182281,484630908,13182281.0,471448627.0,484630908.0,5805599.0,101053.0,R
"3,983",Dolor y gloria,2019,10800000,4567338,39837366,4567338.0,35270028.0,39837366.0,,152636.0,R
"3,984",Jindabyne,2007,10800000,399879,2862544,399879.0,2462665.0,2862544.0,,28298.0,R
"3,985",Line Walker (使徒行者),2016,10800000,0,89569657,,89569657.0,89569657.0,,,Not Rated
"3,986",Kabhi Alvida Naa Kehna,2006,10750000,3275443,32575443,3275443.0,29300000.0,32575443.0,,1351786.0,Not Rated
"3,987",Poltergeist,1982,10700000,74788932,121788932,74788932.0,47000000.0,121788932.0,,6896612.0,PG
"3,988",Alien,1979,10700000,65403354,188034787,65403354.0,122631433.0,188034787.0,,3522581.0,R
"3,989",An Ideal Husband,1999,10700000,18542974,31341183,18542974.0,12798209.0,31341183.0,,192802.0,PG-13
"3,990",Darkness,2004,10600000,22163442,34409206,22163442.0,12245764.0,34409206.0,,6163306.0,PG-13
"3,991",The Last Days on Mars,2013,10600000,24084,261364,24084.0,237280.0,261364.0,708258.0,4608.0,R
"3,992",E.T. the Extra-Terrestrial,1982,10500000,439454989,797307407,439454989.0,357852418.0,797307407.0,,11911430.0,PG
"3,993",2001: A Space Odyssey,2068,10500000,59936321,71777922,59936321.0,11841601.0,71777922.0,,,G
"3,994",In the Land of Women,2007,10500000,11052958,14140402,11052958.0,3087444.0,14140402.0,10603988.0,4712341.0,PG-13
"3,995",Les gardiennes,2017,10500000,177331,4942337,177331.0,4765006.0,4942337.0,49286.0,7479.0,R
"3,996",There Goes My Baby,1994,10500000,125169,125169,125169.0,,,,,R
"3,997",The Blue Butterfly,2004,10400000,1610194,1610194,1610194.0,,,,228509.0,PG
"3,998",Le Fabuleux destin d\'Amélie Poulain,2001,10350000,33381742,174375841,33381742.0,140994099.0,174375841.0,,136470.0,R
"3,999",PMC: deo beong-keo,2018,10300000,0,12478635,,12478635.0,12478635.0,,,Not Rated
"4,000",Lovesick,1983,10100000,10143618,10143618,10143618.0,,,,3093281.0,PG
"4,001",Housefull,2010,10100000,1183658,18726300,1183658.0,17542642.0,18726300.0,,642156.0,Not Rated
"4,002",September Dawn,2007,10100000,1066555,1066555,1066555.0,,,,901857.0,R
"4,003",Halloween,2018,10000000,159366015,255416089,159366015.0,96050074.0,255416089.0,23913283.0,76221545.0,R
"4,004",Good Will Hunting,1997,10000000,138433435,225925989,138433435.0,87492554.0,225925989.0,,272912.0,R
"4,005",The Grudge,2004,10000000,110359362,187281115,110359362.0,76921753.0,187281115.0,,39128715.0,PG-13
"4,006",Don’t Breathe,2016,10000000,89217875,158906350,89217875.0,69688475.0,158906350.0,11259197.0,26411706.0,R
"4,007",Stripes,1981,10000000,85300000,85300000,85300000.0,,,,6152166.0,R
"4,008",Saw III,2006,10000000,80238724,163876815,80238724.0,83638091.0,163876815.0,47482259.0,33610391.0,R
"4,009",The Purge: Election Year,2016,10000000,79042440,118514727,79042440.0,39472287.0,118514727.0,7556359.0,31515110.0,R
"4,010",Book Club,2018,10000000,68566296,105953632,68566296.0,37387336.0,105953632.0,9141091.0,13582231.0,PG-13
"4,011",Bring it On,2000,10000000,68353550,90453550,68353550.0,22100000.0,90453550.0,311139.0,17362105.0,PG-13
"4,012",Insidious: The Last Key,2018,10000000,67745330,172811971,67745330.0,105066641.0,172811971.0,3819629.0,29581355.0,PG-13
"4,013",She\'s All That,1999,10000000,63465522,63465522,63465522.0,,,,16065430.0,PG-13
"4,014",Saw IV,2007,10000000,63300095,135759694,63300095.0,72459599.0,135759694.0,32733097.0,31756764.0,R
"4,015",Madea's Family Reunion,2006,10000000,63257940,63320521,63257940.0,62581.0,63320521.0,29217365.0,30030661.0,PG-13
"4,016",jackass forever,2022,10000000,57743451,74789292,57743451.0,17045841.0,74789292.0,1374490.0,23154388.0,R
"4,017",White Noise,2005,10000000,56094360,92094360,56094360.0,36000000.0,92094360.0,,24113565.0,PG-13
"4,018",The Color of Money,1986,10000000,52293000,52293000,52293000.0,,,,6357877.0,R
"4,019",Insidious Chapter 3,2015,10000000,52218558,120453155,52218558.0,68234597.0,120453155.0,4805331.0,22692741.0,PG-13
"4,020",The Mighty Ducks,1992,10000000,50752337,50752337,50752337.0,,,,6035133.0,PG
"4,021",Lady Bird,2017,10000000,48958273,80120944,48958273.0,31162671.0,80120944.0,2727029.0,364437.0,R
"4,022",Precious (Based on the Novel Push by Sapphire),2009,10000000,47566524,68722848,47566524.0,21156324.0,68722848.0,24506605.0,1872458.0,R
"4,023",The Best Exotic Marigold Hotel,2012,10000000,46383639,134639780,46383639.0,88256141.0,134639780.0,23489403.0,737051.0,PG-13
"4,024",Hereditary,2018,10000000,44069456,80942650,44069456.0,36873194.0,80942650.0,5280496.0,13575173.0,R
"4,025","Love, Simon",2018,10000000,40826341,65520633,40826341.0,24694292.0,65520633.0,6542398.0,11756244.0,PG-13
"4,026",Bill & Ted’s Excellent Adventure,1989,10000000,40485039,40510111,40485039.0,25072.0,40510111.0,,6167651.0,PG
"4,027",The Longest Day,2062,10000000,39100000,50100000,39100000.0,11000000.0,50100000.0,,,G
"4,028",Happy Gilmore,1996,10000000,38623460,41004412,38623460.0,2380952.0,41004412.0,,10112005.0,PG-13
"4,029",Jigsaw,2017,10000000,38052832,104223315,38052832.0,66170483.0,104223315.0,7743979.0,16640452.0,R
"4,030",Jeepers Creepers,2001,10000000,37904175,58939035,37904175.0,21034860.0,58939035.0,,13106108.0,R
"4,031",St. Elmo’s Fire,1985,10000000,37800000,37800489,37800000.0,489.0,37800489.0,,6128157.0,R
"4,032",Oliver!,2068,10000000,37402877,37402877,37402877.0,,,,,G
"4,033",Recess: School's Out,2001,10000000,36696761,44451470,36696761.0,7754709.0,44451470.0,,13455016.0,G
"4,034",Mad Max Beyond Thunderdome,1985,10000000,36230219,36230294,36230219.0,75.0,36230294.0,,7283714.0,PG-13
"4,035",Pete’s Dragon,1977,10000000,36000000,36000000,36000000.0,,,,,G
"4,036",The Boy,2016,10000000,35819556,68220952,35819556.0,32401396.0,68220952.0,4040780.0,10778392.0,PG-13
"4,037",Commando,1985,10000000,35073978,35078913,35073978.0,4935.0,35078913.0,,7700015.0,R
"4,038","Everything, Everything",2017,10000000,34121140,61603136,34121140.0,27481996.0,61603136.0,2429718.0,11727390.0,PG-13
"4,039",Devil,2010,10000000,33679655,63354114,33679655.0,29674459.0,63354114.0,8358964.0,12289375.0,PG-13
"4,040",Friday After Next,2002,10000000,33253609,33526835,33253609.0,273226.0,33526835.0,,13010767.0,R
"4,041",The Second Best Exotic Marigold Hotel,2015,10000000,33078266,89400862,33078266.0,56322596.0,89400862.0,4663897.0,8540370.0,PG
"4,042",The Last Dragon,1985,10000000,33000000,33000750,33000000.0,750.0,33000750.0,456945.0,5254359.0,PG-13
"4,043",How to Be a Latin Lover,2017,10000000,32149404,62556228,32149404.0,30406824.0,62556228.0,1620912.0,12252439.0,PG-13
"4,044",The Lawnmower Man,1992,10000000,32100816,32100816,32100816.0,,,,7751971.0,R
"4,045",Nick and Norah's Infinite Playlist,2008,10000000,31487293,33886017,31487293.0,2398724.0,33886017.0,11443677.0,11311751.0,PG-13
"4,046",Calendar Girls,2003,10000000,31011616,93074616,31011616.0,62063000.0,93074616.0,,151393.0,PG-13
"4,047",Dogma,1999,10000000,30651422,43948865,30651422.0,13297443.0,43948865.0,,8669945.0,R
"4,048",Slender Man,2018,10000000,30564825,51945949,30564825.0,21381124.0,51945949.0,1737747.0,11371866.0,PG-13
"4,049",The Banger Sisters,2002,10000000,30306281,38067218,30306281.0,7760937.0,38067218.0,,10037846.0,R
"4,050",Snatch,2000,10000000,30093107,83593107,30093107.0,53500000.0,83593107.0,,27932.0,R
"4,051",Road House,1989,10000000,30050028,30050028,30050028.0,,,,5957656.0,R
"4,052",Teen Titans Go! To The Movies,2018,10000000,29790236,51620593,29790236.0,21830357.0,51620593.0,3623356.0,10411189.0,PG
"4,053",When the Bough Breaks,2016,10000000,29747603,30768449,29747603.0,1020846.0,30768449.0,4017227.0,14202323.0,PG-13
"4,054",Twilight Zone: The Movie,1983,10000000,29500000,29500000,29500000.0,,,,6614366.0,PG
"4,055",A Low Down Dirty Shame,1994,10000000,29317886,29317886,29317886.0,,,,7970574.0,R
"4,056",One Direction: This is Us,2013,10000000,28873374,68154468,28873374.0,39281094.0,68154468.0,22741324.0,15815497.0,PG
"4,057",Swimfan,2002,10000000,28564995,34084228,28564995.0,5519233.0,34084228.0,,11326601.0,PG-13
"4,058",Employee of the Month,2006,10000000,28444855,38364855,28444855.0,9920000.0,38364855.0,22342669.0,11407751.0,PG-13
"4,059",Sinister 2,2015,10000000,27740955,54104225,27740955.0,26363270.0,54104225.0,2819430.0,10542116.0,R
"4,060",The Forest,2016,10000000,26594261,40749230,26594261.0,14154969.0,40749230.0,3096625.0,12741176.0,PG-13
"4,061",The Fourth Kind,2009,10000000,26218170,49486874,26218170.0,23268704.0,49486874.0,10595841.0,12231160.0,PG-13
"4,062",The Outsiders,1983,10000000,25750528,25776955,25750528.0,26427.0,25776955.0,,5068165.0,PG-13
"4,063",Can’t Hardly Wait,1998,10000000,25358996,25358996,25358996.0,,,,8025910.0,PG-13
"4,064",Sparkle,2012,10000000,24397469,24660323,24397469.0,262854.0,24660323.0,12366922.0,11643342.0,PG-13
"4,065",Kevin Hart: What Now?,2016,10000000,23591043,23591043,23591043.0,,,1754939.0,11767210.0,R
"4,066",Mud,2013,10000000,21590086,31556959,21590086.0,9966873.0,31556959.0,9427379.0,2215460.0,PG-13
"4,067",Skyline,2010,10000000,21416355,68264973,21416355.0,46848618.0,68264973.0,11357474.0,11692415.0,PG-13
"4,068",The Grudge,2019,10000000,21216148,49503117,21216148.0,28286969.0,49503117.0,1066706.0,11404113.0,R
"4,069",The Disaster Artist,2017,10000000,21120616,28717667,21120616.0,7597051.0,28717667.0,1471390.0,1211345.0,R
"4,070",American Fiction,2023,10000000,21098470,23026243,21098470.0,1927773.0,23026243.0,,224469.0,R
"4,071",Blair Witch,2016,10000000,20777061,38985577,20777061.0,18208516.0,38985577.0,2562856.0,9576057.0,R
"4,072",The Dead Zone,1983,10000000,20766000,20766000,20766000.0,,,,4556083.0,R
"4,073",F/X,1986,10000000,20603715,20603715,20603715.0,,,,3240695.0,R
"4,074",Valentine,2001,10000000,20384136,20384136,20384136.0,,,,10024648.0,R
"4,075",A Prairie Home Companion,2006,10000000,20342852,26716191,20342852.0,6373339.0,26716191.0,8707076.0,4566293.0,PG-13
"4,076",Reno 911!: Miami,2007,10000000,20342161,21851362,20342161.0,1509201.0,21851362.0,17120347.0,10273477.0,R
"4,077",Jane Austen's Mafia,1998,10000000,19843795,30143795,19843795.0,10300000.0,30143795.0,,6577961.0,PG-13
"4,078",Paranormal Activity: The Ghost Dimension,2015,10000000,18297124,77959374,18297124.0,59662250.0,77959374.0,1472315.0,8070493.0,R
"4,079",Sugar Hill,1994,10000000,18272447,18423914,18272447.0,151467.0,18423914.0,,5712485.0,R
"4,080",Kit Kittredge: An American Girl,2008,10000000,17657973,17657973,17657973.0,,,9013667.0,220297.0,G
"4,081",Invasion U.S.A.,1985,10000000,17536256,17536256,17536256.0,,,68296.0,6891609.0,R
"4,082",Roll Bounce,2005,10000000,17380866,17433072,17380866.0,52206.0,17433072.0,,7570366.0,PG-13
"4,083",The Good Liar,2019,10000000,17156058,33856058,17156058.0,16700000.0,33856058.0,2205237.0,5605051.0,R
"4,084",Rushmore,1998,10000000,17105219,19080435,17105219.0,1975216.0,19080435.0,,43666.0,R
"4,085",Tremors,1990,10000000,16667084,16668089,16667084.0,1005.0,16668089.0,,3731520.0,PG-13
"4,086",The Perfect Man,2005,10000000,16535005,19535005,16535005.0,3000000.0,19535005.0,,5300980.0,PG
"4,087",Mo' Better Blues,1990,10000000,16153000,16153000,16153000.0,,,,4387360.0,R
"4,088",Kung Pow: Enter the Fist,2002,10000000,16033556,17033556,16033556.0,1000000.0,17033556.0,,7017474.0,PG-13
"4,089",The Birth of a Nation,2016,10000000,15861566,16891011,15861566.0,1029445.0,16891011.0,2372980.0,7004254.0,R
"4,090",The Unholy,2021,10000000,15532137,30792024,15532137.0,15259887.0,30792024.0,2457774.0,3153456.0,PG-13
"4,091",Wrong Turn,2003,10000000,15417771,28649556,15417771.0,13231785.0,28649556.0,,5161498.0,R
"4,092",The Long Riders,1980,10000000,15198912,15198912,15198912.0,,,,2351112.0,R
"4,093",The Corruptor,1999,10000000,15164492,15164492,15164492.0,,,,5765300.0,R
"4,094","The Goods: Live Hard, Sell Hard",2009,10000000,15122676,15297318,15122676.0,174642.0,15297318.0,,5642137.0,R
"4,095",My Week with Marilyn,2011,10000000,14597405,34240572,14597405.0,19643167.0,34240572.0,8055013.0,1750507.0,R
"4,096",Big Eyes,2014,10000000,14482031,27317872,14482031.0,12835841.0,27317872.0,3418684.0,3001738.0,PG-13
"4,097",Broken Flowers,2005,10000000,13744960,40744960,13744960.0,27000000.0,40744960.0,,780408.0,R
"4,098",Hey Arnold! The Movie,2002,10000000,13684949,13684949,13684949.0,,,,5706332.0,PG
"4,099",Poms,2019,10000000,13631124,17901314,13631124.0,4270190.0,17901314.0,1109694.0,5361937.0,PG-13
"4,100",Brahms: The Boy II,2020,10000000,12611536,18968326,12611536.0,6356790.0,18968326.0,85372.0,5823006.0,PG-13
"4,101",The Matador,2005,10000000,12589255,17300838,12589255.0,4711583.0,17300838.0,5561437.0,69100.0,R
"4,102",Love Jones,1997,10000000,12554569,12554569,12554569.0,,,,3908725.0,R
"4,103",The Gift,2000,10000000,12008642,44567606,12008642.0,32558964.0,44567606.0,,11827.0,R
"4,104",End of the Spear,2006,10000000,11748661,11924041,11748661.0,175380.0,11924041.0,,4281388.0,PG-13
"4,105",Get Over It,2001,10000000,11560259,19860259,11560259.0,8300000.0,19860259.0,,4134977.0,PG-13
"4,106",The Legend of Drunken Master,2000,10000000,11546543,11546543,11546543.0,,,419804.0,3845278.0,R
"4,107",Office Space,1999,10000000,10827813,12179708,10827813.0,1351895.0,12179708.0,,4231727.0,R
"4,108",The Beguiled,2017,10000000,10576669,28039038,10576669.0,17462369.0,28039038.0,1532471.0,229292.0,R
"4,109",Drop Dead Gorgeous,1999,10000000,10571408,10571408,10571408.0,,,,3986269.0,PG-13
"4,110",The Best of Enemies,2019,10000000,10205616,10268749,10205616.0,63133.0,10268749.0,,4446190.0,PG-13
"4,111",The Spanish Prisoner,1998,10000000,10162034,13835130,10162034.0,3673096.0,13835130.0,,124011.0,PG
"4,112",Emma.,2020,10000000,10055355,27365788,10055355.0,17310433.0,27365788.0,1713517.0,234482.0,PG
"4,113",Le Violon rouge,1999,10000000,10019109,10019109,10019109.0,,,,87133.0,R
"4,114",Very Bad Things,1998,10000000,9949470,21094974,9949470.0,11145504.0,21094974.0,,3245853.0,R
"4,115",Sleepover,2004,10000000,9408183,9424052,9408183.0,15869.0,9424052.0,,4171226.0,PG
"4,116",Movie 43,2012,10000000,8840453,31164747,8840453.0,22324294.0,31164747.0,3543333.0,4805878.0,R
"4,117",Can You Ever Forgive Me?,2018,10000000,8803865,12517379,8803865.0,3713514.0,12517379.0,738908.0,161510.0,R
"4,118",Body Double,1984,10000000,8801940,8802428,8801940.0,488.0,8802428.0,,2837978.0,R
"4,119",MacGruber,2010,10000000,8525600,8629895,8525600.0,104295.0,8629895.0,7041613.0,4043495.0,R
"4,120",Dirty Pretty Things,2003,10000000,8112414,14156753,8112414.0,6044339.0,14156753.0,,100512.0,R
"4,121",Bad Words,2014,10000000,7779614,7843145,7779614.0,63531.0,7843145.0,4212815.0,113301.0,R
"4,122",While We're Young,2015,10000000,7582065,17503828,7582065.0,9921763.0,17503828.0,,227688.0,R
"4,123",Over Her Dead Body,2008,10000000,7570127,21596074,7570127.0,14025947.0,21596074.0,8707037.0,4025115.0,PG-13
"4,124",Bones,2001,10000000,7316658,8378853,7316658.0,1062195.0,8378853.0,,2823548.0,R
"4,125",Seeking a Friend for the End of the World,2012,10000000,7078738,11766959,7078738.0,4688221.0,11766959.0,2980149.0,3822803.0,R
"4,126",Turistas,2006,10000000,7027762,14321070,7027762.0,7293308.0,14321070.0,3815731.0,3582554.0,R
"4,127",Shut In,2016,10000000,6900335,11360665,6900335.0,4460330.0,11360665.0,1954600.0,3613567.0,R
"4,128",Cedar Rapids,2011,10000000,6861102,7862131,6861102.0,1001029.0,7862131.0,2626290.0,302968.0,R
"4,129",The Collection,2012,10000000,6810754,8890094,6810754.0,2079340.0,8890094.0,3879009.0,3104269.0,R
"4,130",Dog Days,2018,10000000,6809080,10290831,6809080.0,3481751.0,10290831.0,,2554766.0,PG
"4,131",American History X,1998,10000000,6719864,6719864,6719864.0,,,,156076.0,R
"4,132",Next Goal Wins,2023,10000000,6713826,17968934,6713826.0,11255108.0,17968934.0,,2500295.0,PG-13
"4,133",A.X.L.,2018,10000000,6501381,8259753,6501381.0,1758372.0,8259753.0,207208.0,2798229.0,PG
"4,134",Teacher's Pet: The Movie,2004,10000000,6491969,6491969,6491969.0,,,,2461252.0,PG
"4,135",The Straight Story,1999,10000000,6197866,6230266,6197866.0,32400.0,6230266.0,,92312.0,G
"4,136",Deuces Wild,2002,10000000,6044618,6244618,6044618.0,200000.0,6244618.0,,2704682.0,R
"4,137","Run, Fatboy, Run",2008,10000000,6003262,33512260,6003262.0,27508998.0,33512260.0,5815207.0,2340743.0,PG-13
"4,138",Heartbeeps,1981,10000000,6000000,6000000,6000000.0,,,,407464.0,PG
"4,139",Danny Collins,2015,10000000,5637066,9271825,5637066.0,3634759.0,9271825.0,,72459.0,R
"4,140",Rescue Dawn,2007,10000000,5490423,7037886,5490423.0,1547463.0,7037886.0,25362415.0,110326.0,PG-13
"4,141",Stan & Ollie,2018,10000000,5470235,29062674,5470235.0,23592439.0,29062674.0,1555186.0,78104.0,PG
"4,142",Black and White,2000,10000000,5241315,5241315,5241315.0,,,,2212535.0,R
"4,143",Io sono l’amore,2010,10000000,5005465,15121528,5005465.0,10116063.0,15121528.0,,121504.0,R
"4,144",King Kong Lives,1986,10000000,4711220,4711220,4711220.0,,,,1172942.0,
"4,145",Jay and Silent Bob Reboot,2019,10000000,4589490,4730228,4589490.0,140738.0,4730228.0,2718165.0,93520.0,R
"4,146",Brian Banks,2019,10000000,4376820,4376820,4376820.0,,,,2156272.0,PG-13
"4,147",On the Line,2001,10000000,4365455,16222303,4365455.0,11856848.0,16222303.0,,2307063.0,PG
"4,148",The Book of Henry,2017,10000000,4288104,4797845,4288104.0,509741.0,4797845.0,,1424540.0,PG-13
"4,149",Gotti,2018,10000000,4286367,6601992,4286367.0,2315625.0,6601992.0,1487861.0,1719902.0,R
"4,150","Jeff, Who Lives at Home",2012,10000000,4269426,4708127,4269426.0,438701.0,4708127.0,,855709.0,R
"4,151",Life Itself,2018,10000000,4095431,7960474,4095431.0,3865043.0,7960474.0,,2123463.0,R
"4,152",Denial,2016,10000000,4073448,9263940,4073448.0,5190492.0,9263940.0,,93728.0,PG-13
"4,153",The Man Who Knew Infinity,2016,10000000,3877922,12382122,3877922.0,8504200.0,12382122.0,516481.0,80325.0,PG-13
"4,154",Max Steel,2016,10000000,3818664,4563080,3818664.0,744416.0,4563080.0,2179399.0,2182216.0,PG-13
"4,155",Everybody Wants Some,2016,10000000,3400278,5437126,3400278.0,2036848.0,5437126.0,1075176.0,312355.0,R
"4,156",Crash,1996,10000000,3357324,3412380,3357324.0,55056.0,3412380.0,,738339.0,R
"4,157",Atlas Shrugged: Part II,2012,10000000,3336053,3336053,3336053.0,,,,1751572.0,PG-13
"4,158",Romeo Is Bleeding,1994,10000000,3275585,3275585,3275585.0,,,,1225737.0,R
"4,159",The Limey,1999,10000000,3193102,6030047,3193102.0,2836945.0,6030047.0,,187122.0,R
"4,160",Rosewater,2014,10000000,3128941,3185717,3128941.0,56776.0,3185717.0,680164.0,1154303.0,R
"4,161",The House of Mirth,2000,10000000,3041803,5149131,3041803.0,2107328.0,5149131.0,,45039.0,PG
"4,162",Malone,1987,10000000,3000000,3000000,3000000.0,,,77267.0,1377691.0,R
"4,163",Peaceful Warrior,2006,10000000,2893666,3260179,2893666.0,366513.0,3260179.0,,80602.0,PG-13
"4,164",Bucky Larson: Born to Be a Star,2011,10000000,2529395,2529395,2529395.0,,,,1415023.0,R
"4,165",Hillsong: Let Hope Rise,2016,10000000,2394725,2678525,2394725.0,283800.0,2678525.0,,1357243.0,PG
"4,166",Bamboozled,2000,10000000,2185266,2373937,2185266.0,188671.0,2373937.0,,190720.0,R
"4,167",Sphinx,1981,10000000,2000000,11400000,2000000.0,9400000.0,11400000.0,,439564.0,
"4,168",The Iceman,2013,10000000,1930282,3623609,1930282.0,1693327.0,3623609.0,3104849.0,87946.0,R
"4,169",Testament of Youth,2015,10000000,1822250,6646669,1822250.0,4824419.0,6646669.0,891182.0,53008.0,PG-13
"4,170",Free Fire,2017,10000000,1799322,3793739,1799322.0,1994417.0,3793739.0,649396.0,994430.0,R
"4,171",A Better Life,2011,10000000,1759252,1884251,1759252.0,124999.0,1884251.0,,62087.0,PG-13
"4,172",Spider,2003,10000000,1641788,1641788,1641788.0,,,,189350.0,R
"4,173",Gun Shy,2000,10000000,1638202,1638202,1638202.0,,,,703109.0,R
"4,174",Nicholas Nickleby,2002,10000000,1562800,3311924,1562800.0,1749124.0,3311924.0,,42864.0,PG
"4,175",The Joneses,2010,10000000,1475746,3541565,1475746.0,2065819.0,3541565.0,,507082.0,R
"4,176",Krrish,2006,10000000,1430721,32430721,1430721.0,31000000.0,32430721.0,,643000.0,Not Rated
"4,177",Killer Joe,2012,10000000,1291645,4659110,1291645.0,3367465.0,4659110.0,,37864.0,R
"4,178",Churchill,2017,10000000,1279681,7582196,1279681.0,6302515.0,7582196.0,133012.0,408891.0,PG
"4,179",Cecil B. Demented,2000,10000000,1276984,1953882,1276984.0,676898.0,1953882.0,,127141.0,R
"4,180",50 to 1,2014,10000000,1069454,1069454,1069454.0,,,634455.0,78480.0,PG-13
"4,181",Owning Mahowny,2003,10000000,1011054,1147871,1011054.0,136817.0,1147871.0,,33287.0,R
"4,182",The Ten Commandments,2007,10000000,952820,1051907,952820.0,99087.0,1051907.0,,478910.0,PG
"4,183",The Brothers Solomon,2007,10000000,900926,900926,900926.0,,,,508601.0,R
"4,184",My Blueberry Nights,2008,10000000,866778,22198996,866778.0,21332218.0,22198996.0,,74146.0,PG-13
"4,185",Illuminata,1999,10000000,836641,836641,836641.0,,,,53264.0,R
"4,186",Coriolanus,2012,10000000,749641,2536707,749641.0,1787066.0,2536707.0,3274310.0,61136.0,R
"4,187",Our Friend,2021,10000000,657511,714255,657511.0,56744.0,714255.0,,250160.0,R
"4,188",Parkland,2013,10000000,641439,1616353,641439.0,974914.0,1616353.0,2283133.0,310246.0,PG-13
"4,189",Swept Away,2002,10000000,598645,611032,598645.0,12387.0,611032.0,,354052.0,R
"4,190","War, Inc.",2008,10000000,580862,1299855,580862.0,718993.0,1299855.0,1202521.0,35336.0,R
"4,191",Shaolin Soccer,2004,10000000,488872,42776032,488872.0,42287160.0,42776032.0,,39167.0,PG-13
"4,192",The Brown Bunny,2004,10000000,366301,630427,366301.0,264126.0,630427.0,,50601.0,Not Rated
"4,193",King of California,2007,10000000,268461,1165102,268461.0,896641.0,1165102.0,,35814.0,PG-13
"4,194",Rien ne va plus,1997,10000000,245359,5045359,245359.0,4800000.0,5045359.0,,25696.0,
"4,195",La femme de chambre du Titanic,1998,10000000,244465,244465,244465.0,,,,,
"4,196",Imaginary Heroes,2004,10000000,228524,290875,228524.0,62351.0,290875.0,,4696.0,R
"4,197",High Heels and Low Lifes,2001,10000000,226792,2151098,226792.0,1924306.0,2151098.0,,113512.0,R
"4,198",World's Greatest Dad,2009,10000000,221805,295750,221805.0,73945.0,295750.0,,4675.0,R
"4,199","Cinco de Mayo, La Batalla",2013,10000000,173472,173472,173472.0,,,,83586.0,R
"4,200",Welcome to the Rileys,2010,10000000,152857,355919,152857.0,203062.0,355919.0,,42145.0,R
"4,201",Kicks,2016,10000000,150191,150191,150191.0,,,,32111.0,R
"4,202",Free Style,2009,10000000,141108,721108,141108.0,580000.0,721108.0,,97764.0,PG-13
"4,203",High School,2012,10000000,139034,248133,139034.0,109099.0,248133.0,,82832.0,R
"4,204",Severance,2007,10000000,137221,5950002,137221.0,5812781.0,5950002.0,,8316.0,R
"4,205",Edmond,2006,10000000,131719,241719,131719.0,110000.0,241719.0,,19253.0,R
"4,206",Joheunnom nabbeunnom isanghannom,2010,10000000,128486,42226657,128486.0,42098171.0,42226657.0,,4775.0,R
"4,207",Police Academy 7: Mission to Moscow,1994,10000000,126247,126247,126247.0,,,,,PG
"4,208",Blood Done Sign My Name,2010,10000000,109383,109383,109383.0,,,,82739.0,PG-13
"4,209",The Good Guy,2010,10000000,100688,106460,100688.0,5772.0,106460.0,,34712.0,R
"4,210",Motherhood,2009,10000000,93388,723388,93388.0,630000.0,723388.0,,50081.0,PG-13
"4,211",Triple Threat,2019,10000000,76289,385651,76289.0,309362.0,385651.0,1096879.0,5936.0,R
"4,212",Eulogy,2004,10000000,70527,91201,70527.0,20674.0,91201.0,,41788.0,R
"4,213",Elsa & Fred,2014,10000000,67657,197901,67657.0,130244.0,197901.0,469445.0,,PG-13
"4,214",Alabama Moon,2011,10000000,47305,47305,47305.0,,,,,PG
"4,215",An Alan Smithee Film: Burn Hollywood Burn,1998,10000000,45779,45779,45779.0,,,,20000.0,R
"4,216",The Open Road,2009,10000000,19716,19716,19716.0,,,,13323.0,PG-13
"4,217",Strangerland,2015,10000000,17472,161097,17472.0,143625.0,161097.0,993675.0,17472.0,R
"4,218",Hross i oss,2015,10000000,11894,11894,11894.0,,,,,Not Rated
"4,219",Janky Promoters,2009,10000000,9069,9069,9069.0,,,,5702.0,R
"4,220",Blonde Ambition,2007,10000000,6422,1537479,6422.0,1531057.0,1537479.0,,1322.0,PG-13
"4,221",The Oxford Murders,2010,10000000,4803,17704131,4803.0,17699328.0,17704131.0,,1191.0,R
"4,222",Barbecue,2014,10000000,388,247565,388.0,247177.0,247565.0,,,Not Rated
"4,223",T-34,2018,10000000,0,39526616,,39526616.0,39526616.0,,,
"4,225",White Noise 2: The Light,2008,10000000,0,8243567,,8243567.0,8243567.0,,,PG-13
"4,226",Jessabelle,2014,10000000,0,6998359,,6998359.0,6998359.0,156386.0,,PG-13
"4,227",American Heist,2015,10000000,0,2341218,,2341218.0,2341218.0,1885871.0,,R
"4,228",CODA,2021,10000000,0,2237618,,2237618.0,2237618.0,,,PG-13
"4,229",It's a Wonderful Afterlife,2010,10000000,0,1642939,,1642939.0,1642939.0,,,PG-13
"4,230",You Got Served: Beat The World,2011,10000000,0,1230542,,1230542.0,1230542.0,,,PG-13
"4,231",Fifty Dead Men Walking,2009,10000000,0,997921,,997921.0,997921.0,,,R
"4,232",Plastic,2014,10000000,0,575371,,575371.0,575371.0,21046.0,,R
"4,233",Message from the King,2017,10000000,0,391845,,391845.0,391845.0,,,R
"4,234",Nurse 3D,2014,10000000,0,379584,,379584.0,379584.0,295022.0,,R
"4,235",Jungle Shuffle,2015,10000000,0,360898,,360898.0,360898.0,42738.0,,
"4,236",Ethel & Ernest,2016,10000000,0,200447,,200447.0,200447.0,,,
"4,237",Adam Resurrected,2009,10000000,0,90909,,90909.0,90909.0,,,
"4,238",Mudbound,2017,10000000,0,53559,,53559.0,53559.0,,,R
"4,239",The Devil's Tomb,2009,10000000,0,0,,,,5474020.0,,R
"4,241",Partition,2007,10000000,0,0,,,,,,
"4,242",Detention,2012,10000000,0,0,,,,,,R
"4,243",Grizzly,2015,10000000,0,0,,,,,,R
"4,244",Step Sisters,2018,10000000,0,0,,,,,,PG-13
"4,245",Irreplaceable You,2018,10000000,0,0,,,,,,
"4,246",Passing,2021,10000000,0,0,,,,,,PG-13
"4,247",Companion,2025,10000000,0,0,,,,,,R
"4,248",Friend Request,2016,9900000,3759078,11310835,3759078.0,7551757.0,11310835.0,631661.0,2002863.0,R
"4,249",Gunless,2010,9900000,458054,458054,458054.0,,,,,Not Rated
"4,250",Adventureland,2009,9800000,16044025,17553055,16044025.0,1509030.0,17553055.0,12941596.0,5722039.0,R
"4,251",Amour,2012,9700000,6738954,36787044,6738954.0,30048090.0,36787044.0,,68266.0,PG-13
"4,252",Truth,2015,9600000,2541854,6842580,2541854.0,4300726.0,6842580.0,386149.0,66232.0,R
"4,253",The Lost City,2006,9600000,2484186,5256839,2484186.0,2772653.0,5256839.0,,191560.0,R
"4,254",Next Friday,2000,9500000,57176582,59675307,57176582.0,2498725.0,59675307.0,,16918226.0,R
"4,255",You Only Live Twice,2067,9500000,43100000,111600000,43100000.0,68500000.0,111600000.0,,,PG
"4,256",Poltergeist III,1988,9500000,14114000,14114000,14114000.0,,,,4344308.0,PG-13
"4,257",Dangal,2016,9500000,12391761,305149461,12391761.0,292757700.0,305149461.0,,3248481.0,Not Rated
"4,258",The Runaways,2010,9500000,3573673,5278632,3573673.0,1704959.0,5278632.0,6839903.0,805115.0,R
"4,259",Gentlemen Broncos,2009,9500000,115155,119955,115155.0,4800.0,119955.0,,11502.0,PG-13
"4,260",Bereurlin,2013,9500000,0,48314840,,48314840.0,48314840.0,99050.0,,
"4,263",It's a Mad Mad Mad Mad World,2063,9400000,46300000,60000000,46300000.0,13700000.0,60000000.0,3772865.0,,Not RatedApproved pca #20241
"4,264",Volver,2006,9400000,12899867,87226613,12899867.0,74326746.0,87226613.0,,197703.0,R
"4,265",Melancholia,2011,9400000,3030848,21788107,3030848.0,18757259.0,21788107.0,4555056.0,257174.0,R
"4,266",The Secret: Dare to Dream,2020,9400000,0,4920099,,4920099.0,4920099.0,2358025.0,,PG
"4,267",Heavy Metal,1981,9300000,19571091,19571091,19571091.0,,,,3261186.0,R
"4,268",Words on Bathroom Walls,2020,9300000,2542518,3184180,2542518.0,641662.0,3184180.0,,432968.0,PG-13
"4,269",Jab Tak Hai Jaan,2012,9200000,3047539,5806666,3047539.0,2759127.0,5806666.0,,1283585.0,Not Rated
"4,270",Richard III,1995,9200000,2684904,4199334,2684904.0,1514430.0,4199334.0,,91915.0,R
"4,271",Kites,2010,9200000,1685269,17155193,1685269.0,15469924.0,17155193.0,,959329.0,Not Rated
"4,272",Elle,2016,9100000,2339735,16517708,2339735.0,14177973.0,16517708.0,538680.0,50934.0,R
"4,274",Mine Vaganti,2012,9100000,0,18872126,,18872126.0,18872126.0,,,Not Rated
"4,275",Zarafa,2012,9100000,0,14709816,,14709816.0,14709816.0,54340.0,,
"4,276",Split,2017,9000000,138141585,278754594,138141585.0,140613009.0,278754594.0,16244250.0,40010975.0,PG-13
"4,277",The Texas Chainsaw Massacre,2003,9000000,80571655,107967319,80571655.0,27395664.0,107967319.0,,28094014.0,R
"4,278",Fiddler on the Roof,1971,9000000,80500000,80501127,80500000.0,1127.0,80501127.0,,,G
"4,279",The Purge: Anarchy,2014,9000000,71562550,111534881,71562550.0,39972331.0,111534881.0,12040306.0,29816675.0,R
"4,280",Thunderball,2065,9000000,63600000,141200000,63600000.0,77600000.0,141200000.0,,,PG
"4,281",Escape Room,2019,9000000,57000756,155615727,57000756.0,98614971.0,155615727.0,2788951.0,18238172.0,PG-13
"4,282",The Curse of La Llorona,2019,9000000,54733739,123233739,54733739.0,68500000.0,123233739.0,5601909.0,26347631.0,R
"4,283",The Strangers,2008,9000000,52597610,83051676,52597610.0,30454066.0,83051676.0,17455151.0,20997985.0,R
"4,284",Set It Off,1996,9000000,36049108,36049108,36049108.0,,,,8812105.0,R
"4,285",Ouija: Origin of Evil,2016,9000000,35144505,81831866,35144505.0,46687361.0,81831866.0,2313087.0,14065500.0,PG-13
"4,286",The Best Man,1999,9000000,34102780,34572780,34102780.0,470000.0,34572780.0,,9031660.0,R
"4,287",Child’s Play,1988,9000000,33244684,44196684,33244684.0,10952000.0,44196684.0,,6583963.0,R
"4,288",Happy Death Day 2U,2019,9000000,28148130,64686515,28148130.0,36538385.0,64686515.0,2394945.0,9497665.0,PG-13
"4,289",Midsommar,2019,9000000,27426363,46713431,27426363.0,19287068.0,46713431.0,3030792.0,6560030.0,R
"4,290",Sicko,2007,9000000,24538513,36535837,24538513.0,11997324.0,36535837.0,18423479.0,68969.0,PG-13
"4,291",Black or White,2015,9000000,21571189,21971021,21571189.0,399832.0,21971021.0,5489549.0,6213362.0,PG-13
"4,292",Down to You,2000,9000000,20035310,20035310,20035310.0,,,,7602507.0,PG-13
"4,293",Harold & Kumar Go to White Castle,2004,9000000,18225165,19474552,18225165.0,1249387.0,19474552.0,,5480378.0,R
"4,294",The Contender,2000,9000000,17804273,17804273,17804273.0,,,,5363900.0,R
"4,295",Boiler Room,2000,9000000,16963963,28773637,16963963.0,11809674.0,28773637.0,,6722884.0,R
"4,296",Black Christmas,2006,9000000,16235738,16235738,16235738.0,,,30135245.0,3723364.0,R
"4,297",The Edge of Seventeen,2016,9000000,14431633,19096003,14431633.0,4664370.0,19096003.0,3019584.0,4754215.0,R
"4,298",Jackie,2016,9000000,13960394,36588512,13960394.0,22628118.0,36588512.0,1456418.0,278715.0,R
"4,299",The Ice Pirates,1984,9000000,13075390,13075390,13075390.0,,,,4358022.0,PG
"4,300",Breakin' All the Rules,2004,9000000,12232382,12512317,12232382.0,279935.0,12512317.0,,5088577.0,PG-13
"4,301",Glee: The 3D Concert Movie,2011,9000000,11862398,17462398,11862398.0,5600000.0,17462398.0,,5961231.0,PG
"4,302",Come Play,2020,9000000,10475990,12624174,10475990.0,2148184.0,12624174.0,739954.0,3119875.0,PG-13
"4,303",Henry V,1989,9000000,10161099,10176701,10161099.0,15602.0,10176701.0,,,PG-13
"4,304",Loving,2016,9000000,7710234,12898064,7710234.0,5187830.0,12898064.0,2366036.0,159615.0,PG-13
"4,305",The Savages,2007,9000000,6623082,10642023,6623082.0,4018941.0,10642023.0,,151859.0,R
"4,306",Chasing Papi,2003,9000000,6126237,12657377,6126237.0,6531140.0,12657377.0,,2404557.0,PG
"4,307",The Way of the Gun,2000,9000000,6047856,13061935,6047856.0,7014079.0,13061935.0,,2150979.0,R
"4,308",The Sun is Also a Star,2019,9000000,4950029,6750029,4950029.0,1800000.0,6750029.0,,2511530.0,PG-13
"4,309",Hamlet 2,2008,9000000,4886216,4934104,4886216.0,47888.0,4934104.0,,439925.0,R
"4,310",Igby Goes Down,2002,9000000,4777465,5512151,4777465.0,734686.0,5512151.0,,306705.0,R
"4,311",PCU,1994,9000000,4333569,4333569,4333569.0,,,,2129483.0,PG-13
"4,312",Madame Sousatzka,1988,9000000,3548238,3548238,3548238.0,,,,,
"4,313",The Ultimate Gift,2007,9000000,3438735,3438735,3438735.0,,,,1241079.0,PG
"4,314",Beautiful,2000,9000000,3134509,3134509,3134509.0,,,,1409433.0,PG-13
"4,315",Gracie,2007,9000000,2956339,3922043,2956339.0,965704.0,3922043.0,,1355904.0,PG-13
"4,316",The Sapphires,2012,9000000,2450867,20395040,2450867.0,17944173.0,20395040.0,,38372.0,PG-13
"4,317",Greater,2016,9000000,2000093,2000093,2000093.0,,,2516099.0,627974.0,PG
"4,318",Destroyer,2018,9000000,1533324,5865489,1533324.0,4332165.0,5865489.0,,55347.0,R
"4,319",Trust the Man,2006,9000000,1530535,2548378,1530535.0,1017843.0,2548378.0,,180271.0,R
"4,320",Undiscovered,2005,9000000,1069318,1069318,1069318.0,,,,676048.0,PG-13
"4,321",Velvet Goldmine,1998,9000000,1053788,4313644,1053788.0,3259856.0,4313644.0,,301787.0,R
"4,322",Princess Kaiulani,2010,9000000,883887,883887,883887.0,,,,186995.0,PG
"4,323",National Champions,2021,9000000,475488,475488,475488.0,,,,301028.0,R
"4,324",The Legend of Suriyothai,2003,9000000,454255,461581,454255.0,7326.0,461581.0,,45904.0,R
"4,325",Due occhi diabolici,1991,9000000,349618,349618,349618.0,,,,,R
"4,326",Dheepan,2015,9000000,248795,7704357,248795.0,7455562.0,7704357.0,143451.0,20249.0,R
"4,327",La fille du RER,2010,9000000,208163,208163,208163.0,,,,19154.0,Not Rated
"4,328",All or Nothing,2002,9000000,184255,186240,184255.0,1985.0,186240.0,8622.0,25890.0,R
"4,329",Red Riding: The Year of Our Lord 1974,2010,9000000,148826,148826,148826.0,,,,14526.0,Not Rated
"4,330",Flammen og Citronen,2009,9000000,148089,1635241,148089.0,1487152.0,1635241.0,,15254.0,Not Rated
"4,331",Leaves of Grass,2010,9000000,70066,85527,70066.0,15461.0,85527.0,,,R
"4,332",Opal Dream,2006,9000000,14443,14443,14443.0,,,,2716.0,PG
"4,333",Another Day of Life,2018,9000000,3190,580897,3190.0,577707.0,580897.0,,1691.0,Not Rated
"4,334",Skin Trade,2015,9000000,1242,1242,1242.0,,,1261443.0,162.0,R
"4,335",Les gamins,2013,9000000,0,15660664,,15660664.0,15660664.0,,,
"4,336",Beneath Hill 60,2014,9000000,0,3440939,,3440939.0,3440939.0,343116.0,,R
"4,337",Veronika Decides to Die,2012,9000000,0,2243,,2243.0,2243.0,,,R
"4,338",Barbarella,2068,9000000,0,0,,,,,,PG
"4,339",A Haunting in Connecticut 2: The Ghosts of Georgia,2013,9000000,0,0,,,,2166567.0,,R
"4,340",Polisse,2012,8900000,176988,22744132,176988.0,22567144.0,22744132.0,,16568.0,Not Rated
"4,341",Heist,2015,8900000,50136,3324131,50136.0,3273995.0,3324131.0,1590556.0,28688.0,R
"4,342",Ultramarines,2011,8900000,0,0,,,,371867.0,,R
"4,343",Crocodile Dundee,1986,8800000,174803506,328203506,174803506.0,153400000.0,328203506.0,,8038855.0,PG-13
"4,344",Dofus - Livre 1: Julith,2016,8800000,0,624747,,624747.0,624747.0,,,
"4,346",Le tout nouveau testament,2015,8700000,127910,19499856,127910.0,19371946.0,19499856.0,162941.0,10422.0,Not Rated
"4,347",Awake,2007,8600000,14373825,32968648,14373825.0,18594823.0,32968648.0,13664432.0,5856872.0,R
"4,348",The Age of Shadows (밀정),2016,8600000,540268,54500169,540268.0,53959901.0,54500169.0,91251.0,165685.0,Not Rated
"4,349",All the President’s Men,1976,8500000,51048435,51048857,51048435.0,422.0,51048857.0,224092.0,,PG
"4,350",Manchester by the Sea,2016,8500000,47695371,77733867,47695371.0,30038496.0,77733867.0,3944872.0,256498.0,R
"4,351",Crazy Heart,2009,8500000,39471742,47417251,39471742.0,7945509.0,47417251.0,19913889.0,82664.0,R
"4,352",The Strangers: Chapter 1,2024,8500000,35202562,47445905,35202562.0,12243343.0,47445905.0,,11825058.0,R
"4,353",Star Wars: The Clone Wars,2008,8500000,35161554,68695443,35161554.0,33533889.0,68695443.0,27396110.0,14611273.0,PG
"4,354",The DUFF,2015,8500000,34030343,43528634,34030343.0,9498291.0,43528634.0,7962557.0,10809149.0,PG-13
"4,355",The Lost Boys,1987,8500000,33112052,33283628,33112052.0,171576.0,33283628.0,,5236318.0,R
"4,356",Nightcrawler,2014,8500000,32381218,50334418,32381218.0,17953200.0,50334418.0,5887277.0,10441000.0,R
"4,357",Dragon Ball Super: Broly,2018,8500000,30376755,122740616,30376755.0,92363861.0,122740616.0,13106974.0,9816197.0,PG
"4,358",The Rose,1979,8500000,29200000,29200000,29200000.0,,,277598.0,793063.0,R
"4,359",Baggage Claim,2013,8500000,21569509,22885836,21569509.0,1316327.0,22885836.0,5040355.0,9031102.0,PG-13
"4,360",Middle School: The Worst Years of My Life,2016,8500000,20007149,23311293,20007149.0,3304144.0,23311293.0,3390716.0,6878437.0,PG
"4,361",Haakon Haakonsen,1991,8500000,15024232,15024232,15024232.0,,,,3871766.0,PG
"4,362",Election,1999,8500000,14943582,17202854,14943582.0,2259272.0,17202854.0,128083.0,119080.0,R
"4,363",The Namesake,2007,8500000,13610521,20288774,13610521.0,6678253.0,20288774.0,10099013.0,248552.0,PG-13
"4,364",Sound of Hope: The Story of Possum Trot,2024,8500000,11647099,11663715,11647099.0,16616.0,11663715.0,,3078758.0,PG-13
"4,365",All is Lost,2013,8500000,6263670,10386814,6263670.0,4123144.0,10386814.0,5043901.0,93583.0,PG-13
"4,366",Club Dread,2004,8500000,5001655,7573551,5001655.0,2571896.0,7573551.0,,3035688.0,R
"4,367",Bright Star,2009,8500000,4444637,17220091,4444637.0,12775454.0,17220091.0,,189703.0,PG
"4,368",Glitter,2001,8500000,4273372,4273372,4273372.0,,,,2414596.0,PG-13
"4,369",The Rover,2014,8500000,1109199,3180252,1109199.0,2071053.0,3180252.0,549489.0,69302.0,R
"4,370",Silmido,2004,8500000,298347,30298347,298347.0,30000000.0,30298347.0,,,Not Rated
"4,371",Repo! The Genetic Opera,2008,8500000,140244,198883,140244.0,58639.0,198883.0,,53684.0,R
"4,372",Posledniy bogatyr,2017,8500000,0,30723013,,30723013.0,30723013.0,,,
"4,373",A.C.O.R.N.S.: Operation Crackdown,2016,8500000,0,1353287,,1353287.0,1353287.0,,,PG
"4,374",My Name is Khan,2010,8470000,4046336,42355526,4046336.0,38309190.0,42355526.0,,1944027.0,PG-13
"4,375",Namastey London,2007,8400000,1207007,6831069,1207007.0,5624062.0,6831069.0,,578224.0,Not Rated
"4,376",Yeh Jawaani Hai Deewani,2013,8300000,3827466,50827466,3827466.0,47000000.0,50827466.0,,1568677.0,Not Rated
"4,377",Limbo,1999,8300000,2160710,2598224,2160710.0,437514.0,2598224.0,,139634.0,R
"4,378",C’mon C’mon,2021,8300000,2005481,3299430,2005481.0,1293949.0,3299430.0,,134447.0,
"4,379",The Wind That Shakes the Barley,2006,8300000,1829142,25170688,1829142.0,23341546.0,25170688.0,,76190.0,Not Rated
"4,380",The City of Your Final Destination,2010,8300000,493296,1353296,493296.0,860000.0,1353296.0,,24401.0,PG-13
"4,381",Kurtlar vadisi - Irak,2006,8300000,0,24906717,,24906717.0,24906717.0,,,
"4,382",Quo Vadis?,2051,8250000,30000000,30029100,30000000.0,29100.0,30029100.0,,,Not Rated
"4,383",The Sound of Music,2065,8200000,163214286,286213233,163214286.0,122998947.0,286213233.0,,,G
"4,384",Footloose,1984,8200000,80000000,80009427,80000000.0,9427.0,80009427.0,,8556935.0,PG
"4,386",Pulp Fiction,1994,8000000,107928762,212891598,107928762.0,104962836.0,212891598.0,,9311882.0,R
"4,387",The Karate Kid,1984,8000000,90815558,90858381,90815558.0,42823.0,90858381.0,,5031753.0,PG
"4,388",The Muppet Movie,1979,8000000,76657000,76657000,76657000.0,,,3792391.0,,G
"4,389",Splash,1984,8000000,62599495,62599495,62599495.0,,,,6174059.0,PG
"4,390",Little Miss Sunshine,2006,8000000,59891098,100642353,59891098.0,40751255.0,100642353.0,55547128.0,370998.0,R
"4,391",Easy A,2010,8000000,58401464,76200721,58401464.0,17799257.0,76200721.0,27672373.0,17734040.0,PG-13
"4,392",Stand by Me,1986,8000000,52287414,52289686,52287414.0,2272.0,52289686.0,,251628.0,R
"4,393",28 Days Later…,2003,8000000,45064915,82784517,45064915.0,37719602.0,82784517.0,,10061858.0,R
"4,394",Escape from Alcatraz,1979,8000000,43000000,43000459,43000000.0,459.0,43000459.0,431167.0,5306354.0,PG
"4,395",You Got Served,2004,8000000,40066497,50811858,40066497.0,10745361.0,50811858.0,,16123105.0,PG-13
"4,396",The Intruder,2019,8000000,35388976,40597401,35388976.0,5208425.0,40597401.0,4059018.0,10855054.0,PG-13
"4,397",50/50,2011,8000000,35016118,41334735,35016118.0,6318617.0,41334735.0,9790571.0,8644095.0,R
"4,398",A Thin Line Between Love & Hate,1996,8000000,34873513,34873513,34873513.0,,,,9310414.0,R
"4,399",A Walk in the Woods,2015,8000000,29499394,37119358,29499394.0,7619964.0,37119358.0,4729586.0,8246267.0,R
"4,400",Brown Sugar,2002,8000000,27362712,28315272,27362712.0,952560.0,28315272.0,,10738882.0,PG-13
"4,401",Howards End,1992,8000000,26124872,26354917,26124872.0,230045.0,26354917.0,192703.0,52568.0,PG
"4,402",That Awkward Moment,2014,8000000,26068955,53068955,26068955.0,27000000.0,53068955.0,4817834.0,8742109.0,R
"4,403",Shutter,2008,8000000,25928550,47782426,25928550.0,21853876.0,47782426.0,7903992.0,10447559.0,PG-13
"4,404",Modern Problems,1981,8000000,24474312,24474312,24474312.0,,,,4758371.0,PG
"4,405",On Her Majesty's Secret Service,1969,8000000,22800000,82000000,22800000.0,59200000.0,82000000.0,,,PG
"4,406",Much Ado About Nothing,1993,8000000,22549338,22549338,22549338.0,,,,,PG-13
"4,407",The Player,1992,8000000,21706101,28876702,21706101.0,7170601.0,28876702.0,,,R
"4,408",Creepshow,1982,8000000,20036244,20036244,20036244.0,,,612748.0,5870889.0,R
"4,409",Akeelah and the Bee,2006,8000000,18848430,18959424,18848430.0,110994.0,18959424.0,26906737.0,6011585.0,PG
"4,410",Tarot,2024,8000000,18771004,49104745,18771004.0,30333741.0,49104745.0,,6503012.0,PG-13
"4,411",Wes Craven's New Nightmare,1994,8000000,18090181,18090181,18090181.0,,,,6667118.0,R
"4,412",Drive Me Crazy,1999,8000000,17843379,22591451,17843379.0,4748072.0,22591451.0,,6846112.0,PG-13
"4,413",Enough Said,2013,8000000,17550872,25621449,17550872.0,8070577.0,25621449.0,3721673.0,232800.0,PG-13
"4,414",Half Baked,1998,8000000,17394881,17394881,17394881.0,,,,6752970.0,R
"4,415",New in Town,2009,8000000,16734283,29937909,16734283.0,13203626.0,29937909.0,19406566.0,6741530.0,PG
"4,416",Begin Again,2014,8000000,16170632,67731796,16170632.0,51561164.0,67731796.0,6887515.0,134064.0,R
"4,417",American Psycho,2000,8000000,15070285,34270285,15070285.0,19200000.0,34270285.0,,4961015.0,R
"4,418",See No Evil,2006,8000000,15032800,18828036,15032800.0,3795236.0,18828036.0,46000577.0,4581233.0,R
"4,419",The Good Girl,2002,8000000,14018296,16585503,14018296.0,2567207.0,16585503.0,,151642.0,R
"4,420","Bon Cop, Bad Cop",2006,8000000,12671300,12740705,12671300.0,69405.0,12740705.0,,,Not Rated
"4,421",The Boondock Saints 2: All Saints Day,2009,8000000,10273187,10629320,10273187.0,356133.0,10629320.0,31822638.0,546687.0,R
"4,422",Prom,2011,8000000,10130219,10763183,10130219.0,632964.0,10763183.0,2211588.0,4712638.0,PG
"4,423",The Inkwell,1994,8000000,8864699,8864699,8864699.0,,,,2358988.0,R
"4,424",Shadow of the Vampire,2000,8000000,8279017,8279017,8279017.0,,,,108189.0,R
"4,425",Me and Earl and the Dying Girl,2015,8000000,6758416,9266180,6758416.0,2507764.0,9266180.0,1120069.0,196496.0,PG-13
"4,426",It's Kind of a Funny Story,2010,8000000,6363628,6632950,6363628.0,269322.0,6632950.0,,2013406.0,PG-13
"4,427",Under Fire,1983,8000000,5696391,5696391,5696391.0,,,,1837768.0,
"4,428",The Pallbearer,1996,8000000,5656388,5656388,5656388.0,,,,2319236.0,PG-13
"4,429",Woman on Top,2000,8000000,5018450,10192613,5018450.0,5174163.0,10192613.0,,2008191.0,R
"4,430",Held Up,2000,8000000,4714090,4714090,4714090.0,,,,1911007.0,PG-13
"4,431",Morgan,2016,8000000,3915251,7298786,3915251.0,3383535.0,7298786.0,899124.0,2012709.0,R
"4,432",Anomalisa,2016,8000000,3759286,5706168,3759286.0,1946882.0,5706168.0,,135222.0,R
"4,433",Caché,2005,8000000,3647381,19891331,3647381.0,16243950.0,19891331.0,,57010.0,R
"4,434",Another Year,2010,8000000,3205706,20005613,3205706.0,16799907.0,20005613.0,,111869.0,PG-13
"4,435",8 femmes,2002,8000000,3076425,42376425,3076425.0,39300000.0,42376425.0,,139571.0,R
"4,437",Clay Pigeons,1998,8000000,1793359,2256606,1793359.0,463247.0,2256606.0,,167364.0,R
"4,438",Dicks: The Musical,2023,8000000,1453012,1472028,1453012.0,19016.0,1472028.0,,201951.0,
"4,439",El Chicano,2019,8000000,1400603,1400603,1400603.0,,,9745.0,703663.0,R
"4,440",Le passé,2013,8000000,1335672,15752575,1335672.0,14416903.0,15752575.0,109696.0,,PG-13
"4,441",Lean on Pete,2018,8000000,1163056,2985001,1163056.0,1821945.0,2985001.0,,46975.0,R
"4,442",Made in Dagenham,2010,8000000,1095369,15644196,1095369.0,14548827.0,15644196.0,,37563.0,R
"4,443",And When Did You Last See Your Father?,2008,8000000,1071240,2476491,1071240.0,1405251.0,2476491.0,,39210.0,PG-13
"4,444",Cut Throat City,2020,8000000,855894,864907,855894.0,9013.0,864907.0,1376807.0,,R
"4,445",The Secret of Kells,2010,8000000,690290,3582797,690290.0,2892507.0,3582797.0,,39826.0,Not Rated
"4,446",Mr. Church,2016,8000000,685780,685780,685780.0,,,700254.0,338551.0,PG-13
"4,447",Prefontaine,1997,8000000,590817,590817,590817.0,,,,311253.0,PG-13
"4,448",The Wicked Lady,1983,8000000,589308,589308,589308.0,,,64895.0,360772.0,R
"4,449",Down in the Valley,2006,8000000,568932,973443,568932.0,404511.0,973443.0,,22806.0,R
"4,450",Brooklyn Rules,2007,8000000,458232,458232,458232.0,,,,41811.0,R
"4,451",Seberg,2020,8000000,448009,1265119,448009.0,817110.0,1265119.0,,47180.0,R
"4,452",The Singing Detective,2003,8000000,336456,524747,336456.0,188291.0,524747.0,,28324.0,R
"4,453",Ma vie de Courgette,2016,8000000,309768,10245743,309768.0,9935975.0,10245743.0,,28472.0,PG-13
"4,454",Fido,2007,8000000,298110,456814,298110.0,158704.0,456814.0,,10203.0,R
"4,455",London Fields,2018,8000000,252676,433732,252676.0,181056.0,433732.0,,168575.0,R
"4,456",Restless,2011,8000000,163753,2772511,163753.0,2608758.0,2772511.0,,15467.0,PG-13
"4,457",The Land Girls,1998,8000000,146083,146083,146083.0,,,,20921.0,R
"4,458",The Wendell Baker Story,2007,8000000,127188,127188,127188.0,,,,48120.0,PG-13
"4,459",Wild Target,2010,8000000,109338,5314194,109338.0,5204856.0,5314194.0,,23174.0,PG-13
"4,460",Pathology,2008,8000000,109045,3270974,109045.0,3161929.0,3270974.0,,54244.0,R
"4,461",Wuthering Heights,2012,8000000,100915,2721534,100915.0,2620619.0,2721534.0,,8956.0,Not Rated
"4,462",A Street Cat Named Bob,2016,8000000,82703,17025444,82703.0,16942741.0,17025444.0,,35070.0,Not Rated
"4,463",10th & Wolf,2006,8000000,54702,143782,54702.0,89080.0,143782.0,,20774.0,Not Rated
"4,464",Aloft,2015,8000000,53086,531139,53086.0,478053.0,531139.0,173332.0,2116.0,R
"4,465",Fireflies in the Garden,2011,8000000,36884,3587191,36884.0,3550307.0,3587191.0,,36884.0,R
"4,466",Dear Wendy,2005,8000000,23106,446438,23106.0,423332.0,446438.0,,8222.0,Not Rated
"4,467",Akira,1991,8000000,19585,2196117,19585.0,2176532.0,2196117.0,,19585.0,R
"4,469",Feichang Xingyun,2013,8000000,0,21970000,,21970000.0,21970000.0,,,Not Rated
"4,470","Don Gato, el inicio de la pandilla",2015,8000000,0,4604656,,4604656.0,4604656.0,20903.0,,PG
"4,471",The Death and Life of Bobby Z,2007,8000000,0,414617,,414617.0,414617.0,1465852.0,,R
"4,472",Backstabbing For Beginners,2018,8000000,0,343773,,343773.0,343773.0,64641.0,,R
"4,473",The Report,2019,8000000,0,242788,,242788.0,242788.0,,,R
"4,474",Swelter,2014,8000000,0,44197,,44197.0,44197.0,107359.0,,R
"4,475",Maurice Richard,2007,8000000,0,0,,,,,,PG
"4,476",Teen Beach Movie,2013,8000000,0,0,,,,12521454.0,,
"4,477",Green Street Hooligans: Underground,2015,8000000,0,0,,,,46126.0,,R
"4,478",Christmas in Beverly Hills,2009,8000000,0,0,,,,,,
"4,479",Code of Honor,2016,8000000,0,0,,,,327683.0,,R
"4,480",Burn Your Maps,2019,8000000,0,0,,,,,,PG-13
"4,481",The Bling Ring,2011,8000000,0,0,,,,,,
"4,482",Imagine Me & You,2006,7900000,672243,3129471,672243.0,2457228.0,3129471.0,,51907.0,R
"4,483",Swimming Pool,2003,7800000,10130108,24021282,10130108.0,13891174.0,24021282.0,,286950.0,R
"4,484",Dvizhenie Vverkh,2017,7800000,0,61925449,,61925449.0,61925449.0,,,
"4,485","Loulou, l’incroyable secret",2015,7793000,0,12196,,12196.0,12196.0,,,
"4,486",The Blood of Heroes,1990,7700000,882290,882290,882290.0,,,,,R
"4,487",Loin des hommes,2015,7700000,5336,1136918,5336.0,1131582.0,1136918.0,,,Not Rated
"4,488",La douleur,2018,7600000,103770,3396089,103770.0,3292319.0,3396089.0,24404.0,11653.0,Not Rated
"4,489",Driving Miss Daisy,1989,7500000,106593296,106593296,106593296.0,,,,,PG
"4,490",Soul Food,1997,7500000,43492389,43492389,43492389.0,,,,11197897.0,R
"4,491",(500) Days of Summer,2009,7500000,32425665,34515303,32425665.0,2089638.0,34515303.0,20346141.0,834501.0,PG-13
"4,492",Rumble in the Bronx,1996,7500000,32281907,36238752,32281907.0,3956845.0,36238752.0,,9858380.0,R
"4,493",Thank You For Smoking,2006,7500000,24793509,40016662,24793509.0,15223153.0,40016662.0,16741162.0,262923.0,R
"4,494",Hostel: Part II,2007,7500000,17544812,33606409,17544812.0,16061597.0,33606409.0,16826693.0,8203391.0,R
"4,495",An Education,2009,7500000,12574914,29652736,12574914.0,17077822.0,29652736.0,3203448.0,159017.0,PG-13
"4,496",Extract,2009,7500000,10823158,10849158,10823158.0,26000.0,10849158.0,,4340108.0,R
"4,497",Narc,2002,7500000,10465659,11843260,10465659.0,1377601.0,11843260.0,,63303.0,R
"4,498",Shopgirl,2005,7500000,10284523,11758418,10284523.0,1473895.0,11758418.0,11087324.0,229685.0,R
"4,499",The Hotel New Hampshire,1984,7500000,5142858,5142858,5142858.0,,,,1075800.0,
"4,500",Men with Brooms,2002,7500000,4239767,4239767,4239767.0,,,,,R
"4,501",Witless Protection,2008,7500000,4151836,4151836,4151836.0,,,15102182.0,2116692.0,PG-13
"4,502",The Work and the Glory,2004,7500000,3347647,3347647,3347647.0,,,,251145.0,PG
"4,503",Albert Nobbs,2011,7500000,3014696,8539003,3014696.0,5524307.0,8539003.0,,,R
"4,504",The Neon Demon,2016,7500000,1333124,3559803,1333124.0,2226679.0,3559803.0,,589014.0,R
"4,505",Masked and Anonymous,2003,7500000,533344,555335,533344.0,21991.0,555335.0,,30783.0,PG-13
"4,506",Borg vs McEnroe,2017,7500000,231346,8824873,231346.0,8593527.0,8824873.0,80069.0,52625.0,R
"4,507",Betty Fisher et autres histoires,2002,7500000,206400,206400,206400.0,,,,23929.0,Not Rated
"4,508",Code 46,2004,7500000,197148,1788324,197148.0,1591176.0,1788324.0,,20170.0,R
"4,509",Black November,2015,7500000,5782,38354,5782.0,32572.0,38354.0,97988.0,,Not Rated
"4,511",Outside Bet,2012,7500000,0,13524,,13524.0,13524.0,6571.0,,
"4,512",Kirikou Et Les Hommes Et Les Femmes,2015,7500000,0,17,,17.0,17.0,,,
"4,513",Pound of Flesh,2015,7500000,0,0,,,,144305.0,,R
"4,514",Little Evil,2017,7500000,0,0,,,,,,Not Rated
"4,515",The Bye Bye Man,2017,7400000,22395806,31187727,22395806.0,8791921.0,31187727.0,2027847.0,13501349.0,PG-13
"4,516",Ta Ra Rum Pum,2007,7400000,872643,9443864,872643.0,8571221.0,9443864.0,,425102.0,Not Rated
"4,517",Crash,2005,7303082,55334418,101173038,55334418.0,45838620.0,101173038.0,,9107071.0,R
"4,518",Persepolis,2007,7300000,4443403,25397187,4443403.0,20953784.0,25397187.0,,88826.0,PG-13
"4,519",Harry Brown,2010,7300000,1818681,12023606,1818681.0,10204925.0,12023606.0,,173353.0,R
"4,520",Skammerens datter,2015,7300000,0,3364513,,3364513.0,3364513.0,,,
"4,521",Die Welle,2011,7250000,0,35122948,,35122948.0,35122948.0,,,
"4,522",Diamonds Are Forever,1971,7200000,43800000,115999985,43800000.0,72199985.0,115999985.0,,,G
"4,523",The Omega Code,1999,7200000,12610552,12678312,12610552.0,67760.0,12678312.0,,2354362.0,PG-13
"4,524",3,2011,7200000,59774,295492,59774.0,235718.0,295492.0,,9821.0,Not Rated
"4,525",Mississippi Grind,2015,7100000,130541,448641,130541.0,318100.0,448641.0,91907.0,12434.0,R
"4,526",Juno,2007,7000000,143495265,231450102,143495265.0,87954837.0,231450102.0,59547757.0,413869.0,PG-13
"4,527",The Godfather,1972,7000000,136479994,270007394,136479994.0,133527400.0,270007394.0,,302393.0,R
"4,528",Magic Mike,2012,7000000,113721571,170549753,113721571.0,56828182.0,170549753.0,46791500.0,39127170.0,R
"4,529",Flashdance,1983,7000000,90463574,201463574,90463574.0,111000000.0,201463574.0,,4076124.0,R
"4,530",I Can Only Imagine,2018,7000000,83482352,85783567,83482352.0,2301215.0,85783567.0,28949878.0,17108914.0,PG
"4,531",Earthquake,1974,7000000,79700000,79700000,79700000.0,,,,,Not Rated
"4,532",The Invisible Man,2020,7000000,64914050,139011965,64914050.0,74097915.0,139011965.0,13542029.0,28205665.0,R
"4,533",Five Feet Apart,2019,7000000,45729221,92554209,45729221.0,46824988.0,92554209.0,3792330.0,13190286.0,PG-13
"4,534",Pee Wee\'s Big Adventure,1985,7000000,40940662,40940662,40940662.0,,,,99184.0,PG
"4,535",The Piano,1993,7000000,40157856,40212480,40157856.0,54624.0,40212480.0,,,R
"4,536",Jumping the Broom,2011,7000000,37295394,38158601,37295394.0,863207.0,38158601.0,9437539.0,15215487.0,PG-13
"4,537",Live and Let Die,1973,7000000,35400000,161800000,35400000.0,126400000.0,161800000.0,,,PG
"4,538",My Dog Skip,2000,7000000,34099640,35795319,34099640.0,1695679.0,35795319.0,,56943.0,PG
"4,539",Darkness Falls,2003,7000000,32539681,47289758,32539681.0,14750077.0,47289758.0,,12024917.0,PG-13
"4,540","Definitely, Maybe",2008,7000000,32241649,55617866,32241649.0,23376217.0,55617866.0,13992148.0,9764270.0,PG-13
"4,541","Good Night, and Good Luck",2005,7000000,31501218,56586901,31501218.0,25085683.0,56586901.0,22076138.0,421446.0,PG
"4,542",Capote,2005,7000000,28750530,49924079,28750530.0,21173549.0,49924079.0,17057479.0,324857.0,R
"4,543",The Great Gatsby,1974,7000000,26533200,26533200,26533200.0,,,4938161.0,,PG
"4,544",Fantasy Island,2020,7000000,26441782,48518957,26441782.0,22077175.0,48518957.0,1845273.0,12310420.0,PG-13
"4,545",The Descent,2006,7000000,26024456,57051053,26024456.0,31026597.0,57051053.0,23402505.0,8911330.0,R
"4,546",Desperado,1995,7000000,25532388,25532388,25532388.0,,,,7910446.0,R
"4,548",Gifted,2017,7000000,24801212,36964656,24801212.0,12163444.0,36964656.0,3571385.0,446380.0,PG-13
"4,549",Fargo,1996,7000000,24567751,51203507,24567751.0,26635756.0,51203507.0,,730265.0,R
"4,550",Kingdom Come,2001,7000000,23247539,23393939,23247539.0,146400.0,23393939.0,,7562284.0,PG
"4,551",The Man with the Golden Gun,1974,7000000,21000000,97600000,21000000.0,76600000.0,97600000.0,,,PG
"4,552",Action Jackson,1988,7000000,20257000,20274718,20257000.0,17718.0,20274718.0,,5424783.0,R
"4,553",Breathless,1983,7000000,19910002,19910002,19910002.0,,,,4384369.0,R
"4,554",Michael Jordan to the MAX,2000,7000000,18642318,19276267,18642318.0,633949.0,19276267.0,,578141.0,Not Rated
"4,555",Dope,2015,7000000,17506470,18190831,17506470.0,684361.0,18190831.0,2382743.0,6100010.0,R
"4,556",BrightBurn,2019,7000000,17259427,33183640,17259427.0,15924213.0,33183640.0,4685639.0,7845658.0,R
"4,557",The Devil’s Rejects,2005,7000000,17044981,20940428,17044981.0,3895447.0,20940428.0,,7067335.0,R
"4,558",Devil's Due,2014,7000000,15821461,36146087,15821461.0,20324626.0,36146087.0,4005928.0,8308220.0,R
"4,559",Flirting with Disaster,1996,7000000,14853474,16149180,14853474.0,1295706.0,16149180.0,,164458.0,R
"4,560",Beyond the Lights,2014,7000000,14618727,14618727,14618727.0,,,2763768.0,6200284.0,PG-13
"4,561",Buffy the Vampire Slayer,1992,7000000,14231669,14231669,14231669.0,,,383889.0,4515541.0,PG-13
"4,562",In Too Deep,1999,7000000,14026509,15471229,14026509.0,1444720.0,15471229.0,,4220297.0,R
"4,563","House of 1,000 Corpses",2003,7000000,12634962,17005466,12634962.0,4370504.0,17005466.0,,3460666.0,R
"4,564",Silver Bullet,1985,7000000,10803211,10803211,10803211.0,,,,4013563.0,R
"4,565",House of the Dead,2003,7000000,10199354,13860078,10199354.0,3660724.0,13860078.0,,5683280.0,R
"4,566",A Serious Man,2009,7000000,9228788,30360570,9228788.0,21131782.0,30360570.0,6613521.0,251337.0,R
"4,567",Get Low,2010,7000000,9176933,10828305,9176933.0,1651372.0,10828305.0,4918671.0,88182.0,PG-13
"4,568",A Single Man,2009,7000000,9176000,28142379,9176000.0,18966379.0,28142379.0,5279844.0,217332.0,R
"4,569",Warlock,1991,7000000,8824553,8824553,8824553.0,,,,,R
"4,570",The Last Temptation of Christ,1988,7000000,8373585,8373585,8373585.0,,,,401211.0,
"4,571",Cyrus,2010,7000000,7468936,10062896,7468936.0,2593960.0,10062896.0,,181716.0,R
"4,572",Outside Providence,1999,7000000,7309628,7824358,7309628.0,514730.0,7824358.0,,3370662.0,R
"4,573",Bride & Prejudice,2005,7000000,6601079,25269040,6601079.0,18667961.0,25269040.0,,385848.0,PG-13
"4,574",Rabbit-Proof Fence,2002,7000000,6199600,16866928,6199600.0,10667328.0,16866928.0,,88352.0,PG
"4,575",Who's Your Caddy?,2007,7000000,5694308,5694308,5694308.0,,,,2756661.0,PG-13
"4,576",20th Century Women,2016,7000000,5664763,9353729,5664763.0,3688966.0,9353729.0,346622.0,111200.0,R
"4,577",Split Second,1992,7000000,5430822,5430822,5430822.0,,,103629.0,2224485.0,R
"4,578",Nikita,1991,7000000,5017971,5017971,5017971.0,,,,,R
"4,579",The Other Side of Heaven,2001,7000000,4720371,4720371,4720371.0,,,,55765.0,PG
"4,580",Dark Angel,1990,7000000,4372561,4372561,4372561.0,,,,1912421.0,R
"4,581",American Anthem,1986,7000000,3571624,3571624,3571624.0,,,,1867969.0,PG-13
"4,582",Veer-Zaara,2004,7000000,2938532,7017859,2938532.0,4079327.0,7017859.0,,843010.0,Not Rated
"4,583",Redbelt,2008,7000000,2344847,2667084,2344847.0,322237.0,2667084.0,,63361.0,R
"4,584",A Dog of Flanders,1999,7000000,2165637,2165637,2165637.0,,,,807873.0,PG
"4,585",Auto Focus,2002,7000000,2062066,2703821,2062066.0,641755.0,2703821.0,,123761.0,R
"4,586",Assassination Nation,2018,7000000,2005142,2852759,2005142.0,847617.0,2852759.0,86200.0,1050021.0,R
"4,587",The Mighty Macs,2011,7000000,1891936,1891936,1891936.0,,,,963221.0,G
"4,588",Somewhere,2010,7000000,1785645,17023121,1785645.0,15237476.0,17023121.0,,119086.0,R
"4,589",We Need to Talk About Kevin,2012,7000000,1738692,10765283,1738692.0,9026591.0,10765283.0,,24587.0,R
"4,590",Factory Girl,2007,7000000,1661464,1661464,1661464.0,,,,87477.0,R
"4,591",The Christmas Candle,2013,7000000,1632000,1933829,1632000.0,301829.0,1933829.0,1643846.0,68655.0,PG
"4,592",The Kid,2019,7000000,1508593,1593173,1508593.0,84580.0,1593173.0,2116259.0,514286.0,R
"4,593",I Hope They Serve Beer in Hell,2009,7000000,1429299,1429453,1429299.0,154.0,1429453.0,1695494.0,366909.0,R
"4,594",Finding Your Feet,2018,7000000,1418682,17570654,1418682.0,16151972.0,17570654.0,70206.0,60132.0,PG-13
"4,595",Losin' It,1983,7000000,1246141,1246141,1246141.0,,,115278.0,,R
"4,596",Mother and Child,2010,7000000,1110509,6537179,1110509.0,5426670.0,6537179.0,,43040.0,R
"4,597",March or Die,1977,7000000,1000000,1000000,1000000.0,,,,,
"4,598",Les Visiteurs,1996,7000000,659000,98754000,659000.0,98095000.0,98754000.0,,24792.0,R
"4,599",Freeheld,2015,7000000,546201,1732228,546201.0,1186027.0,1732228.0,,37983.0,PG-13
"4,600",Dom Hemingway,2013,7000000,523511,1857458,523511.0,1333947.0,1857458.0,90963.0,29276.0,R
"4,601",The Extra Man,2010,7000000,453377,492108,453377.0,38731.0,492108.0,,18861.0,R
"4,602",Hesher,2011,7000000,382946,382946,382946.0,,,,126046.0,R
"4,603",Chairman of the Board,1998,7000000,306715,306715,306715.0,,,,181233.0,PG-13
"4,604",Gerry,2003,7000000,254683,719699,254683.0,465016.0,719699.0,,26285.0,R
"4,605",Wah-Wah,2006,7000000,234750,463039,234750.0,228289.0,463039.0,,55304.0,Not Rated
"4,606",The Heart of Me,2003,7000000,196067,531222,196067.0,335155.0,531222.0,,21956.0,R
"4,607",Ca$h,2010,7000000,46488,46488,46488.0,,,,16469.0,R
"4,608",Trudno byt bogom,2015,7000000,31443,41038,31443.0,9595.0,41038.0,233771.0,,Not Rated
"4,609",The Boondock Saints,2000,7000000,30471,411874,30471.0,381403.0,411874.0,,19930.0,R
"4,610",Twixt,2012,7000000,1996,1270342,1996.0,1268346.0,1270342.0,,1589.0,R
"4,611",Des nouvelles de la planète Mars,2016,7000000,310,582849,310.0,582539.0,582849.0,,24.0,Not Rated
"4,612",Snezhnaya koroleva,2012,7000000,0,15193977,,15193977.0,15193977.0,,,PG
"4,613",Oddball,2015,7000000,0,10338919,,10338919.0,10338919.0,,,Not Rated
"4,614",Chempion mira,2021,7000000,0,6739989,,6739989.0,6739989.0,,,
"4,615",Z Storm,2014,7000000,0,2053330,,2053330.0,2053330.0,28349.0,,
"4,616",Geroy,2016,7000000,0,1545121,,1545121.0,1545121.0,,,
"4,617",Criminal Activities,2015,7000000,0,386744,,386744.0,386744.0,1469483.0,,Not Rated
"4,618",High School Musical 2,2007,7000000,0,0,,,,93624798.0,,
"4,619",The Kings of Appletown,2008,7000000,0,0,,,,,,PG
"4,620",Stargate - The Ark of Truth,2008,7000000,0,0,,,,9777379.0,,
"4,621",Alpha & Omega: The Legend of the Saw Tooth Cave,2014,7000000,0,0,,,,140494.0,,Not Rated
"4,622",Pale Rider,1985,6900000,41410568,41410568,41410568.0,,,,9119111.0,R
"4,623",House at the End of the Street,2012,6900000,31611916,44103982,31611916.0,12492066.0,44103982.0,10660590.0,12287234.0,PG-13
"4,624",Dazed and Confused,1993,6900000,8264399,8272370,8264399.0,7971.0,8272370.0,,,R
"4,625",Two Lovers and a Bear,2017,6840000,0,22273,,22273.0,22273.0,,,R
"4,626",Incendies,2010,6800000,6857096,16017448,6857096.0,9160352.0,16017448.0,,,R
"4,627",Aimée & Jaguar,2000,6800000,927107,927107,927107.0,,,,42919.0,Not Rated
"4,628",The Chumscrubber,2005,6800000,49526,49526,49526.0,,,,28548.0,R
"4,629",Shade,2004,6800000,25032,9533964,25032.0,9508932.0,9533964.0,,10696.0,R
"4,630",Bran Nue Dae,2010,6750000,113568,6812530,113568.0,6698962.0,6812530.0,,23527.0,PG-13
"4,631",Palmer,2021,6713933,0,0,,,,,,R
"4,632","Remember Me, My Love",2004,6700000,223878,223878,223878.0,,,,15378.0,Not Rated
"4,633",Perrier’s Bounty,2010,6600000,828,828,828.0,,,,828.0,R
"4,634",Tropa de Elite,2008,6537890,8744,14319195,8744.0,14310451.0,14319195.0,,3604.0,R
"4,635",Annabelle,2014,6500000,84273813,256857527,84273813.0,172583714.0,256857527.0,10969305.0,37134255.0,R
"4,636",Hannah Montana and Miley Cyrus: Best of Both Wo…,2008,6500000,65281781,70712099,65281781.0,5430318.0,70712099.0,18404667.0,31117834.0,G
"4,637",Boyz n the Hood,1991,6500000,56190094,56215095,56190094.0,25001.0,56215095.0,,10023462.0,R
"4,638",La Bamba,1987,6500000,54215416,54215416,54215416.0,,,,5651990.0,PG-13
"4,639",The Four Seasons,1981,6500000,42488161,42488161,42488161.0,,,,4128525.0,PG
"4,640",Dressed to Kill,1980,6500000,31899000,31899000,31899000.0,,,1120423.0,,R
"4,641",Countdown,2019,6500000,25621766,42176201,25621766.0,16554435.0,42176201.0,,8865082.0,PG-13
"4,642",The Adventures of Huck Finn,1993,6500000,24103594,24103594,24103594.0,,,,5033029.0,PG
"4,643",My Little Pony: The Movie,2017,6500000,21885107,61294644,21885107.0,39409537.0,61294644.0,9926750.0,8885899.0,PG
"4,644",Go!,1999,6500000,16875273,28383441,16875273.0,11508168.0,28383441.0,,4706795.0,R
"4,645",Friends with Money,2006,6500000,13368437,18110152,13368437.0,4741715.0,18110152.0,8178180.0,589332.0,R
"4,646",The Andromeda Strain,1971,6500000,12376563,12376647,12376563.0,84.0,12376647.0,292967.0,,G
"4,647",Bats,1999,6500000,10155691,10155691,10155691.0,,,,4717902.0,R
"4,648",Same Kind of Different as Me,2017,6500000,6423605,6468664,6423605.0,45059.0,6468664.0,,2591985.0,PG-13
"4,649",Nowhere in Africa,2003,6500000,6173485,6568446,6173485.0,394961.0,6568446.0,,22070.0,R
"4,650",Shame,2011,6500000,4002293,20412841,4002293.0,16410548.0,20412841.0,1419726.0,349519.0,"NC-17for some explicit sexual content.(Rating bulletin 2195, 10/26/2011)"
"4,651",Layer Cake,2005,6500000,2339957,11745931,2339957.0,9405974.0,11745931.0,,81706.0,R
"4,652",The East,2013,6500000,2274649,3027956,2274649.0,753307.0,3027956.0,409833.0,77031.0,PG-13
"4,653",The Work and the Glory: American Zion,2005,6500000,2025032,2025032,2025032.0,,,,524698.0,PG-13
"4,654",The Messenger,2009,6500000,1109660,1744952,1109660.0,635292.0,1744952.0,506124.0,44523.0,R
"4,655",A Home at the End of the World,2004,6500000,1029017,1038228,1029017.0,9211.0,1038228.0,,64728.0,R
"4,656",Aberdeen,2001,6500000,64148,64148,64148.0,,,,5065.0,Not Rated
"4,658",The Terminator,1984,6400000,38019031,78019031,38019031.0,40000000.0,78019031.0,,4020663.0,R
"4,659","Good Bye, Lenin!",2003,6400000,4063859,79384533,4063859.0,75320674.0,79384533.0,,57968.0,R
"4,660",Personal Shopper,2016,6400000,1305195,3804977,1305195.0,2499782.0,3804977.0,183715.0,79175.0,R
"4,661",Control,2007,6400000,871577,8902141,871577.0,8030564.0,8902141.0,,27674.0,R
"4,662",The Damned United,2009,6400000,449865,4199874,449865.0,3750009.0,4199874.0,,32065.0,R
"4,663",Retfærdighedens Ryttere,2021,6400000,77115,1280591,77115.0,1203476.0,1280591.0,,15441.0,
"4,664",Adopte un veuf,2016,6400000,0,9394401,,9394401.0,9394401.0,,,
"4,665",Operation Mincemeat,2022,6300000,0,15607881,,15607881.0,15607881.0,,,
"4,666",Die Fälscher,2008,6250000,5488570,20199663,5488570.0,14711093.0,20199663.0,,87514.0,R
"4,667",Trener,2018,6250000,0,13201162,,13201162.0,13201162.0,,,
"4,668",Ordinary People,1980,6200000,52302978,52302978,52302978.0,,,,170335.0,R
"4,669",The Peanut Butter Falcon,2019,6200000,20457158,23191551,20457158.0,2734393.0,23191551.0,3821241.0,204793.0,PG-13
"4,670",Return of the Living Dead Part II,1988,6200000,9205924,9205924,9205924.0,,,,3647254.0,R
"4,671",Gomorra,2009,6200000,1579146,37339594,1579146.0,35760448.0,37339594.0,,5532.0,Not Rated
"4,672",Les Innocentes,2016,6200000,1065665,9249142,1065665.0,8183477.0,9249142.0,274994.0,30896.0,PG-13
"4,673",Mallrats,1995,6100000,2108367,2108367,2108367.0,,,,1153838.0,R
"4,675",Grease,1978,6000000,188620000,394278547,188620000.0,205658547.0,394278547.0,,8941717.0,PG
"4,676",Platoon,1986,6000000,137963328,137978395,137963328.0,15067.0,137978395.0,,241080.0,R
"4,677",An Officer and a Gentleman,1982,6000000,129795554,129795554,129795554.0,,,,3304679.0,R
"4,678",Fahrenheit 9/11,2004,6000000,119114517,221148959,119114517.0,102034442.0,221148959.0,,23920637.0,R
"4,679",Butch Cassidy and the Sundance Kid,1969,6000000,102308900,102311313,102308900.0,2413.0,102311313.0,,,PG
"4,680",Mary Poppins,2064,6000000,102272145,102299101,102272145.0,26956.0,102299101.0,,,G
"4,681",Breaking In,2018,6000000,46840590,51485382,46840590.0,4644792.0,51485382.0,4387436.0,17630285.0,PG-13
"4,682",West Side Story,2061,6000000,43700000,47596274,43700000.0,3896274.0,47596274.0,,,Not Rated
"4,683",Around the World in 80 Days,2056,6000000,42000000,42000000,42000000.0,,,,,PG
"4,684",Caddyshack,1980,6000000,39846344,39849764,39846344.0,3420.0,39849764.0,,3142689.0,R
"4,685",Ready or Not,2019,6000000,28714231,56702995,28714231.0,27988764.0,56702995.0,4289448.0,8015590.0,R
"4,686",The Brothers,2001,6000000,27457409,27958191,27457409.0,500782.0,27958191.0,,10302846.0,R
"4,687",The Wrestler,2008,6000000,26238243,46634275,26238243.0,20396032.0,46634275.0,14434731.0,202714.0,R
"4,688",Do the Right Thing,1989,6000000,26004026,26051502,26004026.0,47476.0,26051502.0,,3563535.0,R
"4,689",Escape from New York,1981,6000000,25244700,25276350,25244700.0,31650.0,25276350.0,,4162385.0,R
"4,690",The Wood,1999,6000000,25059640,25059640,25059640.0,,,,8515223.0,R
"4,691",The Usual Suspects,1995,6000000,23341568,34449356,23341568.0,11107788.0,34449356.0,,645363.0,R
"4,692",Chinatown,1974,6000000,23169837,23170994,23169837.0,1157.0,23170994.0,,,R
"4,693",Booksmart,2019,6000000,22680962,24948141,22680962.0,2267179.0,24948141.0,1823335.0,6933620.0,R
"4,694",A Nightmare On Elm Street: The Dream Child,1989,6000000,22168359,22168359,22168359.0,,,,8115176.0,R
"4,695",National Lampoon’s Van Wilder,2002,6000000,21305259,39241323,21305259.0,17936064.0,39241323.0,,7302913.0,R
"4,696",Duel in the Sun,2046,6000000,20400000,20400000,20400000.0,,,93429.0,,Not Rated
"4,697",Unsung Hero,2024,6000000,20335239,21220422,20335239.0,885183.0,21220422.0,,7731539.0,PG
"4,698",Unplanned,2019,6000000,19005109,21413603,19005109.0,2408494.0,21413603.0,3254191.0,6382298.0,R
"4,699",Best in Show,2000,6000000,18621249,20695413,18621249.0,2074164.0,20695413.0,,413436.0,PG-13
"4,700",The Last King of Scotland,2006,6000000,17606684,49155371,17606684.0,31548687.0,49155371.0,17607704.0,142899.0,R
"4,701",A Mighty Wind,2003,6000000,17583468,18504539,17583468.0,921071.0,18504539.0,,2112140.0,PG-13
"4,702",The Prodigy,2019,6000000,14856291,22413145,14856291.0,7556854.0,22413145.0,784508.0,5853061.0,R
"4,703",The Possession of Hannah Grace,2018,6000000,14836174,42873730,14836174.0,28037556.0,42873730.0,1474452.0,6401744.0,R
"4,704",School Daze,1988,6000000,14545844,14545844,14545844.0,,,,1802656.0,R
"4,705",Daddy Day Camp,2007,6000000,13235267,18209872,13235267.0,4974605.0,18209872.0,5771825.0,3402678.0,PG
"4,706",Mystic Pizza,1988,6000000,12793213,12793213,12793213.0,,,,1163939.0,R
"4,707",Mr. Nice Guy,1998,6000000,12716953,31716953,12716953.0,19000000.0,31716953.0,,5250704.0,PG-13
"4,708",War and Peace,2056,6000000,12500000,12526254,12500000.0,26254.0,12526254.0,,,PG
"4,709",Sliding Doors,1998,6000000,11911200,58809149,11911200.0,46897949.0,58809149.0,,834817.0,PG-13
"4,710",Tales from the Hood,1995,6000000,11784569,11784569,11784569.0,,,,3898983.0,R
"4,711",Halloween 5: The Revenge of Michael Myers,1989,6000000,11642254,11642254,11642254.0,,,585315.0,5093428.0,R
"4,712",The Words,2012,6000000,11494838,16369708,11494838.0,4874870.0,16369708.0,,4750894.0,PG-13
"4,713",The Year of Living Dangerously,1983,6000000,10278575,10278575,10278575.0,,,,35000.0,PG
"4,714",The Lady in the Van,2015,6000000,10021175,42320503,10021175.0,32299328.0,42320503.0,1976703.0,61566.0,PG-13
"4,715",Bernie,2012,6000000,9204489,10106975,9204489.0,902486.0,10106975.0,3324649.0,85805.0,PG-13
"4,716",Freaky,2020,6000000,9030855,18073433,9030855.0,9042578.0,18073433.0,3197981.0,3600355.0,R
"4,717",Pollock,2000,6000000,8596914,10557291,8596914.0,1960377.0,10557291.0,,44244.0,R
"4,718",Dolphins and Whales Tribes of the Ocean 3D,2008,6000000,7714996,17252287,7714996.0,9537291.0,17252287.0,,41695.0,Not Rated
"4,719",200 Cigarettes,1999,6000000,6852450,6852450,6852450.0,,,,3244277.0,R
"4,720",Journey to Bethlehem,2023,6000000,6820796,7905395,6820796.0,1084599.0,7905395.0,,2400446.0,PG
"4,721",City Island,2010,6000000,6671283,8173486,6671283.0,1502203.0,8173486.0,2940082.0,32001.0,PG-13
"4,722",Marcel the Shell with Shoes On,2022,6000000,6333703,7111769,6333703.0,778066.0,7111769.0,,159403.0,PG
"4,723",Unbroken: Path to Redemption,2018,6000000,6216897,6216897,6216897.0,,,2749589.0,2238723.0,PG-13
"4,724",Casa de mi Padre,2012,6000000,5909483,8446952,5909483.0,2537469.0,8446952.0,4404129.0,2287239.0,R
"4,725",The Guard,2011,6000000,5359774,21197454,5359774.0,15837680.0,21197454.0,,76834.0,R
"4,726",The Virgin Suicides,2000,6000000,4859475,10619770,4859475.0,5760295.0,10619770.0,,235122.0,R
"4,727",College,2008,6000000,4694491,6176114,4694491.0,1481623.0,6176114.0,,2153109.0,R
"4,728",La science des rêves,2006,6000000,4670644,15137932,4670644.0,10467288.0,15137932.0,,347925.0,R
"4,729",Little Voice,1998,6000000,4595000,21787233,4595000.0,17192233.0,21787233.0,,93722.0,R
"4,730",Miss March,2009,6000000,4543320,4713059,4543320.0,169739.0,4713059.0,8620956.0,2409156.0,R
"4,731",Simply Irresistible,1999,6000000,4398989,4398989,4398989.0,,,,2232686.0,PG-13
"4,732",Wish I Was Here,2014,6000000,3591299,6591365,3591299.0,3000066.0,6591365.0,460890.0,484401.0,R
"4,733","Juliet, Naked",2018,6000000,3444895,5767158,3444895.0,2322263.0,5767158.0,,60886.0,R
"4,734",Venus,2006,6000000,3347411,7818479,3347411.0,4471068.0,7818479.0,,35604.0,R
"4,735",Veronica Mars,2014,6000000,3322127,3485383,3322127.0,163256.0,3485383.0,5323250.0,1988351.0,PG-13
"4,737",Hedwig and the Angry Inch,2001,6000000,3067312,3735131,3067312.0,667819.0,3735131.0,,156724.0,R
"4,738",Shattered Glass,2003,6000000,2207975,3456602,2207975.0,1248627.0,3456602.0,,77540.0,PG-13
"4,739",The Father,2020,6000000,2120992,36427155,2120992.0,34306163.0,36427155.0,612684.0,433611.0,PG-13
"4,740",The Wackness,2008,6000000,2077046,3330012,2077046.0,1252966.0,3330012.0,,138401.0,R
"4,741",Novocaine,2001,6000000,2025238,2522928,2025238.0,497690.0,2522928.0,,418098.0,R
"4,742",Polytechnique,2009,6000000,1418304,1418304,1418304.0,,,,,Not Rated
"4,743",Snow Flower and the Secret Fan,2011,6000000,1348205,11348205,1348205.0,10000000.0,11348205.0,,134005.0,PG-13
"4,744",Mandy,2018,6000000,1233694,1480281,1233694.0,246587.0,1480281.0,4325873.0,225723.0,Not Rated
"4,745",The Business of Strangers,2001,6000000,1030920,1290920,1030920.0,260000.0,1290920.0,,71821.0,R
"4,746",Jûsan-nin no shikaku,2011,6000000,802778,18727440,802778.0,17924662.0,18727440.0,4229813.0,45854.0,R
"4,747",Beastmaster 2: Through the Portal of Time,1991,6000000,773490,773490,773490.0,,,,,PG-13
"4,748",The Wild Bunch,1969,6000000,509424,509424,509424.0,,,,,R
"4,749",Under sandet,2015,6000000,434640,4959039,434640.0,4524399.0,4959039.0,,13754.0,R
"4,750",The 5th Quarter,2011,6000000,408159,408159,408159.0,,,,202342.0,PG
"4,751",The First Great Train Robbery,1979,6000000,391942,391942,391942.0,,,290486.0,391942.0,
"4,752",Morvern Callar,2002,6000000,267194,755861,267194.0,488667.0,755861.0,,13836.0,R
"4,753",The Flower of Evil,2003,6000000,181798,181798,181798.0,,,,12419.0,R
"4,754",Akmareul Boatda (악마를 보았다),2011,6000000,129210,13168809,129210.0,13039599.0,13168809.0,,13567.0,Not Rated
"4,755",Come Early Morning,2006,6000000,119452,119452,119452.0,,,,50160.0,R
"4,756",The Greatest,2010,6000000,115862,117796,115862.0,1934.0,117796.0,,33616.0,R
"4,757",Beasts of No Nation,2015,6000000,90777,90777,90777.0,,,,51003.0,Not Rated
"4,758",Deadfall,2012,6000000,66351,1673635,66351.0,1607284.0,1673635.0,2300359.0,19391.0,R
"4,759",Julia,2009,6000000,65108,1365108,65108.0,1300000.0,1365108.0,,12524.0,Not Rated
"4,760",Lucky Break,2001,6000000,54606,4316497,54606.0,4261891.0,4316497.0,,7495.0,PG-13
"4,761","Surfer, Dude",2008,6000000,36497,36497,36497.0,,,,5971.0,R
"4,762",Song One,2015,6000000,32251,437089,32251.0,404838.0,437089.0,167943.0,20200.0,PG-13
"4,763",Lake of Fire,2007,6000000,25317,26007,25317.0,690.0,26007.0,,2559.0,Not Rated
"4,764",Don McKay,2010,6000000,13722,13722,13722.0,,,,8919.0,R
"4,765",Épouse-moi mon pote,2017,6000000,0,22367263,,22367263.0,22367263.0,,,Not Rated
"4,766",Prityazhenie,2017,6000000,0,19594567,,19594567.0,19594567.0,60547.0,,
"4,767",Benji,2018,6000000,0,585333,,585333.0,585333.0,,,
"4,768",11:14,2005,6000000,0,0,,,,,,R
"4,769",Icarus,2010,6000000,0,0,,,,,,R
"4,770",Men of War,1994,6000000,0,0,,,,,,
"4,771",A Shine of Rainbows,2011,6000000,0,0,,,,,,PG
"4,773",The Hit List,2011,6000000,0,0,,,,,,R
"4,774",Tallulah,2016,6000000,0,0,,,,,,
"4,775",Videodrome,1983,5952000,2120439,2121939,2120439.0,1500.0,2121939.0,,1194175.0,
"4,776",Emma,1996,5900000,22231658,37831658,22231658.0,15600000.0,37831658.0,,240649.0,PG
"4,777",L'auberge espagnole,2003,5900000,3895664,3910861,3895664.0,15197.0,3910861.0,,57692.0,R
"4,778",Doktor Dinozavrov (Доктор Динозавров)…,2025,5900000,0,0,,,,,,
"4,779",Planet of the Apes,2068,5800000,32589624,32593134,32589624.0,3510.0,32593134.0,,,G
"4,780",The Train,2065,5800000,6800000,6800000,6800000.0,,,,,Not Rated
"4,781",Winter in Wartime,2008,5800000,542860,9662214,542860.0,9119354.0,9662214.0,,14037.0,R
"4,782",Foolproof,2003,5800000,230312,421021,230312.0,190709.0,421021.0,,230312.0,R
"4,783",Trade of Innocents,2012,5800000,15091,15091,15091.0,,,,588.0,PG-13
"4,784",The Lair,2022,5800000,0,66980,,66980.0,66980.0,,,
"4,785",Tom yum goong,2006,5700000,12044087,43044087,12044087.0,31000000.0,43044087.0,13316491.0,5034180.0,R
"4,786",Stiff Upper Lips,1998,5700000,69582,69582,69582.0,,,,15935.0,R
"4,787",Druk,2020,5700000,44205,21698895,44205.0,21654690.0,21698895.0,,938.0,
"4,788",The Inbetweeners,2012,5700000,35955,86051320,35955.0,86015365.0,86051320.0,,35955.0,R
"4,789",Valhalla Rising,2010,5700000,30638,731613,30638.0,700975.0,731613.0,,7905.0,Not Rated
"4,790",Bend it Like Beckham,2002,5600000,32543449,74566042,32543449.0,42022593.0,74566042.0,,161528.0,PG-13
"4,791",Crossover,2006,5600000,7009668,7009668,7009668.0,,,2424063.0,3767567.0,PG-13
"4,792",Sunshine State,2002,5600000,3064356,3281898,3064356.0,217542.0,3281898.0,,93072.0,PG-13
"4,793",Standing Ovation,2010,5600000,531806,531806,531806.0,,,,343125.0,PG
"4,794",Khiladi 786,2012,5600000,385422,14683763,385422.0,14298341.0,14683763.0,,,Not Rated
"4,795",[Rec] 2,2010,5600000,27766,18527766,27766.0,18500000.0,18527766.0,,8191.0,R
"4,796",The Sting,1973,5500000,159616327,159616327,159616327.0,,,,,PG
"4,797",Chariots of Fire,1981,5500000,61558162,61924076,61558162.0,365914.0,61924076.0,,68907.0,PG
"4,798",Diary of a Mad Black Woman,2005,5500000,50406346,50458356,50406346.0,52010.0,50458356.0,,21905089.0,PG-13
"4,799",Shine,1996,5500000,35811509,36675932,35811509.0,864423.0,36675932.0,,162179.0,PG-13
"4,800",Don Jon,2013,5500000,24477704,41268579,24477704.0,16790875.0,41268579.0,7175913.0,8677009.0,R
"4,801",Show Dogs,2018,5500000,17744685,40014998,17744685.0,22270313.0,40014998.0,1359588.0,6023972.0,PG
"4,802",High Plains Drifter,1973,5500000,15700000,15700000,15700000.0,,,,,Not Rated
"4,803",Hell Fest,2018,5500000,11107431,18294883,11107431.0,7187452.0,18294883.0,2674415.0,5130963.0,R
"4,804",Mambo Italiano,2003,5500000,9282750,12399772,9282750.0,3117022.0,12399772.0,,,R
"4,805",Loving Vincent,2017,5500000,6735118,44058550,6735118.0,37323432.0,44058550.0,1611838.0,23180.0,PG-13
"4,806",Ghost World,2001,5500000,6217849,8761608,6217849.0,2543759.0,8761608.0,,98791.0,R
"4,807",Iris,2001,5500000,5580479,5692941,5580479.0,112462.0,5692941.0,,23144.0,R
"4,808",Galaxina,1980,5500000,4865000,4865000,4865000.0,,,,,
"4,809",Les Choristes,2004,5500000,3629758,83525626,3629758.0,79895868.0,83525626.0,,40027.0,PG-13
"4,810",Wonderland,2003,5500000,1060512,1128468,1060512.0,67956.0,1128468.0,,91798.0,R
"4,811",De battre mon coeur s'est arrêté,2005,5500000,1023424,8589831,1023424.0,7566407.0,8589831.0,,65365.0,Not Rated
"4,812",Haevnen,2011,5500000,1008098,15867314,1008098.0,14859216.0,15867314.0,,33058.0,R
"4,813",Le Havre,2011,5500000,611709,13480196,611709.0,12868487.0,13480196.0,,26363.0,Not Rated
"4,814",El Clan,2015,5500000,201227,22125102,201227.0,21923875.0,22125102.0,,12519.0,R
"4,815",Harvard Man,2002,5500000,56653,56653,56653.0,,,,8425.0,R
"4,816",Berlin Syndrome,2017,5500000,28660,788191,28660.0,759531.0,788191.0,50289.0,,R
"4,817",Salvation Boulevard,2011,5500000,28468,28468,28468.0,,,,7208.0,R
"4,818",R100,2015,5500000,24956,24956,24956.0,,,71387.0,7263.0,Not Rated
"4,819",Miss Julie,2014,5500000,0,863895,,863895.0,863895.0,165951.0,,PG-13
"4,821",Portrait de la jeune fille en feu,2019,5400000,3759854,11802771,3759854.0,8042917.0,11802771.0,,67344.0,R
"4,822",Irreversible,2003,5400000,792200,8133256,792200.0,7341056.0,8133256.0,,60086.0,Not Rated
"4,823",Não Pare na Pista: A Melhor História de Paulo C…,2015,5400000,8808,735324,8808.0,726516.0,735324.0,,5295.0,Not Rated
"4,824",Tao Jie,2013,5400000,0,4728896,,4728896.0,4728896.0,,,
"4,825",Sound of Metal,2020,5400000,0,516819,,516819.0,516819.0,,,R
"4,826",47 Meters Down,2017,5300000,44307193,62633705,44307193.0,18326512.0,62633705.0,3400595.0,11205562.0,PG-13
"4,827",Rang De Basanti,2006,5300000,2197694,29197694,2197694.0,27000000.0,29197694.0,,701666.0,Not Rated
"4,828",Grabbers,2012,5300000,0,440821,,440821.0,440821.0,,,Not Rated
"4,829",La Vie d'Adèle – Chapitres 1 & 2,2013,5250000,2450504,22887231,2450504.0,20436727.0,22887231.0,4344216.0,,"NC-17for explicit sexual content.(Rating bulletin 2286, 8/21/2013)"
"4,830",Hodejegerne,2012,5250000,1200010,20184208,1200010.0,18984198.0,20184208.0,,43013.0,R
"4,831",The Ten,2007,5250000,769726,786677,769726.0,16951.0,786677.0,,121374.0,R
"4,832",A Room for Romeo Brass,2000,5250000,20097,148544,20097.0,128447.0,148544.0,,6713.0,R
"4,833",The Girl with all the Gifts,2016,5250000,0,4801837,,4801837.0,4801837.0,924171.0,,R
"4,834",Wilson,2044,5200000,2000000,2000000,2000000.0,,,,,Not Rated
"4,835",Saint Ralph,2005,5200000,795126,1695126,795126.0,900000.0,1695126.0,,140881.0,PG-13
"4,836",Dum Maaro Dum,2011,5200000,564489,11633427,564489.0,11068938.0,11633427.0,,327523.0,R
"4,837",Rebelles,2019,5200000,0,7260661,,7260661.0,7260661.0,,,
"4,838",Somewhere in Time,1980,5100000,9709597,9709597,9709597.0,,,,1203011.0,PG
"4,839",My Big Fat Greek Wedding,2002,5000000,241438208,374890034,241438208.0,133451826.0,374890034.0,,597362.0,PG
"4,840",Get Out,2017,5000000,175837935,252297405,175837935.0,76459470.0,252297405.0,14593214.0,33377060.0,R
"4,841",Paranormal Activity 3,2011,5000000,104028807,207039844,104028807.0,103011037.0,207039844.0,3573717.0,52568183.0,R
"4,842",Saw II,2005,5000000,87025093,152925093,87025093.0,65900000.0,152925093.0,44972434.0,31725652.0,R
"4,843",Insidious Chapter 2,2013,5000000,83586447,161921515,83586447.0,78335068.0,161921515.0,9654155.0,40272103.0,PG-13
"4,844",Lights Out,2016,5000000,67268835,148806510,67268835.0,81537675.0,148806510.0,5405551.0,21688103.0,PG-13
"4,845",The Visit,2015,5000000,65206105,98677816,65206105.0,33471711.0,98677816.0,5419430.0,25427560.0,PG-13
"4,846",Happy Death Day,2017,5000000,55683845,125010260,55683845.0,69326415.0,125010260.0,4780469.0,26039025.0,PG-13
"4,847",Paranormal Activity 4,2012,5000000,53900335,142817992,53900335.0,88917657.0,142817992.0,9779387.0,29003866.0,R
"4,848",Ouija,2014,5000000,50856010,103300632,50856010.0,52444622.0,103300632.0,8099854.0,19875995.0,PG-13
"4,849",MA,2019,5000000,45896028,61220784,45896028.0,15324756.0,61220784.0,3297693.0,18099805.0,R
"4,850",A Nightmare On Elm Street 3: Dream Warriors,1987,5000000,44793222,44793222,44793222.0,,,,8880555.0,R
"4,851",No se Aceptan Devoluciones,2013,5000000,44467206,100486616,44467206.0,56019410.0,100486616.0,6766095.0,7846426.0,PG-13
"4,852",The Gift,2015,5000000,43787265,58978477,43787265.0,15191212.0,58978477.0,2517079.0,11854273.0,R
"4,853",The Big Sick,2017,5000000,42872467,56868677,42872467.0,13996210.0,56868677.0,1085067.0,421577.0,R
"4,854",The Return of the Pink Panther,1975,5000000,41833347,41833424,41833347.0,77.0,41833424.0,,,G
"4,855",The Robe,2053,5000000,36000000,36010887,36000000.0,10887.0,36010887.0,,,Not Rated
"4,856",Freddy’s Dead: The Final Nightmare,1991,5000000,34872033,34872033,34872033.0,,,,12966525.0,R
"4,857",Overcomer,2019,5000000,34700142,38093564,34700142.0,3393422.0,38093564.0,13621335.0,8146533.0,PG
"4,858",Monster,2003,5000000,34469210,64200321,34469210.0,29731111.0,64200321.0,,86831.0,R
"4,859",Paranormal Activity: The Marked Ones,2014,5000000,32462372,90904854,32462372.0,58442482.0,90904854.0,2561972.0,18343611.0,R
"4,860",The Forge,2024,5000000,29123632,29705427,29123632.0,581795.0,29705427.0,,6659508.0,PG
"4,861","20,000 Leagues Under the Sea",2054,5000000,28200000,28200000,28200000.0,,,,,G
"4,862",Oculus,2014,5000000,27695246,44115496,27695246.0,16420250.0,44115496.0,4502194.0,12005402.0,R
"4,863",Dallas Buyers Club,2013,5000000,27298285,60611845,27298285.0,33313560.0,60611845.0,9910604.0,260865.0,R
"4,864",No Escape,2015,5000000,27288872,42844516,27288872.0,15555644.0,42844516.0,,8111264.0,R
"4,865",The Elephant Man,1980,5000000,26010864,26025896,26010864.0,15032.0,26025896.0,621374.0,,PG
"4,866",The Lazarus Effect,2015,5000000,25801570,38359310,25801570.0,12557740.0,38359310.0,3110817.0,10203437.0,PG-13
"4,867",Memento,2001,5000000,25544867,39719431,25544867.0,14174564.0,39719431.0,,235488.0,R
"4,868",Our Idiot Brother,2011,5000000,24814830,25861249,24814830.0,1046419.0,25861249.0,9529324.0,7011631.0,R
"4,869",The Strangers: Prey at Night,2018,5000000,24431472,32144262,24431472.0,7712790.0,32144262.0,1911771.0,10402271.0,R
"4,870",Clerks II,2006,5000000,24148068,27342246,24148068.0,3194178.0,27342246.0,27491363.0,10061132.0,R
"4,871",The Players Club,1998,5000000,23047939,23047939,23047939.0,,,,5894607.0,R
"4,872",Billy Elliot,2000,5000000,21995263,109252972,21995263.0,87257709.0,109252972.0,,215681.0,R
"4,873",The Way Way Back,2013,5000000,21502690,26853810,21502690.0,5351120.0,26853810.0,6334030.0,552788.0,PG-13
"4,874","As Above, So Below",2014,5000000,21222315,41824066,21222315.0,20601751.0,41824066.0,855584.0,8632820.0,R
"4,875",God’s Not Dead 2,2016,5000000,20773069,23551286,20773069.0,2778217.0,23551286.0,8167104.0,7623662.0,PG
"4,876",The Apostle,1997,5000000,20733485,21277770,20733485.0,544285.0,21277770.0,,29396.0,PG-13
"4,877",The Man From Snowy River,1982,5000000,20659423,20659721,20659423.0,298.0,20659721.0,,694126.0,PG
"4,878",House Party 2,1991,5000000,19438638,19438638,19438638.0,,,,6027105.0,R
"4,879",Doug's 1st Movie,1999,5000000,19421271,19421271,19421271.0,,,,4470489.0,G
"4,880",Race,2016,5000000,19115191,23745772,19115191.0,4630581.0,23745772.0,3445908.0,7353922.0,PG-13
"4,881",Mommie Dearest,1981,5000000,19032000,25032000,19032000.0,6000000.0,25032000.0,,905920.0,PG
"4,882",Still Alice,2015,5000000,18656400,41598366,18656400.0,22941966.0,41598366.0,3780319.0,212000.0,PG-13
"4,883",Halloween 4: The Return of Michael Myers,1988,5000000,17768757,17768757,17768757.0,,,692429.0,,R
"4,884",Apollo 18,2011,5000000,17686929,26517819,17686929.0,8830890.0,26517819.0,6390411.0,8704271.0,PG-13
"4,885","Paul, Apostle of Christ",2018,5000000,17547999,26078500,17547999.0,8530501.0,26078500.0,8783380.0,5172585.0,PG-13
"4,886",Addicted,2014,5000000,17390770,17499242,17390770.0,108472.0,17499242.0,3774379.0,7485346.0,R
"4,887",O (Othello),2001,5000000,16017403,16017403,16017403.0,,,,5655658.0,R
"4,888",Gretel & Hansel,2020,5000000,15347654,22052456,15347654.0,6704802.0,22052456.0,2508592.0,6154007.0,PG-13
"4,889",Halloween: The Curse of Michael Myers,1995,5000000,15126948,15126948,15126948.0,,,,7308529.0,R
"4,890",The Egyptian,2054,5000000,15000000,15000000,15000000.0,,,,,Not RatedApproved
"4,891",Eve's Bayou,1997,5000000,14843425,14843425,14843425.0,,,,3287846.0,R
"4,892",Nighthawks,1981,5000000,14600000,19600000,14600000.0,5000000.0,19600000.0,,2525360.0,R
"4,893",Shaun of the Dead,2004,5000000,14461485,29911269,14461485.0,15449784.0,29911269.0,,3330781.0,R
"4,894",Friday the 13th Part VIII: Jason Takes Manhattan,1989,5000000,14343976,14343976,14343976.0,,,,6251310.0,R
"4,895",Spring Breakers,2013,5000000,14124286,31149251,14124286.0,17024965.0,31149251.0,5117015.0,263002.0,R
"4,896",It Comes at Night,2017,5000000,13985117,19720203,13985117.0,5735086.0,19720203.0,1300566.0,5988370.0,R
"4,897",Y Tu Mamá También,2002,5000000,13649881,33649881,13649881.0,20000000.0,33649881.0,1100663.0,408091.0,R
"4,898",The Haunting of Molly Hartley,2008,5000000,13442412,15318257,13442412.0,1875845.0,15318257.0,10006537.0,5423315.0,PG-13
"4,899",Hillary’s America: The Secret History of the De…,2016,5000000,13099931,13099931,13099931.0,,,2723109.0,74813.0,PG-13
"4,900",Lone Star,1996,5000000,12961389,12973948,12961389.0,12559.0,12973948.0,,232184.0,R
"4,901",April Fool's Day,1986,5000000,12947763,12947763,12947763.0,,,,3373779.0,R
"4,902",Diner,1982,5000000,12592907,12592907,12592907.0,,,,,R
"4,903",Before I Fall,2017,5000000,12241072,18945682,12241072.0,6704610.0,18945682.0,1422622.0,4690214.0,PG-13
"4,904",Lone Wolf McQuade,1983,5000000,12232628,12232628,12232628.0,,,,4300000.0,PG
"4,905",Sunshine Cleaning,2009,5000000,12062558,17329337,12062558.0,5266779.0,17329337.0,7261283.0,219190.0,R
"4,906",Fifty Shades of Black,2016,5000000,11686940,22113075,11686940.0,10426135.0,22113075.0,2112217.0,5900528.0,R
"4,907",A Farewell To Arms,2057,5000000,11000000,11018289,11000000.0,18289.0,11018289.0,,,Not RatedApproved
"4,908",Solomon and Sheba,2059,5000000,11000000,11016094,11000000.0,16094.0,11016094.0,,,Not Rated
"4,909",The Beastmaster,1982,5000000,10751126,10751126,10751126.0,,,,2955641.0,PG
"4,910",Not Easily Broken,2009,5000000,10572742,10732909,10572742.0,160167.0,10732909.0,15670947.0,5314278.0,PG-13
"4,911",Black Christmas,2019,5000000,10429730,18526087,10429730.0,8096357.0,18526087.0,,4240245.0,PG-13
"4,912",Moms’ Night Out,2014,5000000,10429707,10537341,10429707.0,107634.0,10537341.0,8718316.0,4311083.0,PG
"4,913",Win Win,2011,5000000,10179275,11869063,10179275.0,1689788.0,11869063.0,,150362.0,R
"4,914",The Belko Experiment,2017,5000000,10166820,11792942,10166820.0,1626122.0,11792942.0,1016140.0,4137230.0,R
"4,915",The Perfect Match,2016,5000000,9669521,10182050,9669521.0,512529.0,10182050.0,1164228.0,4294232.0,R
"4,916",Digimon: The Movie,2000,5000000,9628751,16628751,9628751.0,7000000.0,16628751.0,,4233304.0,PG
"4,917",Saved!,2004,5000000,8886160,10206551,8886160.0,1320391.0,10206551.0,,345136.0,PG-13
"4,918",Les invasions barbares,2003,5000000,8460000,25913869,8460000.0,17453869.0,25913869.0,,461363.0,R
"4,919",Robin and Marian,1976,5000000,8000000,8000000,8000000.0,,,,,
"4,920",Force 10 from Navarone,1978,5000000,7100000,7100000,7100000.0,,,,,
"4,921",The Forsaken,2001,5000000,6755271,6755271,6755271.0,,,,3020159.0,R
"4,922",Jexi,2019,5000000,6546159,10601127,6546159.0,4054968.0,10601127.0,2436259.0,3106730.0,R
"4,923",Fahrenheit 11/9,2018,5000000,6352306,6653715,6352306.0,301409.0,6653715.0,487332.0,3008563.0,R
"4,924",UHF,1989,5000000,6157157,6157157,6157157.0,,,1804217.0,,
"4,925",Sea Rex 3D: Journey to a Prehistoric World,2010,5000000,6096582,16515203,6096582.0,10418621.0,16515203.0,,,Not Rated
"4,926",Grandma’s Boy,2006,5000000,6090172,6590172,6090172.0,500000.0,6590172.0,34854857.0,3009341.0,R
"4,927",Captain Fantastic,2016,5000000,5879835,21340234,5879835.0,15460399.0,21340234.0,1309127.0,93824.0,R
"4,928",Slums of Beverly Hills,1998,5000000,5502773,5502773,5502773.0,,,,125561.0,R
"4,929",Once Upon a Time in the West,1969,5000000,5321508,5380604,5321508.0,59096.0,5380604.0,,,PG-13
"4,930",Made,2001,5000000,5308707,5476060,5308707.0,167353.0,5476060.0,,118003.0,R
"4,931",Don’t Let Go,2019,5000000,5215062,5288136,5215062.0,73074.0,5288136.0,,2338669.0,R
"4,932",La mala educación,2004,5000000,5211842,40311842,5211842.0,35100000.0,40311842.0,,147370.0,NC-17for a scene of explicit sexual content
"4,933",Moon,2009,5000000,5010163,10676073,5010163.0,5665910.0,10676073.0,5909279.0,136046.0,R
"4,934",Zola,2021,5000000,4844399,5170200,4844399.0,325801.0,5170200.0,,1200013.0,R
"4,935",90 Minutes in Heaven,2015,5000000,4816142,4816142,4816142.0,,,1219024.0,2035273.0,PG-13
"4,936",Incarnate,2016,5000000,4799774,9371036,4799774.0,4571262.0,9371036.0,1110168.0,2534884.0,PG-13
"4,937",Eddie and the Cruisers,1983,5000000,4685097,4685097,4685097.0,,,,1444886.0,
"4,938",Keeping Up with the Steins,2006,5000000,4339241,4414753,4339241.0,75512.0,4414753.0,,653723.0,PG-13
"4,939",The Sweet Hereafter,1997,5000000,4306697,7951247,4306697.0,3644550.0,7951247.0,,31149.0,R
"4,940",Bottle Shock,2008,5000000,4078607,4815890,4078607.0,737283.0,4815890.0,,277839.0,PG-13
"4,941",My Old Lady,2014,5000000,4011530,15220308,4011530.0,11208778.0,15220308.0,1128478.0,124680.0,PG-13
"4,942",Des Hommes et Des Dieux,2011,5000000,3954651,46263525,3954651.0,42308874.0,46263525.0,2458334.0,308895.0,R
"4,943",Jekyll and Hyde... Together Again,1982,5000000,3707583,3707583,3707583.0,,,,115797.0,
"4,944",Nomadland,2021,5000000,3700000,38728987,3700000.0,35028987.0,38728987.0,,,R
"4,945",Table 19,2017,5000000,3614896,4620399,3614896.0,1005503.0,4620399.0,391919.0,1597928.0,PG-13
"4,946",The Beach Bum,2019,5000000,3502600,4267808,3502600.0,765208.0,4267808.0,273527.0,1763070.0,R
"4,947",The Outfit,2022,5000000,3344040,4389636,3344040.0,1045596.0,4389636.0,,1499730.0,R
"4,948",Green Room,2016,5000000,3220371,3807503,3220371.0,587132.0,3807503.0,1790026.0,87984.0,R
"4,949",Thoroughbreds,2018,5000000,3072605,3474221,3072605.0,401616.0,3474221.0,,1224430.0,R
"4,950",Heavenly Creatures,1994,5000000,3046086,5438120,3046086.0,2392034.0,5438120.0,,,R
"4,951",The Other Side of the Door,2016,5000000,3000342,12905107,3000342.0,9904765.0,12905107.0,,1211210.0,R
"4,952",Everything Must Go,2011,5000000,2712131,2821010,2712131.0,108879.0,2821010.0,2291825.0,791676.0,PG
"4,953",Kill the Messenger,2014,5000000,2450846,6656705,2450846.0,4205859.0,6656705.0,3340463.0,941809.0,R
"4,954",Rabbit Hole,2010,5000000,2229058,6205034,2229058.0,3975976.0,6205034.0,1816226.0,53778.0,PG-13
"4,955",Jem and the Holograms,2015,5000000,2184640,2368937,2184640.0,184297.0,2368937.0,449604.0,1375320.0,PG
"4,956",Paterson,2016,5000000,2141423,10727536,2141423.0,8586113.0,10727536.0,,69335.0,R
"4,957",Zero Effect,1998,5000000,2080693,2080693,2080693.0,,,,434840.0,R
"4,958",A Midnight Clear,1992,5000000,1526697,1526697,1526697.0,,,,,R
"4,959",The Machinist,2004,5000000,1082044,8655397,1082044.0,7573353.0,8655397.0,,64661.0,R
"4,960",Light Sleeper,1992,5000000,1050861,1050861,1050861.0,,,,,R
"4,961",American Teen,2008,5000000,942441,989319,942441.0,46878.0,989319.0,,45589.0,PG-13
"4,962",Atlas Shrugged: Who Is John Galt?,2014,5000000,851690,851690,851690.0,,,1488268.0,461179.0,PG-13
"4,963",Party Monster,2003,5000000,742898,894030,742898.0,151132.0,894030.0,,15163.0,R
"4,964",Eddie and the Cruisers II,1989,5000000,540000,540000,540000.0,,,,,
"4,965",The Oh in Ohio,2006,5000000,418689,648183,418689.0,229494.0,648183.0,,68184.0,R
"4,966",Bottle Rocket,1996,5000000,407488,407576,407488.0,88.0,407576.0,,124118.0,R
"4,967",Ain't Them Bodies Saints,2013,5000000,391611,1075009,391611.0,683398.0,1075009.0,333214.0,26419.0,R
"4,968",Albino Alligator,1997,5000000,353480,353480,353480.0,,,724.0,101176.0,R
"4,969",Jimi: All is By My Side,2014,5000000,340911,927074,340911.0,586163.0,927074.0,83108.0,,R
"4,970",Skins,2002,5000000,249204,249204,249204.0,,,,23439.0,R
"4,971","Gandhi, My Father",2007,5000000,240425,2015004,240425.0,1774579.0,2015004.0,,174425.0,Not Rated
"4,972",Standard Operating Procedure,2008,5000000,228830,332120,228830.0,103290.0,332120.0,,14108.0,R
"4,973",Tucker & Dale vs. Evil,2011,5000000,223838,5476378,223838.0,5252540.0,5476378.0,,52843.0,R
"4,974",Touchback,2012,5000000,204157,204157,204157.0,,,,66998.0,PG-13
"4,975",No Looking Back,1998,5000000,143273,143273,143273.0,,,,44003.0,R
"4,976",Cop Car,2015,5000000,134552,143658,134552.0,9106.0,143658.0,,26146.0,R
"4,977","Lovely, Still",2010,5000000,127564,282687,127564.0,155123.0,282687.0,,4584.0,PG
"4,978",Tycoon,2003,5000000,121016,121016,121016.0,,,,13342.0,Not Rated
"4,979",Desert Blue,1999,5000000,99147,99147,99147.0,,,,13092.0,R
"4,980",Decoys,2004,5000000,84733,96760,84733.0,12027.0,96760.0,,84733.0,R
"4,981",Stuck,2008,5000000,67505,67505,67505.0,,,,8844.0,R
"4,982",Redacted,2007,5000000,65388,861325,65388.0,795937.0,861325.0,,25628.0,R
"4,983",Lansky,2021,5000000,61030,144894,61030.0,83864.0,144894.0,,27474.0,R
"4,984",Rudderless,2014,5000000,56001,584499,56001.0,528498.0,584499.0,379078.0,37440.0,R
"4,985",Fascination,2005,5000000,16670,83356,16670.0,66686.0,83356.0,,9018.0,R
"4,986",Grace,2009,5000000,8297,8297,8297.0,,,,6174.0,R
"4,987",Area 51,2015,5000000,7556,7556,7556.0,,,,7556.0,R
"4,988",Revenge of the Green Dragons,2014,5000000,2500,213164,2500.0,210664.0,213164.0,178206.0,,R
"4,989",Mientras duermes,2012,5000000,0,9109597,,9109597.0,9109597.0,,,Not Rated
"4,990",Flying By,2009,5000000,0,4568257,,4568257.0,4568257.0,,,PG-13
"4,991",Palm Springs,2020,5000000,0,1818417,,1818417.0,1818417.0,,,R
"4,993",Occupied City,2023,5000000,0,152934,,152934.0,152934.0,,,PG-13
"4,994",A Day to Die,2022,5000000,0,98616,,98616.0,98616.0,278500.0,,R
"4,995",Dying of the Light,2014,5000000,0,74639,,74639.0,74639.0,2394811.0,,R
"4,996",Yoga Hosers,2016,5000000,0,38767,,38767.0,38767.0,358535.0,,PG-13
"4,997",Grand Isle,2019,5000000,0,5444,,5444.0,5444.0,13595.0,,Not Rated
"4,998",Born of War,2015,5000000,0,671,,671.0,671.0,7153.0,,R
"4,999",Capricorn One,1977,5000000,0,401,,401.0,401.0,121859.0,,PG
"5,000",Dead Like Me: Life After Death,2009,5000000,0,0,,,,,,
"5,001",Farce of the Penguins,2007,5000000,0,0,,,,1931224.0,,R
"5,003",Wheelman,2017,5000000,0,0,,,,,,
"5,004",Reach Me,2014,5000000,0,0,,,,93482.0,,R
"5,005",Henry & Me,2014,5000000,0,0,,,,,,PG
"5,006",Let's Kill Ward's Wife,2015,5000000,0,0,,,,65630.0,,Not Rated
"5,010",Navy SEAL vs. Zombies,2015,5000000,0,0,,,,,,Not Rated
"5,011",The Hatching,2016,5000000,0,0,,,,34624.0,,R
"5,012",Running Forever,2015,5000000,0,0,,,,21385.0,,
"5,013",7500,2019,5000000,0,0,,,,,,R
"5,014",Time,2026,5000000,0,0,,,,,,
"5,015",Every Day,2018,4900000,6112914,12826031,6112914.0,6713117.0,12826031.0,,3016149.0,PG-13
"5,016",Mommy,2014,4900000,3498695,17536004,3498695.0,14037309.0,17536004.0,43504.0,26718.0,R
"5,017",Obsluhoval jsem anglického krále,2008,4900000,617228,7174984,617228.0,6557756.0,7174984.0,,53218.0,R
"5,018",Soul Kitchen,2010,4900000,276901,23347461,276901.0,23070560.0,23347461.0,,20916.0,Not Rated
"5,019",The Awakening,2012,4900000,95933,6924321,95933.0,6828388.0,6924321.0,,95933.0,R
"5,020",All Hat,2008,4900000,15198,15198,15198.0,,,,,R
"5,021",Sling Blade,1996,4833610,24475416,34175000,24475416.0,9699584.0,34175000.0,,,R
"5,022",Hostel,2006,4800000,47326473,82241110,47326473.0,34914637.0,82241110.0,23882819.0,19556099.0,R
"5,023",Zimna wojna,2018,4800000,4580048,25030444,4580048.0,20450396.0,25030444.0,,54353.0,R
"5,024",Only God Forgives,2013,4800000,775849,4494560,775849.0,3718711.0,4494560.0,1501317.0,313958.0,R
"5,025",Take Shelter,2011,4750000,1728953,4972016,1728953.0,3243063.0,4972016.0,,52041.0,R
"5,026",Tristram Shandy: A Cock and Bull Story,2006,4750000,1253413,3061763,1253413.0,1808350.0,3061763.0,,60886.0,R
"5,027",The Texas Chainsaw Massacre 2,1986,4700000,8025872,8025872,8025872.0,,,,2822439.0,
"5,028",Lady in White,1988,4700000,1705139,1705139,1705139.0,,,,,
"5,029",Driving Lessons,2006,4700000,239962,239962,239962.0,,,,22603.0,PG-13
"5,031",Treading Water,2015,4700000,0,0,,,,,,Not Rated
"5,032",Pat Garrett and Billy the Kid,1973,4638783,8000000,11000000,8000000.0,3000000.0,11000000.0,,,R
"5,033",Camping Sauvage,2004,4600000,3479302,3479302,3479302.0,,,,,Not Rated
"5,034",Barfi,2012,4600000,2804874,36751984,2804874.0,33947110.0,36751984.0,,1061713.0,Not Rated
"5,035",Dear Frankie,2005,4600000,1340891,3099369,1340891.0,1758478.0,3099369.0,,37542.0,PG-13
"5,036",The Assassination of Richard Nixon,2004,4600000,708776,4880143,708776.0,4171367.0,4880143.0,,37547.0,R
"5,037",Le nom des gens,2011,4600000,514237,9261711,514237.0,8747474.0,9261711.0,,30372.0,R
"5,038",Savage Grace,2008,4600000,434417,968805,434417.0,534388.0,968805.0,,22311.0,Not Rated
"5,039",Out of the Blue,2007,4600000,728,731767,728.0,731039.0,731767.0,,728.0,Not Rated
"5,040",Occupation,2018,4600000,0,35111,,35111.0,35111.0,893567.0,,R
"5,041",After Hours,1985,4500000,193298906,193314004,193298906.0,15098.0,193314004.0,,45435.0,R
"5,042",Police Academy,1984,4500000,81198894,81198894,81198894.0,,,,8570007.0,R
"5,043",Four Weddings and a Funeral,1994,4500000,52700832,242895809,52700832.0,190194977.0,242895809.0,,,R
"5,044",The Blue Lagoon,1980,4500000,47923795,47923795,47923795.0,,,,,R
"5,045",Barbarian,2022,4500000,40842944,45352337,40842944.0,4509393.0,45352337.0,,10543948.0,R
"5,046",Fast Times at Ridgemont High,1982,4500000,27092880,27093116,27092880.0,236.0,27093116.0,,2545674.0,R
"5,047",Secrets & Lies,1996,4500000,13417292,16090874,13417292.0,2673582.0,16090874.0,18764.0,189050.0,R
"5,048",25th Hour,2002,4500000,13084595,25344490,13084595.0,12259895.0,25344490.0,,108865.0,R
"5,049",Moby Dick,2056,4500000,10400000,10411891,10400000.0,11891.0,10411891.0,,,Not Rated
"5,050",The Lobster,2015,4500000,9196278,17985061,9196278.0,8788783.0,17985061.0,624304.0,50003.0,R
"5,051",Bound,1996,4500000,3802260,7011317,3802260.0,3209057.0,7011317.0,301639.0,900902.0,R
"5,052",Requiem for a Dream,2000,4500000,3635482,7389233,3635482.0,3753751.0,7389233.0,,64770.0,Open
"5,053",State Fair,2062,4500000,3500000,3500000,3500000.0,,,,,Not Rated
"5,054",Låt den rätte komma in,2008,4500000,2122085,12196922,2122085.0,10074837.0,12196922.0,4628039.0,49295.0,R
"5,055",Tango,1999,4500000,1687311,5428387,1687311.0,3741076.0,5428387.0,,78315.0,PG-13
"5,056",Salvador,1986,4500000,1500000,1500000,1500000.0,,,,,
"5,057",Donnie Darko,2001,4500000,1480006,7510154,1480006.0,6030148.0,7510154.0,,110494.0,R
"5,058",Salvando al Soldado Perez,2011,4500000,1400726,9330465,1400726.0,7929739.0,9330465.0,,664517.0,PG-13
"5,059",Karakter,1998,4500000,713413,713413,713413.0,,,,37268.0,R
"5,060",Nannerl la soeur de Mozart,2011,4500000,707885,2404639,707885.0,1696754.0,2404639.0,,34046.0,Not Rated
"5,061",Spun,2003,4500000,410241,1022649,410241.0,612408.0,1022649.0,,15160.0,R
"5,062",Life During Wartime,2010,4500000,281447,281447,281447.0,,,,30507.0,R
"5,063",Chinjeolhan geumjassi,2006,4500000,211667,23471871,211667.0,23260204.0,23471871.0,,9850.0,Not Rated
"5,064",Blackthorn,2011,4500000,200558,1217307,200558.0,1016749.0,1217307.0,,15254.0,R
"5,065",Maggie,2015,4500000,187112,1027760,187112.0,840648.0,1027760.0,3330585.0,131175.0,PG-13
"5,066",Lilja 4-ever,2003,4500000,181655,4548505,181655.0,4366850.0,4548505.0,,33731.0,R
"5,067",After.Life,2010,4500000,108596,2481925,108596.0,2373329.0,2481925.0,,59946.0,R
"5,068",Mean Machine,2002,4500000,92723,92723,92723.0,,,,16870.0,R
"5,069",Fong juk,2007,4500000,51957,51957,51957.0,,,,15502.0,Not Rated
"5,070",Spoken Word,2010,4500000,32961,32961,32961.0,,,,2343.0,Not Rated
"5,071",The Sweeney,2012,4500000,26345,8000366,26345.0,7974021.0,8000366.0,,20321.0,R
"5,072",Falcon Rising,2014,4500000,11774,11774,11774.0,,,,8691.0,R
"5,073",J’ai perdu mon corps,2019,4500000,0,1639538,,1639538.0,1639538.0,,,Not Rated
"5,074",Blood Quantum,2020,4500000,0,10926,,10926.0,10926.0,,,
"5,075",Hansel & Gretel Get Baked,2013,4500000,0,0,,,,,,
"5,076",Fugly!,2017,4500000,0,0,,,,,,
"5,077",Zipper,2015,4500000,0,0,,,,,,R
"5,078",The Final Girls,2015,4500000,0,0,,,,1513450.0,,PG-13
"5,079",Daisy Winters,2017,4500000,0,0,,,,,,
"5,080",One Flew Over the Cuckoo\'s Nest,1975,4400000,108981275,163274115,108981275.0,54292840.0,163274115.0,,99761.0,R
"5,081",Silent Movie,1976,4400000,36145695,36145695,36145695.0,,,,,PG
"5,082",Airlift (2016),2016,4400000,0,25600132,,25600132.0,25600132.0,,,
"5,083",R.L. Stine’s Monsterville: The Cabinet of Souls,2015,4400000,0,0,,,,643639.0,,PG
"5,084",Anna,2014,4357373,0,1200000,,1200000.0,1200000.0,115555.0,,R
"5,085",Whale Rider,2003,4300000,20779666,39374600,20779666.0,18594934.0,39374600.0,,137418.0,PG-13
"5,086",Sexy Beast,2001,4300000,6946056,10158354,6946056.0,3212298.0,10158354.0,,170356.0,R
"5,087",Paa,2009,4300000,199228,9791282,199228.0,9592054.0,9791282.0,,199228.0,Not Rated
"5,088",Snabba Cash,2012,4300000,188870,10212403,188870.0,10023533.0,10212403.0,,24684.0,R
"5,089",Talk To Me,2023,4250000,48299436,92181818,48299436.0,43882382.0,92181818.0,1649808.0,10431720.0,R
"5,090",Night of the Living Dead,1990,4200000,5835247,5835247,5835247.0,,,,2884679.0,R
"5,091",Nochnoy dozor,2006,4200000,1502188,33913542,1502188.0,32411354.0,33913542.0,7775617.0,86985.0,Not Rated
"5,092",Animal Kingdom,2010,4200000,1044039,8078683,1044039.0,7034644.0,8078683.0,,61968.0,R
"5,093",George A. Romero's Survival of the Dead,2010,4200000,101740,101740,101740.0,,,3493009.0,43757.0,R
"5,094",Cargo,2011,4200000,0,313230,,313230.0,313230.0,,,R
"5,095",High School Musical,2006,4200000,0,5940,,5940.0,5940.0,131749221.0,,
"5,096",Love and Death on Long Island,1998,4030000,2542264,2542264,2542264.0,,,,78151.0,PG-13
"5,097",Porky's,1982,4000000,109492484,109492484,109492484.0,,,,7623988.0,R
"5,098",Peter Pan,2053,4000000,87400000,87400000,87400000.0,,,30120884.0,,PG
"5,099",The Crying Game,1992,4000000,62546695,62546695,62546695.0,,,,,R
"5,100",Lost in Translation,2003,4000000,44585453,117085297,44585453.0,72499844.0,117085297.0,,925087.0,R
"5,101",Annie Hall,1977,4000000,38251425,38252270,38251425.0,845.0,38252270.0,,,PG
"5,102",The Boy Next Door,2015,4000000,36006065,53401938,36006065.0,17395873.0,53401938.0,7508242.0,14910105.0,R
"5,103",The Greatest Show on Earth,2052,4000000,36000000,36000000,36000000.0,,,,,Not Rated
"5,104",Leaving Las Vegas,1995,4000000,31983777,49800000,31983777.0,17816223.0,49800000.0,,70864.0,R
"5,105",Monster's Ball,2001,4000000,31273922,43766463,31273922.0,12492541.0,43766463.0,,110552.0,R
"5,106",Boyhood,2014,4000000,25379975,57273049,25379975.0,31893074.0,57273049.0,6292976.0,387618.0,R
"5,107",Exodus,2060,4000000,21750000,21750000,21750000.0,,,,,Not RatedApproved
"5,108",Father Stu,2022,4000000,21096678,21989422,21096678.0,892744.0,21989422.0,2291485.0,5402642.0,R
"5,109",The Kids Are All Right,2010,4000000,20811365,36275469,20811365.0,15464104.0,36275469.0,,491971.0,R
"5,110",Life of Brian,1979,4000000,20182359,20548593,20182359.0,366234.0,20548593.0,,140044.0,R
"5,111",A Haunted House 2,2014,4000000,17329487,21206861,17329487.0,3877374.0,21206861.0,3989076.0,8843875.0,R
"5,112",Late Night,2019,4000000,15500045,22373378,15500045.0,6873333.0,22373378.0,,246305.0,R
"5,113",The Last Exorcism Part II,2013,4000000,15179303,25448707,15179303.0,10269404.0,25448707.0,2285783.0,7728354.0,PG-13
"5,114",The Front Page,1974,4000000,15000000,15000000,15000000.0,,,,,PG
"5,115",Trapeze,2056,4000000,14400000,14400000,14400000.0,,,,,Not RatedApproved
"5,116",The Return of the Living Dead,1985,4000000,14237880,14238828,14237880.0,948.0,14238828.0,490933.0,4403169.0,R
"5,117",They Live,1988,4000000,13447978,13449643,13447978.0,1665.0,13449643.0,,4827903.0,R
"5,118",Saving Grace,2000,4000000,12178602,27786849,12178602.0,15608247.0,27786849.0,,287452.0,R
"5,119",The Great Escape,2063,4000000,11744471,11973397,11744471.0,228926.0,11973397.0,1841076.0,,Not Rated
"5,120",What the #$'! Do We Know,2004,4000000,10941801,11704768,10941801.0,762967.0,11704768.0,,,Not Rated
"5,121",The Lighthouse,2019,4000000,10867104,18237527,10867104.0,7370423.0,18237527.0,2938137.0,427797.0,R
"5,122",The Darkness,2005,4000000,10753574,10904495,10753574.0,150921.0,10904495.0,475065.0,4950859.0,PG-13
"5,123",Scoop,2006,4000000,10525717,40103262,10525717.0,29577545.0,40103262.0,,3046924.0,PG-13
"5,124",The Wash,2001,4000000,10097096,10097096,10097096.0,,,,2875067.0,R
"5,125",3 Strikes,2000,4000000,9821335,9821335,9821335.0,,,,3684704.0,R
"5,126",The Visitor,2008,4000000,9427026,19174817,9427026.0,9747791.0,19174817.0,,86488.0,PG-13
"5,127",Traffik,2018,4000000,9186156,9561231,9186156.0,375075.0,9561231.0,1487484.0,3941338.0,R
"5,128",The Cooler,2003,4000000,8291572,11131455,8291572.0,2839883.0,11131455.0,,128973.0,R
"5,129",The Misfits,2061,4000000,8200000,8200000,8200000.0,,,,,Not Rated
"5,130",The Night Listener,2006,4000000,7836393,10770993,7836393.0,2934600.0,10770993.0,8964649.0,3554134.0,R
"5,131",The Jerky Boys,1995,4000000,7555256,7555256,7555256.0,,,,4392403.0,R
"5,132",El orfanato,2007,4000000,7159147,79250193,7159147.0,72091046.0,79250193.0,8148158.0,233323.0,R
"5,133",Bug,2007,4000000,7006708,8302995,7006708.0,1296287.0,8302995.0,1730100.0,3245556.0,R
"5,134",The Rules of Attraction,2002,4000000,6525762,11799060,6525762.0,5273298.0,11799060.0,,2532410.0,R
"5,135",Topaz,1969,4000000,6000000,6000000,6000000.0,,,,,M/PG
"5,136",Let's Go to Prison,2006,4000000,4630045,4630045,4630045.0,,,2371799.0,2220050.0,R
"5,137",Four Rooms,1995,4000000,4301000,4301000,4301000.0,,,,1275953.0,R
"5,138",Secretary,2002,4000000,4046737,9412015,4046737.0,5365278.0,9412015.0,,182306.0,R
"5,139",The Real Cancun,2003,4000000,3816594,4188034,3816594.0,371440.0,4188034.0,,2108796.0,R
"5,140",Talk Radio,1988,4000000,3468572,3468572,3468572.0,,,,,
"5,141",Sing Street,2016,4000000,3237118,12657072,3237118.0,9419954.0,12657072.0,,63573.0,PG-13
"5,142",Waiting for Guffman,1997,4000000,2922988,2922988,2922988.0,,,,37990.0,R
"5,143",Love Stinks,1999,4000000,2793776,2793776,2793776.0,,,,1398046.0,R
"5,144",Samsara,2012,4000000,2672413,5966671,2672413.0,3294258.0,5966671.0,,76222.0,PG-13
"5,145",You Kill Me,2007,4000000,2426851,3858964,2426851.0,1432113.0,3858964.0,,233709.0,R
"5,146",Cafarnaúm,2018,4000000,1660708,65233793,1660708.0,63573085.0,65233793.0,15622.0,24988.0,R
"5,147",The Art of Getting By,2011,4000000,1430241,1989035,1430241.0,558794.0,1989035.0,,679160.0,PG-13
"5,148",Thumbsucker,2005,4000000,1328679,1919197,1328679.0,590518.0,1919197.0,,85327.0,R
"5,149",Beyond the Mask,2015,4000000,1236094,1236094,1236094.0,,,1347793.0,18801.0,PG
"5,150",Red State,2011,4000000,1065429,1983596,1065429.0,918167.0,1983596.0,,102566.0,R
"5,151",MirrorMask,2005,4000000,864959,973613,864959.0,108654.0,973613.0,,126449.0,PG
"5,153",Holy Motors,2012,4000000,641054,4230426,641054.0,3589372.0,4230426.0,,18866.0,Not Rated
"5,154",The Signal,2014,4000000,600896,2665322,600896.0,2064426.0,2665322.0,1198650.0,155642.0,PG-13
"5,155",Poolhall Junkies,2003,4000000,563711,563711,563711.0,,,,301856.0,R
"5,156",The Loss of Sexual Innocence,1999,4000000,399793,399793,399793.0,,,,50354.0,R
"5,157",The Face of Love,2013,4000000,385069,1158877,385069.0,773808.0,1158877.0,320603.0,25800.0,PG-13
"5,158",Joe,2014,4000000,373375,373375,373375.0,,,2877077.0,,R
"5,159",Prison,1988,4000000,354704,354704,354704.0,,,,,
"5,160",Shooting Fish,1998,4000000,302204,302204,302204.0,,,,56240.0,PG
"5,161",Adoration,2009,4000000,294244,384244,294244.0,90000.0,384244.0,,39358.0,R
"5,162",Psycho Beach Party,2000,4000000,267972,267972,267972.0,,,126624.0,21359.0,Not Rated
"5,163",The Big Tease,2000,4000000,185577,185577,185577.0,,,,29010.0,R
"5,164",Polina danser sa vie,2016,4000000,165203,953314,165203.0,788111.0,953314.0,,12588.0,Not Rated
"5,165",Desert Dancer,2014,4000000,155271,596335,155271.0,441064.0,596335.0,,40763.0,PG-13
"5,166","Guten Tag, Ramon",2014,4000000,154356,4854356,154356.0,4700000.0,4854356.0,,51105.0,PG-13
"5,167",Mondays in the Sun,2003,4000000,146402,146402,146402.0,,,,22401.0,R
"5,168",Manglehorn,2015,4000000,132270,797439,132270.0,665169.0,797439.0,,11227.0,PG-13
"5,169",Tau ming chong,2010,4000000,129078,38899792,129078.0,38770714.0,38899792.0,,10073.0,R
"5,170",Trust,2011,4000000,120016,120016,120016.0,,,,58214.0,R
"5,171",Sweet Country,2017,4000000,85556,2291545,85556.0,2205989.0,2291545.0,178519.0,,R
"5,172",An Everlasting Piece,2000,4000000,75078,75078,75078.0,,,,9128.0,R
"5,173",Among Giants,1999,4000000,64359,64359,64359.0,,,,13276.0,R
"5,174",The Velocity of Gary,1999,4000000,34145,34145,34145.0,,,,,R
"5,175",Stake Land,2011,4000000,33245,679482,33245.0,646237.0,679482.0,,7258.0,R
"5,176",Praia do Futuro,2014,4000000,20620,760678,20620.0,740058.0,760678.0,,3324.0,Not Rated
"5,177",Sonny,2002,4000000,17639,17639,17639.0,,,,17639.0,R
"5,178",The Last Time I Committed Suicide,1997,4000000,12836,12836,12836.0,,,,12836.0,R
"5,179",13 Sins,2014,4000000,9134,47552,9134.0,38418.0,47552.0,133821.0,9134.0,R
"5,180",Another Happy Day,2011,4000000,9120,978527,9120.0,969407.0,978527.0,,9120.0,R
"5,181",Inescapable,2013,4000000,4327,4327,4327.0,,,,1545.0,R
"5,182",Perfectos Desconocidos,2017,4000000,0,31166312,,31166312.0,31166312.0,,,
"5,183","Good Luck to You, Leo Grande",2022,4000000,0,13141633,,13141633.0,13141633.0,,,R
"5,184",Geograf globus propil,2013,4000000,0,4454853,,4454853.0,4454853.0,,,
"5,185",Down a Dark Hall,2018,4000000,0,2842176,,2842176.0,2842176.0,,,PG-13
"5,186",Patients of a Saint,2020,4000000,0,593148,,593148.0,593148.0,,,Not Rated
"5,187",A Lonely Place to Die,2011,4000000,0,442550,,442550.0,442550.0,,,R
"5,188",Brawl in Cell Block 99,2017,4000000,0,79208,,79208.0,79208.0,2146990.0,,
"5,190",The Loved Ones,2012,4000000,0,12302,,12302.0,12302.0,,,R
"5,191",1776,1972,4000000,0,0,,,,,,PG
"5,192",Hell's Angels,2030,4000000,0,0,,,,,,Not RatedPassed
"5,193",Purple Violets,2008,4000000,0,0,,,,,,
"5,194",Replicas,2012,4000000,0,0,,,,,,Not Rated
"5,196",The Veil,2016,4000000,0,0,,,,,,R
"5,197",The Perfect Wave,2014,4000000,0,0,,,,1063351.0,,PG
"5,199",Chain of Command,2015,4000000,0,0,,,,1111881.0,,R
"5,200",The Ninth Configuration,1980,4000000,0,0,,,,,,
"5,201",Gone with the Wind,2039,3900000,198680470,390516513,198680470.0,191836043.0,390516513.0,,945000.0,G
"5,202",A Man for All Seasons,2066,3900000,28350000,28350000,28350000.0,,,,,G
"5,203",Ben-Hur: A Tale of the Christ,2025,3900000,9000000,9000000,9000000.0,,,,,Not Rated
"5,206",Down for Life,2011,3800000,41914,41914,41914.0,,,,23176.0,R
"5,207",The Good Heart,2010,3800000,20930,749686,20930.0,728756.0,749686.0,,5955.0,R
"5,208",Major Dundee,2065,3800000,14873,14873,14873.0,,,,,PG-13
"5,209",Hevi reissu,2018,3800000,10153,21976,10153.0,11823.0,21976.0,46389.0,5419.0,Not Rated
"5,210",The Taking of Pelham One Two Three,1974,3800000,0,353,,353.0,353.0,,,R
"5,211",Annie Get Your Gun,2050,3768785,8000000,8000000,8000000.0,,,,,Not RatedPassed
"5,212",L’attentat,2013,3750000,1625707,3237975,1625707.0,1612268.0,3237975.0,,26352.0,R
"5,213",Casa de Areia,2006,3750000,539285,1178175,539285.0,638890.0,1178175.0,,31405.0,R
"5,214",Four Lions,2010,3750000,310007,8607693,310007.0,8297686.0,8607693.0,,41512.0,R
"5,215",Slow West,2015,3750000,229094,2089072,229094.0,1859978.0,2089072.0,153684.0,,R
"5,216",Defendor,2010,3750000,44462,44462,44462.0,,,,,R
"5,217",Kono sekai no katasumi ni,2016,3750000,0,19794935,,19794935.0,19794935.0,383531.0,,PG-13
"5,218",The Ballad of Cable Hogue,1970,3716946,3500000,5000000,3500000.0,1500000.0,5000000.0,,,R
"5,219",The Pirate,2048,3700000,2956000,2956000,2956000.0,,,,,Not RatedApproved
"5,220",The History Boys,2006,3700000,2730296,13447998,2730296.0,10717702.0,13447998.0,,100803.0,R
"5,221",Unknown,2006,3700000,26403,3355048,26403.0,3328645.0,3355048.0,,3746.0,Not Rated
"5,222",Midnight Cowboy,1969,3600000,44785053,44796719,44785053.0,11666.0,44796719.0,,,R
"5,223",Billy: The Early Years of Billy Graham,2008,3600000,320896,320896,320896.0,,,,192042.0,Not Rated
"5,224",Crown Vic,2019,3600000,3868,3868,3868.0,,,,2468.0,R
"5,225",Utøya 22. juli,2018,3600000,0,222540,,222540.0,222540.0,,,
"5,226",Airplane!,1980,3500000,83453539,83454307,83453539.0,768.0,83454307.0,,,PG
"5,227",M*A*S*H,1970,3500000,81600000,81600193,81600000.0,193.0,81600193.0,,,R
"5,228",The Full Monty,1997,3500000,45950122,261249383,45950122.0,215299261.0,261249383.0,,176585.0,R
"5,229",Truth or Dare,2018,3500000,41411015,95292744,41411015.0,53881729.0,95292744.0,1290811.0,18667855.0,PG-13
"5,230",Menace II Society,1993,3500000,27731527,27731527,27731527.0,,,,3839638.0,R
"5,231",Friday,1995,3500000,27467564,27936778,27467564.0,469214.0,27936778.0,,6589341.0,R
"5,232",The Witch,2016,3500000,25138705,40364725,25138705.0,15226020.0,40364725.0,5894443.0,8800230.0,R
"5,233",Winchester,2018,3500000,25091816,45960255,25091816.0,20868439.0,45960255.0,4344670.0,9307626.0,PG-13
"5,234",Call Me by Your Name,2017,3500000,18065180,41512383,18065180.0,23447203.0,41512383.0,4670063.0,412932.0,R
"5,235",Empire,2002,3500000,17504595,18495444,17504595.0,990849.0,18495444.0,,6281415.0,R
"5,236",Dark Skies,2013,3500000,17418667,27704111,17418667.0,10285444.0,27704111.0,6689415.0,8189166.0,PG-13
"5,237",Forever My Girl,2018,3500000,16376066,16376066,16376066.0,,,5445784.0,4245630.0,PG
"5,238",Creepshow 2,1987,3500000,14000000,14000000,14000000.0,,,,3584077.0,R
"5,239",In Cold Blood,2067,3500000,13000000,13007551,13000000.0,7551.0,13007551.0,,,R
"5,240",The Nun's Story,2059,3500000,12800000,12800000,12800000.0,,,,,Not Rated
"5,241",Frenzy,1972,3500000,12600000,12600000,12600000.0,,,,,R
"5,242",Harper,2066,3500000,12000000,12000000,12000000.0,,,,,Not Rated
"5,243",I Got the Hook-Up!,1998,3500000,10317779,10317779,10317779.0,,,,3310349.0,R
"5,244",She's the One,1996,3500000,9482579,13795053,9482579.0,4312474.0,13795053.0,,2088492.0,R
"5,246",Gods and Monsters,1998,3500000,6451628,6451628,6451628.0,,,,75508.0,R
"5,247",El secreto de sus ojos,2010,3500000,6391436,40527719,6391436.0,34136283.0,40527719.0,,167866.0,R
"5,248",Evil Dead II,1987,3500000,5923044,5927557,5923044.0,4513.0,5927557.0,,807260.0,
"5,249",Day of the Dead,1985,3500000,5804262,34004262,5804262.0,28200000.0,34004262.0,434095.0,,Not Rated
"5,250",First Reformed,2018,3500000,3448256,3988612,3448256.0,540356.0,3988612.0,,97562.0,R
"5,251",Pootie Tang,2001,3500000,3293258,3293258,3293258.0,,,,1506233.0,PG-13
"5,252",Honey Boy,2019,3500000,3012615,3415721,3012615.0,403106.0,3415721.0,,301065.0,R
"5,253",The House Next Door: Meet the Blacks 2,2021,3500000,2893660,2893660,2893660.0,,,,1011756.0,
"5,254","Don’t Worry, He Won’t Get Far on Foot",2018,3500000,1441705,4522504,1441705.0,3080799.0,4522504.0,,83339.0,R
"5,255",Believe,2016,3500000,890303,890303,890303.0,,,106338.0,477387.0,PG
"5,256",La otra conquista,2000,3500000,886410,886410,886410.0,,,,305308.0,R
"5,257",American Honey,2016,3500000,663247,2611750,663247.0,1948503.0,2611750.0,169450.0,71203.0,R
"5,258",The Bronze,2016,3500000,615816,615816,615816.0,,,,368328.0,R
"5,259",Trolljegeren,2011,3500000,253444,5706638,253444.0,5453194.0,5706638.0,,5585.0,PG
"5,260",Ira and Abby,2007,3500000,221096,221096,221096.0,,,,36938.0,R
"5,261",The Masked Saint,2016,3500000,182695,182695,182695.0,,,,123839.0,PG-13
"5,262",The Reckoning,2021,3500000,143532,465177,143532.0,321645.0,465177.0,,64911.0,
"5,263",Winter Passing,2006,3500000,107492,113783,107492.0,6291.0,113783.0,,28091.0,R
"5,264",D.E.B.S.,2005,3500000,96793,96793,96793.0,,,,56448.0,PG-13
"5,265",Time to Choose,2016,3500000,29233,29233,29233.0,,,,12000.0,Not Rated
"5,266",Surveillance,2009,3500000,27349,1396395,27349.0,1369046.0,1396395.0,,4590.0,R
"5,267",Taxman,1999,3500000,9871,9871,9871.0,,,,5658.0,R
"5,268",The Kick,2012,3500000,0,40622,,40622.0,40622.0,,,PG-13
"5,269",The Betrayed,2009,3500000,0,0,,,,,,
"5,270",The Secret,2006,3500000,0,0,,,,66058279.0,,Not Rated
"5,271",2:13,2011,3500000,0,0,,,,,,
"5,272","Batman: The Dark Knight Returns, Part 2",2013,3500000,0,0,,,,4318914.0,,PG-13
"5,273",In the Name of the King III,2014,3500000,0,0,,,,185573.0,,R
"5,274",Wicked Blood,2014,3500000,0,0,,,,77222.0,,Not Rated
"5,275",Dawn Patrol,2015,3500000,0,0,,,,,,Not Rated
"5,276",Jagten,2012,3450000,687185,18309793,687185.0,17622608.0,18309793.0,1323846.0,,R
"5,277",Lords of London,2015,3440000,0,0,,,,,,R
"5,278",La marche de l'empereur,2005,3400000,77437223,133276359,77437223.0,55839136.0,133276359.0,,137492.0,G
"5,279",High Anxiety,1977,3400000,31063038,31063038,31063038.0,,,,,PG
"5,280",Margin Call,2011,3400000,5353586,20433227,5353586.0,15079641.0,20433227.0,,561906.0,R
"5,281",Choke,2008,3400000,2926565,4124277,2926565.0,1197712.0,4124277.0,,1319286.0,R
"5,282",L'incomparable mademoiselle C.,2004,3400000,493905,493905,493905.0,,,,,Not Rated
"5,283",Flee,2021,3400000,339754,2062173,339754.0,1722419.0,2062173.0,,24794.0,PG-13
"5,284",La Tourneuse de Pages,2007,3400000,208691,11182908,208691.0,10974217.0,11182908.0,,18844.0,Not Rated
"5,285",August,2008,3400000,12636,12636,12636.0,,,,8092.0,R
"5,286",Babysitting,2015,3400000,0,24564100,,24564100.0,24564100.0,,,
"5,287",To Write Love On Her Arms,2015,3400000,0,0,,,,294352.0,,PG-13
"5,289",Carousel,2056,3380000,0,3604,,3604.0,3604.0,,,Not RatedApproved
"5,290",Whiplash,2014,3300000,13892940,40502365,13892940.0,26609425.0,40502365.0,7343207.0,135388.0,R
"5,291",Bella,2007,3300000,8093373,12405473,8093373.0,4312100.0,12405473.0,6683222.0,1328448.0,PG-13
"5,292",Cidade de Deus,2003,3300000,7563397,32059295,7563397.0,24495898.0,32059295.0,,88292.0,R
"5,293",Human Traffic,2000,3300000,104257,5422740,104257.0,5318483.0,5422740.0,,10595.0,R
"5,294",The Dead Girl,2006,3300000,19875,19875,19875.0,,,,4789.0,R
"5,295",The Opposite Sex,2015,3300000,0,84369,,84369.0,84369.0,,,Not Rated
"5,296",A Christmas Story,1983,3250000,20825395,20825467,20825395.0,72.0,20825467.0,,2071473.0,PG
"5,297",Class of 1984,1982,3250000,6965361,6965361,6965361.0,,,171593.0,,
"5,298",Entre les murs,2009,3250000,3766810,34114067,3766810.0,30347257.0,34114067.0,,155190.0,Not Rated
"5,299",Dreaming of Joseph Lees,1999,3250000,7680,7680,7680.0,,,,7680.0,R
"5,300",Rosemary's Baby,2068,3200000,33395426,33397492,33395426.0,2066.0,33397492.0,,,R
"5,301",Sorry to Bother You,2018,3200000,17493096,18285560,17493096.0,792464.0,18285560.0,1015979.0,727266.0,R
"5,302",The Man Who Shot Liberty Valance,2062,3200000,8000000,8000498,8000000.0,498.0,8000498.0,,,Not Rated
"5,303",Maria Full of Grace,2004,3200000,6529624,14441158,6529624.0,7911534.0,14441158.0,,139066.0,R
"5,304",Beginners,2011,3200000,5790894,14314407,5790894.0,8523513.0,14314407.0,,141340.0,R
"5,305",The Meddler,2016,3200000,4267219,5526942,4267219.0,1259723.0,5526942.0,680297.0,57022.0,PG-13
"5,306",Adam,2009,3200000,2283291,2834485,2283291.0,551194.0,2834485.0,,68377.0,PG-13
"5,307",Feast,2006,3200000,56131,690872,56131.0,634741.0,690872.0,3821651.0,54556.0,R
"5,308",It’s a Wonderful Life,2046,3180000,12241691,16420592,12241691.0,4178901.0,16420592.0,6925159.0,,PG
"5,309",Trainspotting,1996,3100000,16501785,71548935,16501785.0,55047150.0,71548935.0,,262673.0,R
"5,310",Antiviral,2013,3100000,0,123407,,123407.0,123407.0,,,Not Rated
"5,311",National Lampoon’s Animal House,1978,3000000,141600000,141607202,141600000.0,7202.0,141607202.0,,,R
"5,312",Paranormal Activity 2,2010,3000000,84752907,177512032,84752907.0,92759125.0,177512032.0,20358764.0,40678424.0,R
"5,313",War Room,2015,3000000,67790117,73989734,67790117.0,6199617.0,73989734.0,50726063.0,11351389.0,PG
"5,314",The Purge,2013,3000000,64473115,91266581,64473115.0,26793466.0,91266581.0,12993873.0,34058360.0,R
"5,315",Goldfinger,2064,3000000,51100000,124900000,51100000.0,73800000.0,124900000.0,,,PG
"5,316",Sinister,2012,3000000,48086903,87727807,48086903.0,39640904.0,87727807.0,14874842.0,18007634.0,R
"5,317",The Original Kings of Comedy,2000,3000000,38168022,38236338,38168022.0,68316.0,38236338.0,,11053832.0,R
"5,318",The Bridge on the River Kwai,2057,3000000,33300000,33321917,33300000.0,21917.0,33321917.0,,,PG
"5,320",Serpico,1973,3000000,27274150,27301609,27274150.0,27459.0,27301609.0,,,R
"5,321",Air Bud,1997,3000000,26033546,29175259,26033546.0,3141713.0,29175259.0,,4878632.0,PG
"5,322",Waking Ned Devine,1998,3000000,24793251,55193251,24793251.0,30400000.0,55193251.0,,148971.0,PG
"5,323",Bowling for Columbine,2002,3000000,21576018,58240487,21576018.0,36664469.0,58240487.0,,209148.0,R
"5,324",A Nightmare on Elm Street Part 2: Freddy’s Reve…,1985,3000000,21163999,21163999,21163999.0,,,,2865475.0,R
"5,325",A Room with a View,1986,3000000,20966644,21042007,20966644.0,75363.0,21042007.0,,,Not Rated
"5,326",Love and Death,1975,3000000,20123742,20123742,20123742.0,,,,,PG
"5,327",Friday the 13th Part VI: Jason Lives,1986,3000000,19472057,19472809,19472057.0,752.0,19472809.0,,6750837.0,R
"5,328",Martin Lawrence Live: RunTelDat,2002,3000000,19184820,19184820,19184820.0,,,,7374049.0,R
"5,329",The Apartment,2060,3000000,18600000,24599998,18600000.0,5999998.0,24599998.0,,,Not Rated
"5,330",The Farewell,2019,3000000,17700478,25466013,17700478.0,7765535.0,25466013.0,,351330.0,PG
"5,331",Cat on a Hot Tin Roof,2058,3000000,17570324,17570642,17570324.0,318.0,17570642.0,,,Not Rated
"5,332",Beneath the Planet of the Apes,1970,3000000,17489009,17489009,17489009.0,,,,,G
"5,333",The Whale,2022,3000000,17453440,54044481,17453440.0,36591041.0,54044481.0,1787852.0,332152.0,R
"5,334",Pokemon 3: The Movie,2001,3000000,17052128,68452128,17052128.0,51400000.0,68452128.0,,8240752.0,G
"5,335",Jason Goes to Hell: The Final Friday,1993,3000000,15935068,15935068,15935068.0,,,,7552190.0,R
"5,336",Spaced Invaders,1990,3000000,15000000,15000000,15000000.0,,,,4474336.0,PG
"5,337",The Case for Christ,2017,3000000,14678714,17966760,14678714.0,3288046.0,17966760.0,9338316.0,3967885.0,PG
"5,338",Love & Friendship,2016,3000000,14016568,23934375,14016568.0,9917807.0,23934375.0,1445382.0,133513.0,PG
"5,339",Family Plot,1976,3000000,13200000,13200000,13200000.0,,,,,PG
"5,340",Torn Curtain,2066,3000000,13000000,13000615,13000000.0,615.0,13000615.0,,,PG
"5,341",Am I Racist?,2024,3000000,12311598,12311598,12311598.0,,,,4544063.0,PG-13
"5,342",Upgrade,2018,3000000,11977130,16976561,11977130.0,4999431.0,16976561.0,2638637.0,4670905.0,R
"5,343",Dave Chappelle's Block Party,2006,3000000,11718595,12051924,11718595.0,333329.0,12051924.0,19126902.0,6214723.0,R
"5,344",Krush Groove,1985,3000000,11052713,11052713,11052713.0,,,,2905293.0,R
"5,345",Impractical Jokers: The Movie,2020,3000000,10466091,10466091,10466091.0,,,1268919.0,2607049.0,PG-13
"5,346",Elmer Gantry,2060,3000000,10400000,10400064,10400000.0,64.0,10400064.0,223194.0,,Not RatedApproved
"5,347",Next Day Air,2009,3000000,10027047,10172519,10027047.0,145472.0,10172519.0,10750185.0,4111043.0,R
"5,348",Judgment at Nuremberg,2061,3000000,10000000,10000000,10000000.0,,,,,Not Rated
"5,349",Belly,1998,3000000,9639390,9639390,9639390.0,,,,3454776.0,R
"5,350",Trippin’,1999,3000000,9017070,9017070,9017070.0,,,,2527909.0,R
"5,351",Red River,2048,3000000,9012000,9012000,9012000.0,,,1149912.0,,Not Rated
"5,352",The Deep End,2001,3000000,8823109,9981635,8823109.0,1158526.0,9981635.0,,141852.0,R
"5,353",Before Midnight,2013,3000000,8110621,23225160,8110621.0,15114539.0,23225160.0,2635202.0,246914.0,R
"5,354",Teen Wolf Too,1987,3000000,7888000,7888000,7888000.0,,,82960.0,3009160.0,
"5,355",The Collector,2009,3000000,7712114,10473836,7712114.0,2761722.0,10473836.0,2723301.0,3576296.0,R
"5,356",Phantasm II,1988,3000000,7282851,7282851,7282851.0,,,,3012285.0,
"5,357",Let There Be Light,2017,3000000,7233471,7241309,7233471.0,7838.0,7241309.0,2649372.0,1729535.0,PG-13
"5,358",Phat Girlz,2006,3000000,7061128,7301115,7061128.0,239987.0,7301115.0,19318045.0,3109924.0,PG-13
"5,359",Woman Thou Art Loosed,2004,3000000,6879730,6879730,6879730.0,,,,2325474.0,R
"5,360",Real Women Have Curves,2002,3000000,5853194,7777790,5853194.0,1924596.0,7777790.0,,183772.0,PG-13
"5,361",Gallipoli,1981,3000000,5732587,5732587,5732587.0,,,,59757.0,
"5,362",I Heard the Bells,2022,3000000,5644104,5679324,5644104.0,35220.0,5679324.0,,2016504.0,PG
"5,363",Water,2006,3000000,5529144,11322573,5529144.0,5793429.0,11322573.0,,56280.0,PG-13
"5,364",The Last Black Man in San Francisco,2019,3000000,4515719,4637842,4515719.0,122123.0,4637842.0,,235272.0,R
"5,365",Don’t Think Twice,2016,3000000,4417983,4417983,4417983.0,,,,92835.0,R
"5,366",Swiss Army Man,2016,3000000,4210454,5837111,4210454.0,1626657.0,5837111.0,748307.0,105453.0,R
"5,367",East is East,2000,3000000,4170647,30438635,4170647.0,26267988.0,30438635.0,,53569.0,R
"5,368",Whipped,2000,3000000,4142507,4142507,4142507.0,,,,2729625.0,R
"5,369",Kama Sutra,1997,3000000,4109095,4109095,4109095.0,,,,83499.0,R
"5,370",Willy Wonka & the Chocolate Factory,1971,3000000,4077971,4143750,4077971.0,65779.0,4143750.0,,,G
"5,371",Frances Ha,2013,3000000,4067398,11210846,4067398.0,7143448.0,11210846.0,519334.0,137398.0,R
"5,372",Please Give,2010,3000000,4033574,4566662,4033574.0,533088.0,4566662.0,,118123.0,R
"5,373",Warlock: The Armageddon,1993,3000000,3902679,3902679,3902679.0,,,,1747317.0,R
"5,374",8 Heads in a Duffel Bag,1997,3000000,3602884,4002884,3602884.0,400000.0,4002884.0,,2024516.0,R
"5,375",Days of Heaven,1978,3000000,3446749,3660880,3446749.0,214131.0,3660880.0,,26100.0,
"5,376",Thirteen Conversations About One Thing,2002,3000000,3287435,3705923,3287435.0,418488.0,3705923.0,,69064.0,R
"5,377",Compadres,2016,3000000,3127773,7445044,3127773.0,4317271.0,7445044.0,117214.0,1397434.0,R
"5,378",Jawbreaker,1999,3000000,3076820,3076820,3076820.0,,,,1603425.0,R
"5,379",Basquiat,1996,3000000,2962051,2962051,2962051.0,,,,83863.0,R
"5,380",Tsotsi,2006,3000000,2912606,11537539,2912606.0,8624933.0,11537539.0,,76324.0,R
"5,381",Letters to God,2010,3000000,2848587,3237452,2848587.0,388865.0,3237452.0,7145741.0,1101204.0,PG
"5,382",Happiness,1998,3000000,2746453,5746453,2746453.0,3000000.0,5746453.0,,130303.0,Not Rated
"5,383",Oldboy,2003,3000000,2458110,7968998,2458110.0,5510888.0,7968998.0,,68957.0,R
"5,384",I'm in Love with a Church Girl,2013,3000000,2387730,2503392,2387730.0,115662.0,2503392.0,969359.0,971826.0,PG
"5,385",DysFunkTional Family,2003,3000000,2255000,2255000,2255000.0,,,,1079797.0,R
"5,386",Tusk,2014,3000000,1821983,1887554,1821983.0,65571.0,1887554.0,767113.0,846831.0,R
"5,387",The Wall,2017,3000000,1803064,4495262,1803064.0,2692198.0,4495262.0,6670855.0,897955.0,R
"5,388",Elephant,2003,3000000,1266955,10051516,1266955.0,8784561.0,10051516.0,,93356.0,R
"5,389",Damsels in Distress,2012,3000000,1007535,1324299,1007535.0,316764.0,1324299.0,,58589.0,PG-13
"5,390",Hobo with a Shotgun,2011,3000000,703372,834953,703372.0,131581.0,834953.0,4132079.0,12046.0,Not Rated
"5,391",The D Train,2015,3000000,669688,816494,669688.0,146806.0,816494.0,,447661.0,R
"5,392",Creature,2011,3000000,508714,533235,508714.0,24521.0,533235.0,,327000.0,R
"5,393",Bachelorette,2012,3000000,446770,12577401,446770.0,12130631.0,12577401.0,1214704.0,181494.0,R
"5,394",The Inspection,2022,3000000,385627,430608,385627.0,44981.0,430608.0,,65942.0,R
"5,395",Fish Tank,2010,3000000,374675,5922292,374675.0,5547617.0,5922292.0,,25854.0,Not Rated
"5,396",Everybody Wants to Be Italian,2008,3000000,351416,351416,351416.0,,,,197861.0,R
"5,397",The Bounce Back,2016,3000000,321910,421404,321910.0,99494.0,421404.0,207542.0,227354.0,PG-13
"5,398",Freeway,1996,3000000,295493,295493,295493.0,,,,,R
"5,399",Love's Abiding Joy,2006,3000000,252726,252726,252726.0,,,,,Not Rated
"5,400",Dead Alive,1993,3000000,242623,242623,242623.0,,,,,
"5,401",The Climb,2020,3000000,234429,1027043,234429.0,792614.0,1027043.0,5034.0,97639.0,R
"5,402",Chain Letter,2010,3000000,205842,1022453,205842.0,816611.0,1022453.0,,138788.0,R
"5,403",Tim and Eric's Billion Dollar Movie,2012,3000000,201436,223652,201436.0,22216.0,223652.0,,87475.0,R
"5,404",Holly,2007,3000000,163069,163069,163069.0,,,,32406.0,R
"5,405",Hard Eight,1997,3000000,142356,142715,142356.0,359.0,142715.0,,69486.0,R
"5,406",The Eclipse,2010,3000000,133411,133411,133411.0,,,,13207.0,R
"5,407",The Grand,2008,3000000,115879,115879,115879.0,,,,16454.0,R
"5,408",Sommersturm,2006,3000000,95204,95204,95204.0,,,,4158.0,R
"5,409",Fort McCoy,2014,3000000,78948,78948,78948.0,,,74231.0,4070.0,R
"5,410",The Gambler,1999,3000000,51773,101773,51773.0,50000.0,101773.0,,6317.0,R
"5,411",Just Looking,2000,3000000,39852,39852,39852.0,,,,5324.0,R
"5,412",Before We Go,2015,3000000,37151,483938,37151.0,446787.0,483938.0,440252.0,18630.0,PG-13
"5,413",The Divide,2012,3000000,18000,156362,18000.0,138362.0,156362.0,,16700.0,R
"5,414",Tanner Hall,2011,3000000,5073,5073,5073.0,,,,2803.0,R
"5,415",My Big Fat Independent Movie,2005,3000000,4655,4655,4655.0,,,,4655.0,R
"5,416",Demonic,2015,3000000,0,4668109,,4668109.0,4668109.0,27805.0,,R
"5,417",à l\'intérieur,2008,3000000,0,895932,,895932.0,895932.0,,,
"5,418",The Childhood of a Leader,2016,3000000,0,240099,,240099.0,240099.0,96069.0,,Not Rated
"5,419",3 From Hell,2019,3000000,0,119009,,119009.0,119009.0,5636978.0,,R
"5,420",They Came Together,2014,3000000,0,82780,,82780.0,82780.0,503958.0,,R
"5,421",Open Road,2013,3000000,0,47469,,47469.0,47469.0,,,
"5,422",Alice in Wonderland,2051,3000000,0,0,,,,,,G
"5,423",Barry Munday,2010,3000000,0,0,,,,,,R
"5,426",Never Back Down 2: The Beatdown,2011,3000000,0,0,,,,,,R
"5,427",AWOL-72,2015,3000000,0,0,,,,,,R
"5,428",30 Nights Of Paranormal Activity With The Devil…,2013,3000000,0,0,,,,,,
"5,429",Enter the Dangerous Mind,2015,3000000,0,0,,,,,,Not Rated
"5,430",Something Wicked,2015,3000000,0,0,,,,237701.0,,R
"5,431",Point Blank,2067,3000000,0,0,,,,406349.0,,
"5,432",Iguana,1988,3000000,0,0,,,,39597.0,,Not Rated
"5,434",Amnesiac,2015,3000000,0,0,,,,12974.0,,Not Rated
"5,435",Unnatural,2015,3000000,0,0,,,,,,R
"5,436",Close Range,2015,3000000,0,0,,,,,,Not Rated
"5,437",Candyman 3: Day of the Dead,1999,3000000,0,0,,,,,,R
"5,439",The Harvey Girls,2046,2931000,4100000,4100000,4100000.0,,,,,Not Rated
"5,440",Cinderella,2050,2900000,85000000,263591415,85000000.0,178591415.0,263591415.0,,,G
"5,441",Central do Brasil,1998,2900000,5969553,17006158,5969553.0,11036605.0,17006158.0,,35710.0,R
"5,442",Pocketful of Miracles,2061,2900000,5000000,5000000,5000000.0,,,,,Not RatedApproved
"5,443",Boynton Beach Club,2006,2900000,3127472,3127472,3127472.0,,,,54374.0,R
"5,444",Freakonomics,2010,2900000,101270,172867,101270.0,71597.0,172867.0,,31893.0,PG-13
"5,445",Griff the Invisible,2011,2900000,20778,25935,20778.0,5157.0,25935.0,,5087.0,PG-13
"5,446",Some Like it Hot,2059,2883848,25000000,25038874,25000000.0,38874.0,25038874.0,,,Not Rated
"5,447",High Tension,2005,2850000,3681066,6435262,3681066.0,2754196.0,6435262.0,,1897705.0,R
"5,448",Young Frankenstein,1974,2800000,86300000,86328827,86300000.0,28827.0,86328827.0,,,PG
"5,449",The Omen,1976,2800000,48570885,48577431,48570885.0,6546.0,48577431.0,,4273886.0,R
"5,450",Hustle & Flow,2005,2800000,22202809,23591783,22202809.0,1388974.0,23591783.0,32251972.0,8017808.0,R
"5,451",Friday the 13th Part VII: The New Blood,1988,2800000,19170001,19170001,19170001.0,,,,8245038.0,R
"5,452",Midnight Sun,2018,2800000,9561064,26952508,9561064.0,17391444.0,26952508.0,1738220.0,4003993.0,PG-13
"5,453",Mid90s,2018,2800000,7362439,9186903,7362439.0,1824464.0,9186903.0,953879.0,258157.0,R
"5,454",Phoenix Forgotten,2017,2800000,3600146,3697729,3600146.0,97583.0,3697729.0,,1816499.0,PG-13
"5,455",Artie Lange's Beer League,2006,2800000,475000,475000,475000.0,,,,302908.0,R
"5,456","Hvítur, Hvítur Dagur",2019,2800000,0,836600,,836600.0,836600.0,,,Not Rated
"5,457",The Wizard of Oz,2039,2777000,35572006,35883231,35572006.0,311225.0,35883231.0,,,PG-13
"5,458",Diary of the Dead,2008,2750000,952620,5394447,952620.0,4441827.0,5394447.0,4965003.0,232576.0,R
"5,459",Deux,2020,2750000,5495,1327823,5495.0,1322328.0,1327823.0,,2955.0,
"5,460",The Black Stallion,1979,2700000,37799643,37799643,37799643.0,,,1733136.0,,G
"5,461",Ulee's Gold,1997,2700000,9054736,15600000,9054736.0,6545264.0,15600000.0,,89563.0,R
"5,462",Indivisible,2018,2700000,3511417,3589633,3511417.0,78216.0,3589633.0,2663330.0,1503101.0,PG-13
"5,463",Lage Raho Munna Bhai,2006,2700000,2217561,31517561,2217561.0,29300000.0,31517561.0,,,Not Rated
"5,464",Le fils de l’autre,2012,2700000,1220807,5969923,1220807.0,4749116.0,5969923.0,,125691.0,PG-13
"5,465",The Monster,2016,2700000,12544,86288,12544.0,73744.0,86288.0,167977.0,6624.0,R
"5,466",Sardaar Ji,2015,2700000,0,8200000,,8200000.0,8200000.0,,,
"5,467",Rejsen til Saturn,2008,2700000,0,5377665,,5377665.0,5377665.0,,,Not Rated
"5,468",Donovan's Reef,2063,2686000,6600000,6600000,6600000.0,,,,,Not Rated
"5,469",Diane,2056,2660000,0,0,,,,,,Not RatedApproved
"5,470",The Dress,1998,2650000,16556,16556,16556.0,,,,,Not Rated
"5,471",A Guy Named Joe,2043,2627000,5363000,5363000,5363000.0,,,,,Not RatedPassed
"5,472",Blazing Saddles,1974,2600000,119878189,119879266,119878189.0,1077.0,119879266.0,,,R
"5,473",Friday the 13th Part IV: The Final Chapter,1984,2600000,32980880,32981717,32980880.0,837.0,32981717.0,,11183148.0,R
"5,474",Ida,2014,2600000,3827060,15277215,3827060.0,11450155.0,15277215.0,1131738.0,55438.0,PG-13
"5,476",Riding Giants,2004,2600000,2276368,3292333,2276368.0,1015965.0,3292333.0,,134400.0,PG-13
"5,477",Los Cronocrímenes,2008,2600000,39127,564474,39127.0,525347.0,564474.0,,4351.0,R
"5,478",La Cara Oculta,2012,2600000,0,7033931,,7033931.0,7033931.0,,,R
"5,479",Timber Falls,2007,2600000,0,71248,,71248.0,71248.0,,,R
"5,481","Fat, Sick & Nearly Dead",2011,2600000,0,0,,,,,,
"5,482",Singin' in the Rain,2052,2540000,7266475,7307484,7266475.0,41009.0,7307484.0,323682.0,,G
"5,483",Bonnie and Clyde,2067,2500000,50700000,50700128,50700000.0,128.0,50700128.0,,,R
"5,484",A Haunted House,2013,2500000,40041683,59922558,40041683.0,19880875.0,59922558.0,9513128.0,18101682.0,R
"5,485",2016: Obama’s America,2012,2500000,33349941,33349941,33349941.0,,,7203786.0,31610.0,PG
"5,486",Kevin Hart: Let Me Explain,2013,2500000,32244051,32327255,32244051.0,83204.0,32327255.0,5848205.0,10030463.0,R
"5,487",Garden State,2004,2500000,26782316,36028802,26782316.0,9246486.0,36028802.0,,201115.0,R
"5,488",That Thing You Do!,1996,2500000,25857416,34557416,25857416.0,8700000.0,34557416.0,,6208595.0,PG
"5,489",Halloween II,1981,2500000,25533818,25533818,25533818.0,,,,7676836.0,R
"5,490",Halloween 3: Season of the Witch,1982,2500000,14400000,14400000,14400000.0,,,,6333259.0,R
"5,491",Religulous,2008,2500000,13011160,13881317,13011160.0,870157.0,13881317.0,9147058.0,3409643.0,R
"5,493",Hud,2063,2500000,10000000,10000000,10000000.0,,,,,Not Rated
"5,494",The Spectacular Now,2013,2500000,6852971,6916951,6852971.0,63980.0,6916951.0,3283841.0,197415.0,R
"5,495",My Own Private Idaho,1991,2500000,6401336,6402915,6401336.0,1579.0,6402915.0,,,R
"5,496",Before Sunrise,1995,2500000,5274005,5855809,5274005.0,581804.0,5855809.0,,1423537.0,R
"5,497",Hunt for the Wilderpeople,2016,2500000,5205471,23900842,5205471.0,18695371.0,23900842.0,,78439.0,PG-13
"5,498",Robot & Frank,2012,2500000,3317468,4934356,3317468.0,1616888.0,4934356.0,,35539.0,PG-13
"5,499",Hanu Man,2024,2500000,2300000,9038053,2300000.0,6738053.0,9038053.0,,2300000.0,
"5,500",Sur Le Seuil,2003,2500000,2013052,2013052,2013052.0,,,,514762.0,Not Rated
"5,501",Jesus' Son,2000,2500000,1282084,1687548,1282084.0,405464.0,1687548.0,,37089.0,R
"5,502",Saving Face,2005,2500000,1187266,1269705,1187266.0,82439.0,1269705.0,,75104.0,R
"5,503",Brick Lane,2008,2500000,1094998,3838486,1094998.0,2743488.0,3838486.0,,47124.0,PG-13
"5,504",Timbuktu,2014,2500000,1076075,6815821,1076075.0,5739746.0,6815821.0,253352.0,50000.0,PG-13
"5,505",The Lost Medallion: The Adventures of Billy Stone,2013,2500000,549632,549632,549632.0,,,,143532.0,PG
"5,506",My Life Without Me,2003,2500000,432360,12267275,432360.0,11834915.0,12267275.0,,40515.0,R
"5,507",Marilyn Hotchkiss' Ballroom Dancing and Charm S…,2006,2500000,349132,497195,349132.0,148063.0,497195.0,,92668.0,PG-13
"5,508",Super,2011,2500000,327716,593933,327716.0,266217.0,593933.0,1187052.0,46549.0,PG-13
"5,509",Her Smell,2019,2500000,255599,306217,255599.0,50618.0,306217.0,,36941.0,R
"5,510",Fuel,2008,2500000,174255,174255,174255.0,,,,4915.0,Not Rated
"5,511",Valley of the Hearts Delight,2010,2500000,118666,118666,118666.0,,,,5164.0,Not Rated
"5,512",The Other End of the Line,2008,2500000,115504,507446,115504.0,391942.0,507446.0,,59078.0,PG-13
"5,513",8: The Mormon Proposition,2010,2500000,100280,100280,100280.0,,,,42566.0,R
"5,514",Sleep Dealer,2009,2500000,80136,108907,80136.0,28771.0,108907.0,,35050.0,PG-13
"5,515",Eye of the Dolphin,2007,2500000,72210,72260,72210.0,50.0,72260.0,,37924.0,PG-13
"5,516",Underdogs,2013,2500000,35017,1392649,35017.0,1357632.0,1392649.0,508247.0,18722.0,PG
"5,517",Anatomie,2000,2500000,9598,9598,9598.0,,,,5725.0,Not Rated
"5,518",Echo Boomers,2020,2500000,0,2003433,,2003433.0,2003433.0,,,R
"5,520",Alien Uprising,2013,2500000,0,0,,,,61919.0,,
"5,522",Stung,2015,2500000,0,0,,,,,,Not Rated
"5,523",Sky Sharks,2017,2500000,0,0,,,,5656.0,,
"5,524",8 Days,2015,2500000,0,0,,,,,,PG-13
"5,525",Antibirth,2016,2500000,0,0,,,,40523.0,,Not Rated
"5,526",The Rise of the Krays,2016,2500000,0,0,,,,10234.0,,R
"5,527",Not Safe For Work,2020,2500000,0,0,,,,,,Not Rated
"5,528",Malcolm & Marie,2021,2500000,0,0,,,,,,R
"5,529",Go For It!,2011,2450000,180237,182358,180237.0,2121.0,182358.0,,119714.0,PG-13
"5,530",My Animal,2023,2440000,0,0,,,,,,R
"5,531",Get on the Bus,1996,2400000,5691854,5691854,5691854.0,,,,2156409.0,R
"5,532",Thr3e,2007,2400000,1008849,1420418,1008849.0,411569.0,1420418.0,,675000.0,PG-13
"5,533",Idiocracy,2006,2400000,444093,500296,444093.0,56203.0,500296.0,,124367.0,R
"5,534",Life After Beth,2014,2400000,80315,334491,80315.0,254176.0,334491.0,455372.0,15843.0,R
"5,536",The Kindergarten Teacher,2018,2400000,0,552188,,552188.0,552188.0,,,R
"5,537",Always Woodstock,2014,2400000,0,0,,,,,,
"5,538",This is England,2007,2380000,327919,8739576,327919.0,8411657.0,8739576.0,,17700.0,Not Rated
"5,539",Bathing Beauty,2044,2361000,3500000,3500000,3500000.0,,,,,Not RatedPassed
"5,540",Do You Believe?,2015,2300000,12985600,14628921,12985600.0,1643321.0,14628921.0,8508025.0,3591282.0,PG-13
"5,541",Show Boat,2051,2300000,11000000,11000000,11000000.0,,,,,Not RatedApproved
"5,542",Profile,2021,2300000,1744740,1883256,1744740.0,138516.0,1883256.0,,730290.0,R
"5,543","Dancer, Texas Pop. 81",1998,2300000,574838,574838,574838.0,,,,87983.0,PG
"5,544",A Mouthful of Air,2021,2300000,269435,269435,269435.0,,,,130701.0,R
"5,545",Frontera,2014,2300000,59696,59696,59696.0,,,233530.0,10962.0,PG-13
"5,546",Redemption Road,2011,2300000,29384,29384,29384.0,,,,19152.0,PG-13
"5,547",The Toxic Avenger Part II,1989,2300000,28950,28950,28950.0,,,17878.0,28950.0,R
"5,548",Eden,2016,2300000,0,0,,,,,,R
"5,549",The Brave Little Toaster,1987,2300000,0,0,,,,,,Not Rated
"5,550",Pinocchio,2040,2289247,84300000,84300000,84300000.0,,,,,G
"5,551",Fantasia,2040,2280000,83320000,83320832,83320000.0,832.0,83320832.0,,,G
"5,552",Friday the 13th Part 3,1982,2250000,36690067,36690067,36690067.0,,,,9406522.0,R
"5,553",The French Connection,1971,2200000,41158757,41161514,41158757.0,2757.0,41161514.0,,,R
"5,554",Friday the 13th Part V: A New Beginning,1985,2200000,21930418,21930418,21930418.0,,,,8032883.0,R
"5,555",The Last Sin Eater,2007,2200000,388390,388390,388390.0,,,,246483.0,PG-13
"5,557",Dead in a Week: or Your Money Back,2018,2200000,0,789088,,789088.0,789088.0,,,
"5,559",The Valley of Decision,2045,2160000,9132000,9132000,9132000.0,,,,,Not RatedPassed
"5,561",Jack Brooks: Monster Slayer,2008,2150000,0,0,,,,,,R
"5,562",The Best Years of Our Lives,2046,2100000,23600000,23600000,23600000.0,,,,,Not Rated
"5,563",Bully,2001,2100000,881824,1381824,881824.0,500000.0,1381824.0,,47502.0,R
"5,564",Elling,2002,2100000,313436,399037,313436.0,85601.0,399037.0,,9606.0,R
"5,565",Mi America,2016,2100000,3330,3330,3330.0,,,,3330.0,R
"5,566",[Rec],2007,2100000,0,23266821,,23266821.0,23266821.0,,,R
"5,569",The Timber,2015,2100000,0,0,,,,68520.0,,Not Rated
"5,570",Sharkskin,2016,2100000,0,0,,,,4508.0,,
"5,571",Jackass: The Movie,2002,2000000,64282312,79282312,64282312.0,15000000.0,79282312.0,,22763437.0,R
"5,572",Terrifier 3,2024,2000000,53981071,76338497,53981071.0,22357426.0,76338497.0,,18928113.0,Not Rated
"5,573",Courageous,2011,2000000,35017223,35680886,35017223.0,663663.0,35680886.0,22764516.0,9112839.0,PG-13
"5,574",From Russia With Love,2064,2000000,24800000,78900000,24800000.0,54100000.0,78900000.0,,,PG
"5,575",Notorious,2046,2000000,24464742,24495681,24464742.0,30939.0,24495681.0,1141744.0,,Not Rated
"5,576",In the Heat of the Night,2067,2000000,24379978,24407647,24379978.0,27669.0,24407647.0,736507.0,,Not Rated
"5,577",Mad Max 2: The Road Warrior,1981,2000000,23667907,23668859,23667907.0,952.0,23668859.0,,2527864.0,R
"5,578",Sleeper,1973,2000000,18344729,18344866,18344729.0,137.0,18344866.0,,,PG
"5,579",Everything You Always Wanted to Know,1972,2000000,18016290,18016290,18016290.0,,,,,R
"5,580",It Follows,2015,2000000,14674077,23236296,14674077.0,8562219.0,23236296.0,3775200.0,160089.0,R
"5,581",Eighth Grade,2018,2000000,13539710,14348020,13539710.0,808310.0,14348020.0,345214.0,263797.0,R
"5,582",To Kill A Mockingbird,2062,2000000,13129846,13129846,13129846.0,,,2387073.0,,Not Rated
"5,583",Silent House,2012,2000000,12739737,16610760,12739737.0,3871023.0,16610760.0,3718840.0,6660234.0,R
"5,584",Boys Don't Cry,1999,2000000,11540607,20741000,11540607.0,9200393.0,20741000.0,,73720.0,R
"5,585",Das Leben der Anderen,2007,2000000,11284657,81197047,11284657.0,69912390.0,81197047.0,4991262.0,213589.0,R
"5,586",Hardcore Henry,2016,2000000,9252038,17187434,9252038.0,7935396.0,17187434.0,4428178.0,5107604.0,R
"5,587",Lolita,2062,2000000,9250000,9250000,9250000.0,,,,,Not Rated
"5,588",Boom Town,2040,2000000,9172000,9172000,9172000.0,,,,,Not RatedPassed
"5,589",Gentleman’s Agreement,2047,2000000,7800000,7800000,7800000.0,,,,,Not Rated
"5,590",The Hustler,2061,2000000,7600000,7600738,7600000.0,738.0,7600738.0,,,Not Rated
"5,591",Witchboard,1986,2000000,7369373,7369373,7369373.0,,,,,
"5,592",Les Triplettes de Belleville,2003,2000000,7301288,17400005,7301288.0,10098717.0,17400005.0,,108080.0,PG-13
"5,593",Smoke Signals,1998,2000000,6719300,7756617,6719300.0,1037317.0,7756617.0,,43574.0,PG-13
"5,594",Winter’s Bone,2010,2000000,6531503,16131551,6531503.0,9600048.0,16131551.0,4761650.0,84797.0,R
"5,595",Meet the Mormons,2014,2000000,6047363,6049171,6047363.0,1808.0,6049171.0,592848.0,2509808.0,PG
"5,596",American Splendor,2003,2000000,6003587,8685632,6003587.0,2682045.0,8685632.0,,159705.0,R
"5,597",The Florida Project,2017,2000000,5904366,11275645,5904366.0,5371279.0,11275645.0,,156833.0,R
"5,598",All Saints,2017,2000000,5802208,5946780,5802208.0,144572.0,5946780.0,,1514278.0,PG
"5,599",Before Sunset,2004,2000000,5792822,11217346,5792822.0,5424524.0,11217346.0,,219425.0,R
"5,600",Amores Perros,2001,2000000,5383834,20883834,5383834.0,15500000.0,20883834.0,,61047.0,R
"5,601",The Company You Keep,2012,2000000,5132442,21087760,5132442.0,15955318.0,21087760.0,,131718.0,R
"5,602",Thirteen,2003,2000000,4601043,9505996,4601043.0,4904953.0,9505996.0,,116260.0,R
"5,603",Touching the Void,2003,2000000,4593598,15396525,4593598.0,10802927.0,15396525.0,,96973.0,R
"5,604",Inside Job,2010,2000000,4311834,7799257,4311834.0,3487423.0,7799257.0,5247030.0,39649.0,PG-13
"5,605",Presence,2025,2000000,4026760,4707644,4026760.0,680884.0,4707644.0,,3328004.0,R
"5,606",Alexander's Ragtime Band,2038,2000000,4000000,4000000,4000000.0,,,,,Not RatedApproved
"5,607",Me and You and Everyone We Know,2005,2000000,3885134,9615464,3885134.0,5730330.0,9615464.0,,30801.0,R
"5,608",We Are Your Friends,2015,2000000,3591417,10153415,3591417.0,6561998.0,10153415.0,79069.0,1767308.0,R
"5,609",Harsh Times,2006,2000000,3337931,6225304,3337931.0,2887373.0,6225304.0,3162894.0,1968505.0,R
"5,610",Ghost Dog: The Way of the Samurai,2000,2000000,3330230,10672492,3330230.0,7342262.0,10672492.0,,166344.0,R
"5,611",Minari,2020,2000000,2964816,15474659,2964816.0,12509843.0,15474659.0,556991.0,,PG-13
"5,612",Captive,2015,2000000,2583301,2791973,2583301.0,208672.0,2791973.0,307253.0,1395378.0,PG-13
"5,613",Full Frontal,2002,2000000,2512846,3438804,2512846.0,925958.0,3438804.0,,739834.0,R
"5,614",Hearts Beat Loud,2018,2000000,2386254,2469510,2386254.0,83256.0,2469510.0,,74524.0,PG-13
"5,615",The Resurrection of Gavin Stone,2017,2000000,2303792,2303792,2303792.0,,,516408.0,1206771.0,PG
"5,616",Waltz with Bashir,2008,2000000,2283849,13912289,2283849.0,11628440.0,13912289.0,,50021.0,R
"5,617",Strangers with Candy,2006,2000000,2072645,2077844,2072645.0,5199.0,2077844.0,,43141.0,R
"5,618",Night on Earth,1992,2000000,2015000,2063656,2015000.0,48656.0,2063656.0,,,R
"5,619",Nemesis,1993,2000000,2001124,2001124,2001124.0,,,520193.0,,R
"5,620",Shortbus,2006,2000000,1997497,1997497,1997497.0,,,,107907.0,Not Rated
"5,621",Son of Rambow: A Home Movie,2008,2000000,1785505,11263263,1785505.0,9477758.0,11263263.0,,53789.0,PG-13
"5,622","The Book of Mormon Movie, Volume 1: The Journey",2003,2000000,1660865,1660865,1660865.0,,,,114573.0,PG
"5,623",Hamlet,2000,2000000,1577287,2419669,1577287.0,842382.0,2419669.0,,62253.0,R
"5,624",The Diary of a Teenage Girl,2015,2000000,1477002,2279959,1477002.0,802957.0,2279959.0,,52334.0,R
"5,625",No End In Sight,2007,2000000,1433319,1433319,1433319.0,,,,31533.0,Not Rated
"5,626",Locke,2014,2000000,1370646,2189800,1370646.0,819154.0,2189800.0,581953.0,81006.0,R
"5,627",Get Real,1999,2000000,1152411,1152411,1152411.0,,,,54254.0,R
"5,628",In the Shadow of the Moon,2007,2000000,1134358,2175587,1134358.0,1041229.0,2175587.0,,38281.0,PG
"5,629",Meek's Cutoff,2011,2000000,977772,1869928,977772.0,892156.0,1869928.0,,20042.0,PG
"5,630",The Babadook,2014,2000000,950792,7482387,950792.0,6531595.0,7482387.0,2326879.0,30007.0,Not Rated
"5,631",Sharkwater,2007,2000000,850920,1720833,850920.0,869913.0,1720833.0,,144380.0,PG
"5,632",Inside Deep Throat,2005,2000000,691880,691880,691880.0,,,,88709.0,NC-17for explicit sexual content.
"5,633",Dinner Rush,2001,2000000,638227,1075504,638227.0,437277.0,1075504.0,,110000.0,R
"5,634",The Virginity Hit,2010,2000000,636706,636706,636706.0,,,,301885.0,R
"5,635",Clockwatchers,1998,2000000,537948,539961,537948.0,2013.0,539961.0,,34838.0,PG-13
"5,636",Monos,2019,2000000,406473,2013217,406473.0,1606744.0,2013217.0,37258.0,49843.0,R
"5,637",Subway,1985,2000000,390659,1663296,390659.0,1272637.0,1663296.0,,11332.0,R
"5,638",House of D,2005,2000000,388532,466106,388532.0,77574.0,466106.0,,36371.0,PG-13
"5,639",Teeth,2008,2000000,347578,2350641,347578.0,2003063.0,2350641.0,,29521.0,R
"5,640",Stonewall,1996,2000000,304602,304602,304602.0,,,,74052.0,R
"5,641",Sherrybaby,2006,2000000,199176,759504,199176.0,560328.0,759504.0,,34774.0,R
"5,642",The Last Five Years,2015,2000000,147299,205298,147299.0,57999.0,205298.0,599923.0,51475.0,PG-13
"5,643",Six-String Samurai,1998,2000000,134624,134624,134624.0,,,,36896.0,PG-13
"5,644",Hum to Mohabbt Karega,2000,2000000,121807,121807,121807.0,,,,75446.0,Not Rated
"5,645",It's All Gone Pete Tong,2005,2000000,120620,2226603,120620.0,2105983.0,2226603.0,,19717.0,R
"5,646",Saint John of Las Vegas,2010,2000000,102645,102645,102645.0,,,,21666.0,R
"5,647",Pump,2014,2000000,89787,89787,89787.0,,,,42177.0,PG
"5,648",24 7: Twenty Four Seven,1998,2000000,72544,72544,72544.0,,,,,R
"5,649",Roadside Romeo,2008,2000000,55202,2046090,55202.0,1990888.0,2046090.0,,41770.0,Not Rated
"5,650",Eureka,2001,2000000,49388,76654,49388.0,27266.0,76654.0,,14470.0,Not Rated
"5,651",Lost River,2015,2000000,45431,2009644,45431.0,1964213.0,2009644.0,314417.0,20828.0,R
"5,652",This Thing of Ours,2003,2000000,37227,37227,37227.0,,,,,Not Rated
"5,653",Knock Knock,2015,2000000,36336,6328516,36336.0,6292180.0,6328516.0,,18623.0,R
"5,654",Growing up Smith,2017,2000000,35312,35312,35312.0,,,,14867.0,PG-13
"5,655",Super Capers,2009,2000000,30955,30955,30955.0,,,,21463.0,PG
"5,656",Being Charlie,2016,2000000,30400,32964,30400.0,2564.0,32964.0,31114.0,11872.0,R
"5,657",The First Time,2012,2000000,22836,22836,22836.0,,,,17061.0,PG-13
"5,659",The Missing Person,2009,2000000,17896,17896,17896.0,,,,2715.0,Not Rated
"5,660",London,2006,2000000,12667,12667,12667.0,,,,12667.0,R
"5,661",Circle,2010,2000000,10024,10024,10024.0,,,,3326.0,Not Rated
"5,662",Eden Lake,2008,2000000,7321,4294373,7321.0,4287052.0,4294373.0,,5824.0,R
"5,663",Jerusalema,2010,2000000,7294,10679,7294.0,3385.0,10679.0,,4958.0,R
"5,664",Say Uncle,2006,2000000,5361,5361,5361.0,,,,2485.0,R
"5,665",Plush,2013,2000000,3080,28864,3080.0,25784.0,28864.0,,2843.0,R
"5,666",The Ghastly Love of Johnny X,2012,2000000,2436,2436,2436.0,,,,,Not Rated
"5,667",Lesbian Vampire Killers,2009,2000000,0,3620902,,3620902.0,3620902.0,,,R
"5,668",Bone Tomahawk,2015,2000000,0,475846,,475846.0,475846.0,4430136.0,,Not Rated
"5,669",Freeze Frame,2004,2000000,0,105377,,105377.0,105377.0,,,R
"5,670",Stitches,2012,2000000,0,63555,,63555.0,63555.0,,,R
"5,671","To Be Frank, Sinatra at 100",2015,2000000,0,926,,926.0,926.0,,,
"5,672",The Walking Deceased,2015,2000000,0,43,,43.0,43.0,508070.0,,R
"5,673",Bananas,1971,2000000,0,0,,,,,,PG-13
"5,675",No Man's Land: The Rise of Reeker,2008,2000000,0,0,,,,,,R
"5,676",Rockaway,2007,2000000,0,0,,,,,,R
"5,677",Wings,2027,2000000,0,0,,,,,,PG-13
"5,678",The Lady from Shanghai,2047,2000000,0,0,,,,196024.0,,Not Rated
"5,679",Straight A's,2013,2000000,0,0,,,,,,R
"5,680",The Legend of Hell’s Gate: An American Conspira…,2012,2000000,0,0,,,,,,
"5,682",Small Apartments,2013,2000000,0,0,,,,,,R
"5,683",Coffee Town,2013,2000000,0,0,,,,,,Not Rated
"5,684",Lucky Dog,2015,2000000,0,0,,,,,,PG
"5,686",A Funny Thing Happened on the Way to the Forum,2066,2000000,0,0,,,,190197.0,,
"5,687",Slacker Uprising,2008,2000000,0,0,,,,,,
"5,689",The Curse of Downers Grove,2015,2000000,0,0,,,,,,Not Rated
"5,690",Wind Walkers,2015,2000000,0,0,,,,,,R
"5,691",The Dog Lover,2016,2000000,0,0,,,,,,PG
"5,692",Shark Lake,2015,2000000,0,0,,,,36167.0,,
"5,693",Stagecoach: The Texas Jack Story,2016,2000000,0,0,,,,,,Not Rated
"5,694",High Flying Bird,2019,2000000,0,0,,,,,,
"5,695",Miracle at Sage Creek,2006,2000000,0,0,,,,,,
"5,696",Rebirth,2016,2000000,0,0,,,,,,
"5,697",Donkeyhead,2022,2000000,0,0,,,,,,
"5,698",Alligator,1980,2000000,0,0,,,,823332.0,,
"5,699",Buried,2010,1987650,1044143,21270290,1044143.0,20226147.0,21270290.0,1373243.0,100268.0,R
"5,700",The Marine 4,2015,1950000,0,0,,,,1968191.0,,R
"5,701",Taxi Driver,1976,1900000,28262574,28448654,28262574.0,186080.0,28448654.0,,,R
"5,702",River's Edge,1987,1900000,4600000,4600000,4600000.0,,,70276.0,,
"5,703",Man on Wire,2008,1900000,2962242,5617067,2962242.0,2654825.0,5617067.0,,51392.0,PG-13
"5,704",Nowhere Boy,2010,1900000,1445366,7785229,1445366.0,6339863.0,7785229.0,,52749.0,R
"5,705",Northfork,2003,1900000,1420578,1445140,1420578.0,24562.0,1445140.0,,61481.0,PG-13
"5,706",Brotherly Love,2015,1900000,478595,478595,478595.0,,,,246902.0,R
"5,707",Submarine,2011,1900000,467602,4581937,467602.0,4114335.0,4581937.0,,41832.0,R
"5,708",The Square,2010,1900000,406216,740932,406216.0,334716.0,740932.0,,17092.0,R
"5,709",ABCD (Any Body Can Dance),2013,1900000,222098,10137234,222098.0,9915136.0,10137234.0,,95236.0,Not Rated
"5,710",Chacun sa nuit,2007,1900000,18435,139317,18435.0,120882.0,139317.0,,4515.0,Not Rated
"5,711",Stranded,2013,1900000,0,285593,,285593.0,285593.0,1878558.0,,Not Rated
"5,712",Vaalu,2015,1900000,0,12444,,12444.0,12444.0,,,
"5,713",Closet Monster,2016,1850000,42166,99748,42166.0,57582.0,99748.0,,6118.0,Not Rated
"5,714",The Last Exorcism,2010,1800000,41034350,70165900,41034350.0,29131550.0,70165900.0,9152496.0,20366613.0,PG-13
"5,715",Carrie,1976,1800000,25878153,25944555,25878153.0,66402.0,25944555.0,,,R
"5,716",A Nightmare on Elm Street,1984,1800000,25804893,27944525,25804893.0,2139632.0,27944525.0,,1271000.0,R
"5,717",Beasts of the Southern Wild,2012,1800000,12795746,23265132,12795746.0,10469386.0,23265132.0,11590883.0,169702.0,PG-13
"5,718",Dr. Strangelove,2064,1800000,9164370,9261253,9164370.0,96883.0,9261253.0,,,PG
"5,720",A Streetcar Named Desire,2051,1800000,8000000,8008368,8000000.0,8368.0,8008368.0,,,PG
"5,721",Hang 'em High,2068,1800000,6800000,6800000,6800000.0,,,,,PG-13
"5,722",El crimen de padre Amaro,2002,1800000,5719000,5849791,5719000.0,130791.0,5849791.0,,496290.0,R
"5,723",Songcatcher,2001,1800000,3050934,3050934,3050934.0,,,,41967.0,PG-13
"5,724",Higher Ground,2011,1800000,841056,842693,841056.0,1637.0,842693.0,,21495.0,R
"5,725",POM Wonderful Presents: The Greatest Movie Ever…,2011,1800000,638476,783733,638476.0,145257.0,783733.0,,118294.0,PG-13
"5,726",Travellers and Magicians,2005,1800000,506793,1322161,506793.0,815368.0,1322161.0,,22793.0,Not Rated
"5,729",Sublime,2007,1800000,0,0,,,,1191568.0,,
"5,730",Dysfunctional Friends,2012,1800000,0,0,,,,,,
"5,732",Against the Wild,2014,1800000,0,0,,,,2302759.0,,PG
"5,733",Beginner’s Guide to Sex,2015,1800000,0,0,,,,,,Not Rated
"5,734",Hamsterit,2023,1784448,0,699804,,699804.0,699804.0,,,
"5,735",The Assistant,2020,1780000,1100310,1700529,1100310.0,600219.0,1700529.0,,79141.0,R
"5,736",Lola rennt,1998,1750000,8077539,23689409,8077539.0,15611870.0,23689409.0,,123643.0,R
"5,737",May,2003,1750000,145540,634803,145540.0,489263.0,634803.0,,,R
"5,738",I Spit on Your Grave,2010,1750000,93051,1278471,93051.0,1185420.0,1278471.0,,32440.0,R
"5,739",Girl,2018,1750000,0,8719182,,8719182.0,8719182.0,,,R
"5,740",Living Dark: The Story of Ted the Caver,2019,1750000,0,0,,,,,,PG-13
"5,741",Järjettömän paska idea,2023,1705215,0,213089,,213089.0,213089.0,,,
"5,742",In the Bedroom,2001,1700000,35930604,42137871,35930604.0,6207267.0,42137871.0,,93972.0,R
"5,743",La misma luna,2008,1700000,12590147,23271741,12590147.0,10681594.0,23271741.0,7678046.0,2769655.0,PG-13
"5,744",Conquest of the Planet of the Apes,1972,1700000,9700000,9700000,9700000.0,,,,,PG
"5,745",The Lunchbox,2014,1700000,4231500,15517886,4231500.0,11286386.0,15517886.0,512957.0,44542.0,PG
"5,746",Grace Unplugged,2013,1700000,2507159,2507159,2507159.0,,,4561582.0,998145.0,PG
"5,747","Happy, Texas",1999,1700000,2039192,2891228,2039192.0,852036.0,2891228.0,,72056.0,PG-13
"5,748",Saul fia,2015,1700000,1777043,9696537,1777043.0,7919494.0,9696537.0,388238.0,37930.0,R
"5,749",My Summer of Love,2005,1700000,1000915,4727375,1000915.0,3726460.0,4727375.0,,90022.0,R
"5,750",Yes,2005,1700000,396035,661221,396035.0,265186.0,661221.0,,28451.0,R
"5,751",Braid,2019,1660000,0,80745,,80745.0,80745.0,64945.0,,R
"5,752",From Here to Eternity,2053,1650000,30500000,30500000,30500000.0,,,376227.0,,Not Rated
"5,753",You Can't Take It With You,2038,1644000,4000000,4000000,4000000.0,,,,,Not Rated
"5,754",Kiljuset!,2022,1606057,0,1029483,,1029483.0,1029483.0,,,
"5,755",Foolish,1999,1600000,6026908,6026908,6026908.0,,,,2184633.0,R
"5,756",She Wore a Yellow Ribbon,2049,1600000,5400000,5400000,5400000.0,,,,,Not Rated
"5,757",The Conversation,1974,1600000,4754682,4805959,4754682.0,51277.0,4805959.0,,,PG
"5,758",N-Secure,2010,1600000,2595644,2595644,2595644.0,,,,1166406.0,R
"5,759",Sukkar banat,2008,1600000,1060591,14253760,1060591.0,13193169.0,14253760.0,,71916.0,PG
"5,760",Out of the Dark,1989,1600000,419428,419428,419428.0,,,,,R
"5,761",Bubble,2006,1600000,145382,145382,145382.0,,,,70664.0,R
"5,762",Dil Jo Bhi Kahey...,2005,1600000,129319,129319,129319.0,,,,91319.0,Not Rated
"5,763",Mississippi Mermaid,1969,1600000,27795,2627795,27795.0,2600000.0,2627795.0,,,R
"5,764",Two Night Stand,2014,1600000,15600,868081,15600.0,852481.0,868081.0,193922.0,15600.0,R
"5,765",You Instead,2012,1600000,4321,222382,4321.0,218061.0,222382.0,,2144.0,R
"5,766",I Love Your Work,2005,1600000,3264,3264,3264.0,,,,2580.0,R
"5,767",Intruders,2016,1587000,0,8019,,8019.0,8019.0,,,
"5,768",The King’s Thief,2055,1577000,0,0,,,,,,Not Rated
"5,769",Insidious,2011,1500000,54009150,99870886,54009150.0,45861736.0,99870886.0,14160867.0,13271464.0,R
"5,770",Moonlight,2016,1500000,27854931,64895106,27854931.0,37040175.0,64895106.0,2626288.0,402075.0,R
"5,771",Cabin Fever,2003,1500000,21158188,30351664,21158188.0,9193476.0,30351664.0,,8633585.0,R
"5,772",Waitress,2007,1500000,19097550,22217183,19097550.0,3119633.0,22217183.0,24363567.0,92034.0,PG-13
"5,773",Kickboxer,1989,1500000,14533681,14533681,14533681.0,,,,4134098.0,R
"5,774",Bloodsport,1988,1500000,11806119,11806119,11806119.0,,,,515721.0,R
"5,775",Mr. Smith Goes To Washington,2039,1500000,9000000,9000000,9000000.0,,,,,Not Rated
"5,776",Unsane,2018,1500000,7690044,14296709,7690044.0,6606665.0,14296709.0,216238.0,3762145.0,R
"5,777",Kids,1995,1500000,7412216,20412216,7412216.0,13000000.0,20412216.0,,85709.0,Not RatedNC-17 rating surrendered
"5,778",The Squid and the Whale,2005,1500000,7372734,11191423,7372734.0,3818689.0,11191423.0,,129844.0,R
"5,779",Kissing Jessica Stein,2002,1500000,7025722,9345061,7025722.0,2319339.0,9345061.0,,346999.0,R
"5,780",Spellbound,2045,1500000,7000000,7000000,7000000.0,,,,,Not Rated
"5,781",Run the Race,2019,1500000,6424420,6424420,6424420.0,,,884326.0,2161480.0,PG
"5,782",Dawn of the Dead,1979,1500000,5100000,55000000,5100000.0,49900000.0,55000000.0,,,
"5,783",Exotica,1994,1500000,5046118,5046118,5046118.0,,,,,R
"5,784",The To Do List,2013,1500000,3491669,4128828,3491669.0,637159.0,4128828.0,563733.0,1579402.0,R
"5,785",The Gatekeepers,2013,1500000,2408553,2592308,2408553.0,183755.0,2592308.0,,61552.0,PG-13
"5,786",Buffalo '66,1998,1500000,2380606,2381227,2380606.0,621.0,2381227.0,316131.0,39555.0,R
"5,787",Repo Man,1984,1500000,2300000,2301017,2300000.0,1017.0,2301017.0,,95300.0,
"5,788",I’m Not Ashamed,2016,1500000,2082980,2082980,2082980.0,,,4032114.0,927161.0,PG-13
"5,789",Blood Simple,1985,1500000,1690913,2730877,1690913.0,1039964.0,2730877.0,,,R
"5,790",Nueve Reinas,2000,1500000,1222889,12412889,1222889.0,11190000.0,12412889.0,,40724.0,R
"5,791",The Lords of Salem,2013,1500000,1165881,1541131,1165881.0,375250.0,1541131.0,5426022.0,642942.0,R
"5,792",31,2016,1500000,779820,922727,779820.0,142907.0,922727.0,5086187.0,11842.0,R
"5,793",The Ballad of Jack and Rose,2005,1500000,712294,1126258,712294.0,413964.0,1126258.0,,59459.0,R
"5,794",Unsullied,2016,1500000,510957,510957,510957.0,,,,179112.0,R
"5,795",Killing Zoe,1994,1500000,418953,418953,418953.0,,,,,
"5,796",The Believer,2002,1500000,406035,1840248,406035.0,1434213.0,1840248.0,,26236.0,R
"5,797",Snow Angels,2008,1500000,402858,414404,402858.0,11546.0,414404.0,,14247.0,R
"5,798",Session 9,2001,1500000,378176,1703434,378176.0,1325258.0,1703434.0,,76493.0,R
"5,799",MOOZ-lum,2011,1500000,362239,372239,362239.0,10000.0,372239.0,,139832.0,PG-13
"5,800",I Want Someone To Eat Cheese With,2007,1500000,194568,194568,194568.0,,,,12317.0,Not Rated
"5,801",Amigo,2011,1500000,184705,184705,184705.0,,,,37324.0,R
"5,802",Hatchet,2007,1500000,175281,240396,175281.0,65115.0,240396.0,9010810.0,9152.0,R
"5,803",My Name is Bruce,2008,1500000,173066,173066,173066.0,,,,16432.0,R
"5,804",The Disappearance of Alice Creed,2010,1500000,166980,1605139,166980.0,1438159.0,1605139.0,,40258.0,R
"5,805",Modern Times,2036,1500000,163245,225837,163245.0,62592.0,225837.0,,,G
"5,806",The Salon,2007,1500000,139084,139084,139084.0,,,,92362.0,PG-13
"5,807",The Square,2013,1500000,124244,176262,124244.0,52018.0,176262.0,,16359.0,Not Rated
"5,808",Stolen Summer,2002,1500000,119841,119841,119841.0,,,,61613.0,PG
"5,809",Road Hard,2015,1500000,113169,113169,113169.0,,,,105943.0,Not Rated
"5,810",Forty Shades of Blue,2005,1500000,75828,172569,75828.0,96741.0,172569.0,,8795.0,R
"5,811",Trucker,2009,1500000,52429,52429,52429.0,,,,12418.0,R
"5,812",Pontypool,2009,1500000,3865,31916,3865.0,28051.0,31916.0,,1541.0,Not Rated
"5,813","Me, You and Five Bucks",2015,1500000,2105,2105,2105.0,,,,432.0,Not Rated
"5,814",Playback,2012,1500000,264,54945,264.0,54681.0,54945.0,,252.0,R
"5,815",Housebound,2014,1500000,0,236863,,236863.0,236863.0,,,Not Rated
"5,816",Teefa in Trouble,2018,1500000,0,98806,,98806.0,98806.0,,,
"5,817",Wal-Mart: The High Cost of Low Price,2005,1500000,0,58692,,58692.0,58692.0,,,
"5,818",Closer to the Moon,2014,1500000,0,5396,,5396.0,5396.0,129902.0,,Not Rated
"5,819",Fetching Cody,2006,1500000,0,0,,,,,,
"5,820",The Lion of Judah,2011,1500000,0,0,,,,,,
"5,821",Once Upon a Time in Queens,2014,1500000,0,0,,,,150015.0,,R
"5,822",Girlhouse,2015,1500000,0,0,,,,,,
"5,823",Mutant World,2015,1500000,0,0,,,,10339.0,,
"5,824",#Horror,2015,1500000,0,0,,,,,,Not Rated
"5,825",Checkmate,2015,1500000,0,0,,,,51136.0,,Not Rated
"5,826",Snow White and the Seven Dwarfs,2037,1488000,184925486,187171725,184925486.0,2246239.0,187171725.0,,,G
"5,828",Vuosisadan häät,2021,1450175,0,144664,,144664.0,144664.0,,,
"5,829",El abrazo de la serpiente,2016,1400000,1329249,4787818,1329249.0,3458569.0,4787818.0,,50955.0,Not Rated
"5,830",Werk ohne Autor,2018,1400000,1303747,9047513,1303747.0,7743766.0,9047513.0,246399.0,,R
"5,831",Mustang,2015,1400000,845464,5552584,845464.0,4707120.0,5552584.0,,20321.0,PG-13
"5,832",The Holy Girl,2005,1400000,304124,1261792,304124.0,957668.0,1261792.0,,28327.0,R
"5,833",La chambre bleue,2014,1400000,260441,1945420,260441.0,1684979.0,1945420.0,,21809.0,R
"5,834",Incident at Loch Ness,2004,1400000,36830,56073,36830.0,19243.0,56073.0,,13313.0,PG-13
"5,835",Eddie: The Sleepwalking Cannibal,2013,1400000,1632,1632,1632.0,,,,1016.0,Not Rated
"5,836",My Girlfriend's Boyfriend,2010,1400000,0,0,,,,,,PG
"5,839",Batman: The Movie,2066,1377800,0,0,,,,,,
"5,840","Lock, Stock and Two Smoking Barrels",1999,1350000,3897569,28356188,3897569.0,24458619.0,28356188.0,,143321.0,R
"5,841",The Ballad of Gregorio Cortez,1983,1305000,909000,909000,909000.0,,,97663.0,15477.0,
"5,842",San Francisco,2036,1300000,2868000,5273000,2868000.0,2405000.0,5273000.0,,,Not Rated
"5,843",Festen,1998,1300000,1647780,1649337,1647780.0,1557.0,1649337.0,,,R
"5,844",Trees Lounge,1996,1300000,749741,749741,749741.0,,,,47329.0,R
"5,845",The Girlfriend Experience,2009,1300000,695840,1005840,695840.0,310000.0,1005840.0,,202965.0,R
"5,846",Journey from the Fall,2007,1300000,635305,635305,635305.0,,,,87442.0,R
"5,847",The Basket,2000,1300000,609042,609042,609042.0,,,,61300.0,PG
"5,848",Above and Beyond,2015,1300000,288751,288751,288751.0,,,,6448.0,Not Rated
"5,849",Def-Con 4,1985,1300000,210904,210904,210904.0,,,,210904.0,
"5,850",Corpus Christi,2019,1300000,127240,10951283,127240.0,10824043.0,10951283.0,,4632.0,Not Rated
"5,851",Neal n' Nikki,2005,1300000,100358,329621,100358.0,229263.0,329621.0,,75005.0,Not Rated
"5,852",The Hebrew Hammer,2003,1300000,77755,90213,77755.0,12458.0,90213.0,,19539.0,R
"5,853",Los insolitos peces gato,2014,1300000,11278,54665,11278.0,43387.0,54665.0,27374.0,733.0,Not Rated
"5,854",Simon,2006,1300000,4055,1738663,4055.0,1734608.0,1738663.0,,2453.0,Not Rated
"5,855",Sztuka kochania. Historia Michaliny Wislockiej,2017,1300000,0,9261982,,9261982.0,9261982.0,,,
"5,856",The Possession of Michael King,2014,1300000,0,2736371,,2736371.0,2736371.0,2589510.0,,R
"5,857",Forget Me Not,2011,1300000,0,13465,,13465.0,13465.0,,,R
"5,858",The 41-Year-Old Virgin Who Knocked Up Sarah Mar…,2010,1300000,0,0,,,,,,R
"5,859",The Algerian,2015,1300000,0,0,,,,6597.0,,Not Rated
"5,860",Rebecca,2040,1288000,6000000,6002370,6000000.0,2370.0,6002370.0,,,Not Rated
"5,861",God’s Own Country,2017,1260000,338027,3822788,338027.0,3484761.0,3822788.0,810638.0,17768.0,Not Rated
"5,862",Friday the 13th Part 2,1981,1250000,21722776,21722776,21722776.0,,,,6429784.0,R
"5,863",The Lost Weekend,2045,1250000,11000000,11000000,11000000.0,,,,,Not Rated
"5,864",C.H.U.D.,1984,1250000,4700000,4700000,4700000.0,,,,1762922.0,
"5,865",Dear White People,2014,1250000,4404154,5403771,4404154.0,999617.0,5403771.0,819778.0,347959.0,R
"5,866",Filly Brown,2013,1250000,2850357,2940411,2850357.0,90054.0,2940411.0,,1478323.0,R
"5,867",Niagara,2053,1250000,2500000,2500000,2500000.0,,,,,Not Rated
"5,868",Bodom,2016,1250000,0,726460,,726460.0,726460.0,,,Not Rated
"5,869",How Green Was My Valley,2041,1250000,0,382,,382.0,382.0,,,Not Rated
"5,870",Da Sweet Blood of Jesus,2015,1250000,0,0,,,,,,Not Rated
"5,871",Pertsa & Kilu 2,2023,1227229,0,752464,,752464.0,752464.0,,,
"5,872",Saw,2004,1200000,55968727,103880027,55968727.0,47911300.0,103880027.0,,18276468.0,R
"5,873",The Rocky Horror Picture Show,1975,1200000,40564000,41753551,40564000.0,1189551.0,41753551.0,,21245.0,R
"5,874","Sex, Lies, and Videotape",1989,1200000,24741667,36741667,24741667.0,12000000.0,36741667.0,,,R
"5,875",Super Troopers,2002,1200000,18492362,23182223,18492362.0,4689861.0,23182223.0,,6203906.0,R
"5,876",Monsoon Wedding,2002,1200000,13876974,27025600,13876974.0,13148626.0,27025600.0,,68546.0,R
"5,877",You Can Count on Me,2000,1200000,9180275,10827356,9180275.0,1647081.0,10827356.0,,118170.0,R
"5,878",Strangers on a Train,2051,1200000,7000000,7022725,7000000.0,22725.0,7022725.0,,,PG
"5,879",The Trouble with Harry,2055,1200000,7000000,7000000,7000000.0,,,,,PG
"5,880","Il buono, il brutto, il cattivo",2067,1200000,6100000,6103885,6100000.0,3885.0,6103885.0,,,Not RatedApproved
"5,881",The Day the Earth Stood Still,2051,1200000,3700000,3700000,3700000.0,,,,,G
"5,882",Home Run,2013,1200000,2859955,2859955,2859955.0,,,2789594.0,1582466.0,PG-13
"5,883",Reservoir Dogs,1992,1200000,2832029,2991484,2832029.0,159455.0,2991484.0,,,R
"5,884",But I'm a Cheerleader,2000,1200000,2205627,2509344,2205627.0,303717.0,2509344.0,,60410.0,R
"5,885",The Wrong Man,2056,1200000,2000000,2000055,2000000.0,55.0,2000055.0,,,Not Rated
"5,887",Blue Like Jazz,2012,1200000,595018,595018,595018.0,,,,261190.0,PG-13
"5,888",Que Horas Ela Volta?,2015,1200000,376976,3249041,376976.0,2872065.0,3249041.0,65972.0,24086.0,R
"5,889",Q,1982,1200000,255000,255000,255000.0,,,,255000.0,
"5,890",Down & Out with the Dolls,2003,1200000,58936,58936,58936.0,,,,13684.0,R
"5,891","Pink Ribbons, Inc.",2012,1200000,26608,26608,26608.0,,,,2721.0,Not Rated
"5,892",Blood Feast,2018,1200000,8708,8708,8708.0,,,,4046.0,R
"5,893",Certifiably Jonathan,2011,1200000,7826,7826,7826.0,,,,7826.0,Not Rated
"5,894",La navaja de Don Juan,2015,1200000,4254,4254,4254.0,,,,,Not Rated
"5,895",Ostatnia Rodzina,2016,1200000,0,2683618,,2683618.0,2683618.0,,,
"5,896",Extreme Movie,2009,1200000,0,81338,,81338.0,81338.0,,,R
"5,897",The Charge of the Light Brigade,2036,1200000,0,0,,,,,,Not RatedApproved
"5,898",Grand Theft Parsons,2004,1200000,0,0,,,,,,PG-13
"5,899",Below Zero,2012,1200000,0,0,,,,,,
"5,900",Crowsnest,2012,1200000,0,0,,,,,,
"5,901",Airborne,2012,1200000,0,0,,,,,,
"5,902",Strange Frame,2013,1200000,0,0,,,,,,
"5,903",Cotton Comes to Harlem,1970,1200000,0,0,,,,98498.0,,
"5,904",Bleeding Hearts,2015,1200000,0,0,,,,20716.0,,
"5,906",The Islands,2019,1200000,0,0,,,,,,
"5,907",God’s Not Dead,2014,1150000,60755732,63777092,60755732.0,3021360.0,63777092.0,32381026.0,9244641.0,PG
"5,908",Waiting...,2005,1125000,16124543,18673274,16124543.0,2548731.0,18673274.0,39834394.0,6021106.0,R
"5,909",Dead Man's Shoes,2006,1125000,6408,414736,6408.0,408328.0,414736.0,,1825.0,Not Rated
"5,910",The Fog,1980,1100000,21445318,21445868,21445318.0,550.0,21445868.0,,,PG-13
"5,911",Wolf Creek,2005,1100000,16186348,29005064,16186348.0,12818716.0,29005064.0,9564944.0,2805754.0,R
"5,912",Ong-Bak,2005,1100000,4563167,24051852,4563167.0,19488685.0,24051852.0,,1334869.0,R
"5,913",Serbuan maut,2012,1100000,4105123,9297407,4105123.0,5192284.0,9297407.0,10133276.0,213785.0,R
"5,914",Down by Law,1986,1100000,1436000,1436000,1436000.0,,,,49840.0,
"5,915",The Offspring,1987,1100000,1355728,1355728,1355728.0,,,82169.0,154991.0,R
"5,916",Sex with Strangers,2002,1100000,247740,247740,247740.0,,,,11478.0,Not Rated
"5,917",Estiu 1993,2017,1100000,185903,2751844,185903.0,2565941.0,2751844.0,,21307.0,Not Rated
"5,918",Summerland,2020,1100000,58434,1414596,58434.0,1356162.0,1414596.0,,28881.0,PG
"5,919",Beyond the Black Rainbow,2012,1100000,56491,56491,56491.0,,,,4957.0,R
"5,920",Dracula: Pages from a Virgin's Diary,2003,1100000,39659,81371,39659.0,41712.0,81371.0,,4784.0,Not Rated
"5,921",The Sleepwalker (2014),2014,1100000,2636,53240,2636.0,50604.0,53240.0,23176.0,2636.0,Not Rated
"5,922",Departure,2016,1100000,0,27561,,27561.0,27561.0,107923.0,,Not Rated
"5,923",Silent Running,1972,1100000,0,331,,331.0,331.0,79181.0,,
"5,924",Faith Like Potatoes,2009,1100000,0,0,,,,,,
"5,925",Lake Mungo,2010,1100000,0,0,,,,,,R
"5,928",Rocket Singh: Salesman of the Year,2009,1070000,164649,5348767,164649.0,5184118.0,5348767.0,,164649.0,Not Rated
"5,929",Casablanca,2042,1039000,10805992,10911884,10805992.0,105892.0,10911884.0,,,PG
"5,930",Rocky,1976,1000000,117235147,225000000,117235147.0,107764853.0,225000000.0,,,PG
"5,931",The Devil Inside,2012,1000000,53262945,101759490,53262945.0,48496545.0,101759490.0,4220137.0,33732515.0,R
"5,932",Tom Jones,2063,1000000,37600000,37600000,37600000.0,,,208431.0,,Not Rated
"5,933",Unfriended,2015,1000000,32789645,64364198,32789645.0,31574553.0,64364198.0,4174746.0,15845115.0,R
"5,934",An Inconvenient Truth,2006,1000000,24146161,53365925,24146161.0,29219764.0,53365925.0,33472612.0,281330.0,PG
"5,935",You're Next,2013,1000000,18494006,26887177,18494006.0,8393171.0,26887177.0,4758360.0,7020196.0,R
"5,936",Chernobyl Diaries,2012,1000000,18119640,42411721,18119640.0,24292081.0,42411721.0,5743625.0,7955307.0,R
"5,937",The Howling,1981,1000000,17985000,17985130,17985000.0,130.0,17985130.0,,,R
"5,938",Dr. No,2063,1000000,16067035,59567035,16067035.0,43500000.0,59567035.0,,,PG
"5,939",Hellraiser,1987,1000000,14564000,14575148,14564000.0,11148.0,14575148.0,,4453232.0,R
"5,940","Hello, My Name is Doris",2016,1000000,14444999,14662703,14444999.0,217704.0,14662703.0,,84986.0,R
"5,941",X,2022,1000000,11769469,15113105,11769469.0,3343636.0,15113105.0,2331217.0,4275126.0,R
"5,942",Cry Wolf,2005,1000000,10047674,15943081,10047674.0,5895407.0,15943081.0,,4428209.0,PG-13
"5,943",Godzilla 2000,2000,1000000,10037390,10037390,10037390.0,,,,4407720.0,PG
"5,944",Blue Valentine,2010,1000000,9737892,16566240,9737892.0,6828348.0,16566240.0,4947457.0,193728.0,"NC-17for a scene of explicit sexual content.(Rating bulletin 2148, 11/24/2010)Rfor strong graphic sexual content, language, and a beating.(Rating bulletin 2151, 12/15/2010)"
"5,945",Transamerica,2006,1000000,9015303,16553163,9015303.0,7537860.0,16553163.0,3952161.0,46908.0,R
"5,946",Beyond the Valley of the Dolls,1970,1000000,9000000,9000000,9000000.0,,,,,NC-17
"5,947",Love Me Tender,2056,1000000,9000000,9000000,9000000.0,,,,,Not Rated
"5,948",Unfriended: Dark Web,2018,1000000,8866745,16434588,8866745.0,7567843.0,16434588.0,166667.0,3653035.0,R
"5,949",Sands of Iwo Jima,2049,1000000,7800000,7803339,7800000.0,3339.0,7803339.0,,,Not RatedApproved
"5,950",The Green Inferno,2015,1000000,7192291,12931420,7192291.0,5739129.0,12931420.0,1741040.0,3520626.0,R
"5,951",I Am Not Your Negro,2017,1000000,7123919,9617402,7123919.0,2493483.0,9617402.0,2601390.0,686378.0,PG-13
"5,952",The Sessions,2012,1000000,6002451,11495204,6002451.0,5492753.0,11495204.0,,113467.0,R
"5,953",Shine a Light,2008,1000000,5505267,16173879,5505267.0,10668612.0,16173879.0,3407103.0,1488081.0,R
"5,954",October Baby,2012,1000000,5355847,5391992,5355847.0,36145.0,5391992.0,,34038.0,PG-13
"5,955",The Skeleton Twins,2014,1000000,5284309,5797192,5284309.0,512883.0,5797192.0,578219.0,380691.0,R
"5,956",20 Feet From Stardom,2013,1000000,4946250,5892466,4946250.0,946216.0,5892466.0,4670329.0,54596.0,PG-13
"5,957","Food, Inc.",2009,1000000,4417674,4731944,4417674.0,314270.0,4731944.0,6267884.0,60513.0,PG
"5,958",An Inconvenient Sequel,2017,1000000,3496795,5839322,3496795.0,2342527.0,5839322.0,159386.0,124823.0,PG
"5,959",Next Stop Wonderland,1998,1000000,3395581,3465703,3395581.0,70122.0,3465703.0,,123055.0,R
"5,960",Obvious Child,2014,1000000,3122616,3324070,3122616.0,201454.0,3324070.0,319597.0,77315.0,R
"5,961",Martha Marcy May Marlene,2011,1000000,2981038,5438911,2981038.0,2457873.0,5438911.0,,137651.0,R
"5,962",Junebug,2005,1000000,2678010,3553253,2678010.0,875243.0,3553253.0,,74739.0,R
"5,963",Frozen River,2008,1000000,2511476,6030129,2511476.0,3518653.0,6030129.0,,70234.0,R
"5,964",Sidewalks of New York,2001,1000000,2402459,3575308,2402459.0,1172849.0,3575308.0,,545132.0,R
"5,965",Two Girls and a Guy,1998,1000000,2057193,2315026,2057193.0,257833.0,2315026.0,,649423.0,R
"5,966",The Broken Hearts Club: A Romantic Comedy,2000,1000000,1744858,2022442,1744858.0,277584.0,2022442.0,,109694.0,R
"5,967",Who Killed the Electric Car?,2006,1000000,1678874,1849392,1678874.0,170518.0,1849392.0,,45138.0,PG
"5,968",The Secrets of Jonathan Sperry,2009,1000000,1355079,1355079,1355079.0,,,,,PG
"5,969",Walking and Talking,1996,1000000,1287480,1615787,1287480.0,328307.0,1615787.0,,44602.0,R
"5,970",Bubba Ho-Tep,2003,1000000,1239183,1492895,1239183.0,253712.0,1492895.0,,35636.0,R
"5,971",No Man's Land,2001,1000000,1067481,2684207,1067481.0,1616726.0,2684207.0,,22645.0,R
"5,972",Slam,1998,1000000,1009819,1087521,1009819.0,77702.0,1087521.0,,34887.0,R
"5,973",Visages villages,2017,1000000,952432,4013278,952432.0,3060846.0,4013278.0,273337.0,31006.0,PG
"5,974",Brigham City,2001,1000000,852206,852206,852206.0,,,,103629.0,PG-13
"5,975",Patti Cake$,2017,1000000,800148,1471090,800148.0,670942.0,1471090.0,200538.0,67599.0,R
"5,976",Panic,2000,1000000,779137,1425707,779137.0,646570.0,1425707.0,,18006.0,R
"5,977",Palo Alto,2014,1000000,767732,1156309,767732.0,388577.0,1156309.0,530735.0,63461.0,R
"5,978",Fiza,2000,1000000,623791,1179462,623791.0,555671.0,1179462.0,,374708.0,Not Rated
"5,979",Ajami,2010,1000000,621859,2721096,621859.0,2099237.0,2721096.0,,35792.0,Not Rated
"5,980",Orgazmo,1998,1000000,582024,627287,582024.0,45263.0,627287.0,367104.0,210073.0,NC-17for explicit sexual content and dialogue.
"5,981",The Future,2011,1000000,568662,1239174,568662.0,670512.0,1239174.0,,27137.0,R
"5,982",All the Real Girls,2003,1000000,549666,703020,549666.0,153354.0,703020.0,,39417.0,R
"5,983",23 Blast,2014,1000000,549185,549185,549185.0,,,,337091.0,PG-13
"5,984",Dream With The Fishes,1997,1000000,542909,542909,542909.0,,,,31777.0,R
"5,985",The Act of Killing,2013,1000000,486919,1227316,486919.0,740397.0,1227316.0,1408323.0,27450.0,Not Rated
"5,986",Blue Car,2003,1000000,464126,475367,464126.0,11241.0,475367.0,,30087.0,R
"5,987",Wristcutters: A Love Story,2007,1000000,446165,473769,446165.0,27604.0,473769.0,,42808.0,R
"5,988",Luminarias,2000,1000000,428535,428535,428535.0,,,,122158.0,R
"5,989",Bo Gia,2021,1000000,350000,350000,350000.0,,,,350000.0,
"5,990",I Origins,2014,1000000,336472,852399,336472.0,515927.0,852399.0,432489.0,27682.0,R
"5,991",L'inconnu du lac,2013,1000000,323070,2697234,323070.0,2374164.0,2697234.0,174309.0,,Not Rated
"5,992",Antarctica: A Year on Ice,2014,1000000,288757,288757,288757.0,,,,32238.0,PG
"5,993",The Battle of Shaker Heights,2003,1000000,280351,839145,280351.0,558794.0,839145.0,,42569.0,PG-13
"5,994",Taxi to the Dark Side,2008,1000000,274661,304472,274661.0,29811.0,304472.0,,10930.0,R
"5,995",The Invitation,2016,1000000,231738,354836,231738.0,123098.0,354836.0,246194.0,67877.0,Not Rated
"5,996",Guiana 1838,2004,1000000,227241,227241,227241.0,,,,70910.0,Not Rated
"5,997",Love Liza,2002,1000000,213137,213137,213137.0,,,,15522.0,R
"5,998",Once in a Lifetime: the Extraordinary Story of …,2006,1000000,144601,215559,144601.0,70958.0,215559.0,,9805.0,PG-13
"5,999",Lisa Picard is Famous,2001,1000000,113433,113433,113433.0,,,,8517.0,PG-13
"6,000",Beyond the Brick: A LEGO Brickumentary,2015,1000000,101531,101531,101531.0,,,436976.0,43285.0,G
"6,001",The Undefeated,2011,1000000,100085,100085,100085.0,,,,65132.0,PG-13
"6,002",Hardflip,2012,1000000,96734,96734,96734.0,,,,49879.0,PG-13
"6,003",Creative Control,2016,1000000,63014,63014,63014.0,,,,6964.0,R
"6,004",Chocolate: Deep Dark Secrets,2005,1000000,49000,1549000,49000.0,1500000.0,1549000.0,,38000.0,Not Rated
"6,005",The Perfect Host,2011,1000000,48764,51587,48764.0,2823.0,51587.0,,7505.0,R
"6,006",The Land,2016,1000000,43756,43756,43756.0,,,,17958.0,R
"6,007",The Last Big Thing,1998,1000000,22434,22434,22434.0,,,,,R
"6,008",Safe Men,1998,1000000,21210,21210,21210.0,,,,21210.0,R
"6,009",Speedway Junky,2001,1000000,17127,17127,17127.0,,,,6900.0,R
"6,010",Hits,2015,1000000,15156,15156,15156.0,,,,15156.0,Not Rated
"6,011",The Specials,2000,1000000,12996,12996,12996.0,,,,10131.0,R
"6,012",16 to Life,2010,1000000,11574,11574,11574.0,,,,2819.0,Not Rated
"6,013",Alone with Her,2007,1000000,10787,844377,10787.0,833590.0,844377.0,,5555.0,Not Rated
"6,014",Camp X-Ray,2014,1000000,9837,101053,9837.0,91216.0,101053.0,153072.0,1316.0,R
"6,015",Special,2008,1000000,7202,26822,7202.0,19620.0,26822.0,,3232.0,R
"6,016",The Sisterhood of Night,2015,1000000,6870,6870,6870.0,,,,5264.0,PG-13
"6,017",Sparkler,1999,1000000,5494,5494,5494.0,,,,1370.0,R
"6,018",The Helix…Loaded,2005,1000000,3700,3700,3700.0,,,,,R
"6,019",Childless,2015,1000000,1036,1036,1036.0,,,,,R
"6,020",In Her Line of Fire,2006,1000000,884,884,884.0,,,,232.0,R
"6,021",The Jimmy Show,2002,1000000,703,703,703.0,,,,703.0,R
"6,022",El Cuaderno de Sara,2018,1000000,0,6298717,,6298717.0,6298717.0,,,
"6,023",Heli,2013,1000000,0,552614,,552614.0,552614.0,,,
"6,024",The Man in the Hat,2020,1000000,0,206973,,206973.0,206973.0,,,
"6,025",American Hero,2015,1000000,0,107590,,107590.0,107590.0,4813.0,,Not Rated
"6,026",Burn Burn Burn,2016,1000000,0,19923,,19923.0,19923.0,,,
"6,027",Karachi se Lahore,2015,1000000,0,17721,,17721.0,17721.0,,,
"6,029",Frat Party,2009,1000000,0,0,,,,,,R
"6,030",Jimmy and Judy,2006,1000000,0,0,,,,,,R
"6,031",The Party's Over,2003,1000000,0,0,,,,,,
"6,032",The Poker House,2009,1000000,0,0,,,,,,R
"6,033",Proud,2005,1000000,0,0,,,,,,PG
"6,035",Zombies of Mass Destruction,2010,1000000,0,0,,,,,,R
"6,036",Snow White: A Deadly Summer,2012,1000000,0,0,,,,,,PG-13
"6,037",Truth or Die,2012,1000000,0,0,,,,,,Not Rated
"6,038",Black Rock,2013,1000000,0,0,,,,,,
"6,039",Hidden Away,2014,1000000,0,0,,,,29772.0,,PG-13
"6,040",My Last Day Without You,2013,1000000,0,0,,,,,,
"6,041",Zombie Hunter,2013,1000000,0,0,,,,,,
"6,042",Doc Holliday’s Revenge,2014,1000000,0,0,,,,,,PG-13
"6,043",A Fine Step,2014,1000000,0,0,,,,,,PG
"6,044",Fear Clinic,2015,1000000,0,0,,,,88674.0,,R
"6,045",Virunga,2014,1000000,0,0,,,,,,
"6,046",The Pet,2015,1000000,0,0,,,,,,Not Rated
"6,048",Hush,2016,1000000,0,0,,,,,,R
"6,049",1982,2016,1000000,0,0,,,,144457.0,,R
"6,050",The Horror Network,2015,1000000,0,0,,,,30756.0,,Not Rated
"6,051",Chemical Cut,2016,1000000,0,0,,,,,,Not Rated
"6,052",Por amor en el caserio,2015,1000000,0,0,,,,27187.0,,
"6,053",Cam,2018,1000000,0,0,,,,,,
"6,054",Alien Psychosis,2018,1000000,0,0,,,,,,
"6,055",Spare Parts,2021,1000000,0,0,,,,8077.0,,
"6,056",And Then Came Love,2007,989000,8158,8158,8158.0,,,,4719.0,Not Rated
"6,057",Hard Candy,2006,950000,1024640,8267066,1024640.0,7242426.0,8267066.0,,58049.0,R
"6,058",Charly,2002,950000,814666,814666,814666.0,,,,56900.0,PG
"6,059",Antônia - O Filme,2007,950000,3550,289789,3550.0,286239.0,289789.0,,3550.0,PG-13
"6,060",Banshee Chapter,2014,950000,0,78122,,78122.0,78122.0,130646.0,,R
"6,062",Jesse,2014,950000,0,0,,,,7315.0,,R
"6,063",Ask Me Anything,2015,950000,0,0,,,,193365.0,,Not Rated
"6,064",L!fe Happens,2012,930000,30905,30905,30905.0,,,,20186.0,R
"6,065",Lowriders,2017,916000,6179955,6188421,6179955.0,8466.0,6188421.0,303046.0,2403885.0,PG-13
"6,066",Food Chains,2014,913000,0,176,,176.0,176.0,,,Not Rated
"6,067",On the Waterfront,2054,910000,9600000,9609459,9600000.0,9459.0,9609459.0,,,Not Rated
"6,068",Fruitvale Station,2013,900000,16098998,17549645,16098998.0,1450647.0,17549645.0,6128759.0,377285.0,R
"6,069",Meet the Blacks,2016,900000,9097072,9097072,9097072.0,,,1297619.0,4055940.0,R
"6,070","4 luni, 3 saptamani si 2 zile",2008,900000,1196321,11993156,1196321.0,10796835.0,11993156.0,,30350.0,Not Rated
"6,071",The Miseducation of Cameron Post,2018,900000,905111,2019874,905111.0,1114763.0,2019874.0,,48638.0,Not Rated
"6,072",Circumstance,2011,900000,454121,958978,454121.0,504857.0,958978.0,,43318.0,R
"6,073",The Quiet,2006,900000,381420,381420,381420.0,,,,27546.0,R
"6,074",The House of the Devil,2009,900000,101215,102812,101215.0,1597.0,102812.0,,25195.0,R
"6,075",The Giant Mechanical Man,2012,900000,7396,7396,7396.0,,,,,PG-13
"6,076",The Brass Teapot,2013,900000,6997,413733,6997.0,406736.0,413733.0,,4468.0,R
"6,077",40 Weeks,2014,900000,0,0,,,,,,PG-13
"6,078",Le bonheur d'Elza,2015,900000,0,0,,,,10615.0,,
"6,079",Searching,2018,880000,26015149,75636047,26015149.0,49620898.0,75636047.0,329439.0,388769.0,PG-13
"6,080",Bambi,2042,858000,102797000,268000000,102797000.0,165203000.0,268000000.0,,,G
"6,081","For a Good Time, Call",2012,850000,1251749,1386088,1251749.0,134339.0,1386088.0,,143935.0,R
"6,082",Latter Days,2004,850000,833118,865708,833118.0,32590.0,865708.0,,,R
"6,083",The Hammer,2008,850000,442638,442638,442638.0,,,,97137.0,R
"6,084",Windsor Drive,2015,850000,3256,3256,3256.0,,,,2160.0,Not Rated
"6,087",The Abandoned,2016,850000,0,0,,,,42815.0,,Not Rated
"6,088",Celeste and Jesse Forever,2012,840000,3103407,3787689,3103407.0,684282.0,3787689.0,,107785.0,R
"6,089",Time Changer,2002,825000,1500711,1500711,1500711.0,,,,300103.0,PG
"6,090",London to Brighton,2009,825000,0,610776,,610776.0,610776.0,,,R
"6,092",Billy Jack,1971,800000,98000000,98000000,98000000.0,,,,,G
"6,093",Jodaeiye Nader az Simin,2011,800000,7098492,24426169,7098492.0,17327677.0,24426169.0,,59481.0,PG-13
"6,094",Welcome to the Dollhouse,1996,800000,4198137,5034794,4198137.0,836657.0,5034794.0,,,R
"6,095",Raising Victor Vargas,2003,800000,2073984,2900578,2073984.0,826594.0,2900578.0,,33166.0,R
"6,097",Pandora’s Box,2002,800000,881950,881950,881950.0,,,,85610.0,R
"6,098",Cama adentro,2007,800000,200433,200433,200433.0,,,,,Not Rated
"6,099",Deterrence,2000,800000,144583,371647,144583.0,227064.0,371647.0,,23318.0,R
"6,100",The Mudge Boy,2004,800000,62544,62544,62544.0,,,,,R
"6,101",The Young Unknowns,2003,800000,58163,58163,58163.0,,,,4855.0,R
"6,102",Død snø,2009,800000,46742,2194020,46742.0,2147278.0,2194020.0,,5363.0,Not Rated
"6,103",Not Cool,2014,800000,35688,35688,35688.0,,,127331.0,10329.0,Not Rated
"6,104",Kill List,2011,800000,29063,462206,29063.0,433143.0,462206.0,,9838.0,Not Rated
"6,105",Vessel,2015,800000,0,0,,,,,,Not Rated
"6,106",Saints and Soldiers,2004,780000,1310470,1310470,1310470.0,,,,129056.0,PG-13
"6,107",American Graffiti,1973,777000,115557835,140557835,115557835.0,25000000.0,140557835.0,,,PG
"6,108",Iraq for Sale: The War Profiteers,2006,775000,0,0,,,,,,
"6,109",Kevin Hart: Laugh at My Pain,2011,750000,7706436,7712436,7706436.0,6000.0,7712436.0,4401679.0,1908420.0,R
"6,110",Aqua Teen Hunger Force Colon Movie Film for The…,2007,750000,5520368,5520368,5520368.0,,,13304430.0,3005175.0,R
"6,111",Safety Not Guaranteed,2012,750000,4010957,4422318,4010957.0,411361.0,4422318.0,,97762.0,R
"6,112",Bikur Ha-Tizmoret,2008,750000,3053823,15161647,3053823.0,12107824.0,15161647.0,,67492.0,PG-13
"6,113",Best of Enemies,2015,750000,892802,940936,892802.0,48134.0,940936.0,,50738.0,R
"6,114",Il conformista,1970,750000,233914,303337,233914.0,69423.0,303337.0,281882.0,,R
"6,115",The Innkeepers,2012,750000,78396,1011535,78396.0,933139.0,1011535.0,,29557.0,R
"6,116",Interview with the Assassin,2002,750000,47329,47329,47329.0,,,,,R
"6,117",Undead,2003,750000,41196,229250,41196.0,188054.0,229250.0,,8527.0,R
"6,118",Donkey Punch,2009,750000,19367,814801,19367.0,795434.0,814801.0,,4744.0,R
"6,119",All the Boys Love Mandy Lane,2013,750000,0,1960521,,1960521.0,1960521.0,,,R
"6,120",Destiny,2015,750000,0,450,,450.0,450.0,,,PG-13
"6,121",Bled,2009,750000,0,0,,,,,,
"6,122",Adulterers,2016,750000,0,0,,,,,,
"6,123",Rust Creek,2019,750000,0,0,,,,154603.0,,R
"6,124",La mariée était en noir,2068,747000,44566,44756,44566.0,190.0,44756.0,,,Not RatedUnrated
"6,125",High Noon,2052,730000,8000000,8000000,8000000.0,,,,,PG
"6,126",Hoop Dreams,1994,700000,7768371,11768371,7768371.0,4000000.0,11768371.0,191580.0,,PG-13
"6,127",Rize,2005,700000,3278611,4857731,3278611.0,1579120.0,4857731.0,,1574787.0,PG-13
"6,128",Half Nelson,2006,700000,2697938,4911725,2697938.0,2213787.0,4911725.0,1557881.0,53983.0,R
"6,129",L.I.E.,2001,700000,1140965,1140965,1140965.0,,,,82530.0,OpenPreviously rated NC-17
"6,130",Columbus,2017,700000,1017107,1110511,1017107.0,93404.0,1110511.0,,26820.0,Not Rated
"6,131",Naturally Native,1999,700000,10508,10508,10508.0,,,,6018.0,PG-13
"6,132",B-Girl,2010,700000,0,1160,,1160.0,1160.0,,,PG-13
"6,133",Walter,2015,700000,0,0,,,,88246.0,,Not Rated
"6,134",King Kong,2033,672000,10000000,10001781,10000000.0,1781.0,10001781.0,,,Not RatedPassed
"6,135",House of Wax,2053,658000,23800000,23800000,23800000.0,,,962023.0,,R
"6,136",Hav Plenty,1998,650000,2301777,2301777,2301777.0,,,,1102036.0,R
"6,137",Lady Macbeth,2017,650000,1129408,6477294,1129408.0,5347886.0,6477294.0,,64537.0,R
"6,138",Escape from Tomorrow,2013,650000,171962,171962,171962.0,,,,63297.0,Not Rated
"6,139",Abacus: Small Enough to Jail,2017,650000,113279,113279,113279.0,,,83661.0,12528.0,Not Rated
"6,140","Christian Mingle, The Movie",2014,650000,19836,28176,19836.0,8340.0,28176.0,,19836.0,PG
"6,141",That Way Madness Lies,2018,650000,1447,1447,1447.0,,,,579.0,Not Rated
"6,146",My Little Chickadee,2040,625000,0,0,,,,,,
"6,147",Top Hat,2035,609000,1782000,3202000,1782000.0,1420000.0,3202000.0,,,Not Rated
"6,148",The Blair Witch Project,1999,600000,140539099,248300000,140539099.0,107760901.0,248300000.0,,1512054.0,R
"6,149",Woodstock,1970,600000,34505110,34699266,34505110.0,194156.0,34699266.0,,,R
"6,150",The Kentucky Fried Movie,1977,600000,15000000,20000000,15000000.0,5000000.0,20000000.0,,,R
"6,151",Per qualche dollaro in più,2067,600000,4300000,4300000,4300000.0,,,464037.0,,R
"6,152",Mercy Streets,2000,600000,173599,173599,173599.0,,,,79607.0,PG-13
"6,153",Water & Power,2014,600000,42557,42557,42557.0,,,,39428.0,Not Rated
"6,154",Arnolds Park,2007,600000,23616,23616,23616.0,,,,7798.0,PG-13
"6,155",Broken Vessels,1999,600000,15030,85343,15030.0,70313.0,85343.0,,3722.0,R
"6,156",Drunk Wedding,2015,600000,3301,3301,3301.0,,,,3301.0,R
"6,157",They Will Have to Kill Us First,2015,600000,0,7943,,7943.0,7943.0,,,Not Rated
"6,158",Crop Circles: Quest for Truth,2002,600000,0,0,,,,,,
"6,159",The Maid's Room,2014,600000,0,0,,,,,,Not Rated
"6,160",Copenhagen,2014,600000,0,0,,,,,,
"6,162",Irreplaceable,2015,600000,0,0,,,,99239.0,,
"6,163",A Hard Day's Night,2064,560000,1537860,1633083,1537860.0,95223.0,1633083.0,1265308.0,,G
"6,164",The Harvest/La Cosecha,2011,560000,3709,3709,3709.0,,,,2245.0,Not Rated
"6,165",Julija in alfa Romeo,2015,560000,0,8462,,8462.0,8462.0,,,Not Rated
"6,166",Mata Hari,2031,558000,900000,900000,900000.0,,,,,Not RatedPassed
"6,167",Friday the 13th,1980,550000,39754601,59754601,39754601.0,20000000.0,59754601.0,,5816321.0,R
"6,168",Love Letters,1984,550000,5269990,5269990,5269990.0,,,8805.0,54862.0,R
"6,169",Faith Connections,2014,550000,9111,9111,9111.0,,,8308.0,,Not Rated
"6,170",High Road,2012,546173,0,0,,,,,,R
"6,171",Theeb,2015,535000,283024,1040135,283024.0,757111.0,1040135.0,205429.0,9181.0,Not Rated
"6,172",Fireproof,2008,500000,33456317,33473297,33456317.0,16980.0,33473297.0,50924129.0,6804764.0,PG
"6,173",Benji,1974,500000,31559560,31559560,31559560.0,,,,,G
"6,174",Open Water,2004,500000,30500882,55518641,30500882.0,25017759.0,55518641.0,,1100943.0,R
"6,176",Mad Hot Ballroom,2005,500000,8117961,9387581,8117961.0,1269620.0,9387581.0,,45348.0,PG
"6,177",The Station Agent,2003,500000,5801558,9470209,5801558.0,3668651.0,9470209.0,,57785.0,R
"6,178",To Save a Life,2010,500000,3777210,3824868,3777210.0,47658.0,3824868.0,,1513955.0,PG-13
"6,179",Wordplay,2006,500000,3121270,3177636,3121270.0,56366.0,3177636.0,,32847.0,PG
"6,180",Beyond the Mat,1999,500000,2047570,2047570,2047570.0,,,,9532.0,R
"6,181",The Singles Ward,2002,500000,1250798,1250798,1250798.0,,,,46649.0,PG
"6,182",Sholem Aleichem: Laughing in the Darkness,2011,500000,1131261,1131261,1131261.0,,,,20247.0,Not Rated
"6,183",Osama,2004,500000,1127331,1971479,1127331.0,844148.0,1971479.0,,,PG-13
"6,184",Groove,2000,500000,1115313,1167524,1115313.0,52211.0,1167524.0,,55946.0,R
"6,185",The R.M.,2003,500000,1111615,1111615,1111615.0,,,,130352.0,PG
"6,186",Twin Falls Idaho,1999,500000,985341,1027228,985341.0,41887.0,1027228.0,,49849.0,R
"6,187",Shichinin no samurai,2056,500000,753994,990939,753994.0,236945.0,990939.0,,,Not Rated
"6,188",Mean Creek,2004,500000,603951,1348750,603951.0,744799.0,1348750.0,,29170.0,R
"6,189",Drinking Buddies,2013,500000,343706,407100,343706.0,63394.0,407100.0,525996.0,19505.0,R
"6,190",Hurricane Streets,1998,500000,334041,367582,334041.0,33541.0,367582.0,,231500.0,
"6,191",Flower,2018,500000,328188,390803,328188.0,62615.0,390803.0,,48919.0,R
"6,192",Never Again,2002,500000,307631,308793,307631.0,1162.0,308793.0,,33088.0,R
"6,193",Civil Brand,2003,500000,254293,254293,254293.0,,,,99296.0,R
"6,194",Monsters,2010,500000,237301,5639730,237301.0,5402429.0,5639730.0,,20508.0,R
"6,195",Madeline’s Madeline,2018,500000,185576,197340,185576.0,11764.0,197340.0,95798.0,18009.0,Not Rated
"6,196",Lonesome Jim,2006,500000,154187,602789,154187.0,448602.0,602789.0,,13798.0,R
"6,197",Deceptive Practice: The Mysteries and Mentors o…,2013,500000,152449,152449,152449.0,,,,13802.0,Not Rated
"6,198",The Other Dream Team,2012,500000,134109,314444,134109.0,180335.0,314444.0,,19821.0,Not Rated
"6,199",O Menino e o Mundo,2014,500000,129479,280967,129479.0,151488.0,280967.0,239289.0,10077.0,PG
"6,200",Rubber,2011,500000,100370,680914,100370.0,580544.0,680914.0,,16346.0,R
"6,202",Finishing the Game,2007,500000,52850,53201,52850.0,351.0,53201.0,,11903.0,Not Rated
"6,203",Kiss the Bride,2008,500000,32033,32033,32033.0,,,,8811.0,R
"6,204",The Journey,2003,500000,19800,19800,19800.0,,,,3900.0,Not Rated
"6,205",Home,2009,500000,15433,44793168,15433.0,44777735.0,44793168.0,,226.0,PG-13
"6,206",The Slaughter Rule,2003,500000,13134,13134,13134.0,,,,1461.0,R
"6,207",The Living Wake,2010,500000,12232,12232,12232.0,,,,3821.0,PG-13
"6,208",Scott Walker: 30 Century Man,2009,500000,6840,77121,6840.0,70281.0,77121.0,,6840.0,Not Rated
"6,209",The Californians,2005,500000,4134,4134,4134.0,,,,4134.0,PG
"6,210",Born to Fly: Elizabeth Streb vs. Gravity,2014,500000,1822,1822,1822.0,,,37057.0,,Not Rated
"6,211",Detention of the Dead,2013,500000,1778,1778,1778.0,,,,1332.0,Not Rated
"6,212",Higher Power,2018,500000,528,528,528.0,,,,299.0,R
"6,214",Now is Good,2012,500000,0,2141436,,2141436.0,2141436.0,,,PG-13
"6,215",Griffin & Phoenix,2007,500000,0,1355967,,1355967.0,1355967.0,,,
"6,216",The True Cost,2015,500000,0,230362,,230362.0,230362.0,,,PG-13
"6,217",Everything Put Together,2001,500000,0,7890,,7890.0,7890.0,,,R
"6,218",The Cocoanuts,2029,500000,0,59,,59.0,59.0,,,
"6,220",Enter Nowhere,2012,500000,0,0,,,,,,R
"6,221",Girls Gone Dead,2012,500000,0,0,,,,,,R
"6,223",The Outrageous Sophie Tucker,2015,500000,0,0,,,,,,
"6,224",Subconscious,2015,500000,0,0,,,,34860.0,,R
"6,225",Roadside,2015,500000,0,0,,,,6660.0,,
"6,227",Love in the Time of Monsters,2015,500000,0,0,,,,,,
"6,229",Fight to the Finish,2016,500000,0,0,,,,,,PG-13
"6,231",Going Under,1991,500000,0,0,,,,,,PG
"6,232",Crossroads,2015,500000,0,0,,,,,,Not Rated
"6,233",Alleluia! The Devil's Carnival,2015,500000,0,0,,,,,,Not Rated
"6,234",Brooklyn Bizarre,2015,500000,0,0,,,,,,Not Rated
"6,235",The Sound and the Shadow,2016,500000,0,0,,,,,,R
"6,237",The Little Ponderosa Zoo,2015,500000,0,0,,,,,,
"6,238",My Dinner with Andre,1981,475000,15063,15063,15063.0,,,,,
"6,239",The Toxic Avenger,1986,475000,0,0,,,,,,R
"6,240",Paranormal Activity,2009,450000,107918810,194183034,107918810.0,86264224.0,194183034.0,22124412.0,77873.0,R
"6,242",Brick,2006,450000,2075743,4243996,2075743.0,2168253.0,4243996.0,5063325.0,83574.0,R
"6,243",Sunday,1997,450000,410919,450349,410919.0,39430.0,450349.0,,25682.0,
"6,244",Conversations with Other Women,2006,450000,379418,1297745,379418.0,918327.0,1297745.0,,66157.0,R
"6,245",Siakh lokhamim: ha'slilim ha'gnouzim,2015,450000,41260,42503,41260.0,1243.0,42503.0,,6153.0,Not Rated
"6,246",Poultrygeist: Night of the Chicken Dead,2008,450000,13804,22623,13804.0,8819.0,22623.0,,10700.0,Not Rated
"6,247",As It Is in Heaven,2014,450000,13486,13486,13486.0,,,,,Not Rated
"6,248",Mutual Friends,2014,450000,0,0,,,,,,
"6,249",Rise Of the Entrepreneur: The Search For A Bett…,2014,450000,0,0,,,,,,G
"6,250",42nd Street,2033,439000,1438000,2281000,1438000.0,843000.0,2281000.0,191702.0,,Not Rated
"6,251",Metropolitan,1990,430000,2938000,2938000,2938000.0,,,,,PG-13
"6,252",Moartea domnului Lazarescu,2006,425000,80301,581304,80301.0,501003.0,581304.0,,5880.0,R
"6,253",Twenty-Two,2017,425000,22222,25733825,22222.0,25711603.0,25733825.0,,22222.0,Not Rated
"6,254",Gory Gory Hallelujah,2005,425000,12604,12604,12604.0,,,,2360.0,Not Rated
"6,255",Blue Ruin,2014,420000,258384,437002,258384.0,178618.0,437002.0,783128.0,32608.0,R
"6,256",Kiss Me Deadly,2055,410000,0,217,,217.0,217.0,,,
"6,257",Napoleon Dynamite,2004,400000,44540956,46122713,44540956.0,1581757.0,46122713.0,,116666.0,PG
"6,258",Monty Python and the Holy Grail,1975,400000,4162392,5763644,4162392.0,1601252.0,5763644.0,,,PG
"6,259",Quinceanera,2006,400000,1692693,2797199,1692693.0,1104506.0,2797199.0,,95400.0,R
"6,260",Dogtown and Z-Boys,2002,400000,1293295,1600566,1293295.0,307271.0,1600566.0,,103355.0,PG-13
"6,261",Short Term 12,2013,400000,1013100,2308535,1013100.0,1295435.0,2308535.0,1294320.0,56206.0,R
"6,262",Heroes,2008,400000,655538,655538,655538.0,,,,326425.0,R
"6,263",Tarnation,2004,400000,592014,1162014,592014.0,570000.0,1162014.0,,12740.0,Not Rated
"6,264",I Want Your Money,2010,400000,433588,433588,433588.0,,,,249428.0,PG
"6,266",Home Movies,1980,400000,89134,89134,89134.0,,,,,
"6,267",I Smile Back,2015,400000,58738,63373,58738.0,4635.0,63373.0,,15758.0,R
"6,268",Jackpot,2001,400000,44452,44452,44452.0,,,,7968.0,R
"6,269",Fabled,2004,400000,31425,31425,31425.0,,,,9642.0,R
"6,270",The Dark Hours,2005,400000,423,423,423.0,,,,338.0,R
"6,271",Lena and Snowball,2021,400000,0,44956,,44956.0,44956.0,,,PG
"6,272",Viskningar och rop,1973,400000,0,18422,,18422.0,18422.0,272825.0,,
"6,273",My Beautiful Laundrette,1986,400000,0,9442,,9442.0,9442.0,61156.0,,
"6,274",El Principe,2020,400000,0,663,,663.0,663.0,,,
"6,275",Show Me,2005,400000,0,0,,,,,,R
"6,277",Intolerance,2016,385907,0,0,,,,341466.0,,Not RatedPassed
"6,278",The Broadway Melody,2029,379000,2800000,4358000,2800000.0,1558000.0,4358000.0,,,Not RatedPassed
"6,279",The Evil Dead,1983,375000,2400000,29400000,2400000.0,27000000.0,29400000.0,,,NC-17for substantial graphic horror violence and gore.
"6,280",Trekkies,1999,375000,617172,617172,617172.0,,,,125636.0,PG
"6,281",Stan Helsing: A Parody,2009,365000,0,1553556,,1553556.0,1553556.0,,,R
"6,284",Murderball,2005,350000,1531154,1772979,1531154.0,241825.0,1772979.0,,57286.0,PG-13
"6,285",My Dog Tulip,2010,350000,246574,310891,246574.0,64317.0,310891.0,,11550.0,Not Rated
"6,286",51 Birch Street,2006,350000,84689,84689,84689.0,,,,10827.0,Not Rated
"6,287",Revolution#9,2002,350000,9118,9118,9118.0,,,,4800.0,Not Rated
"6,288",Royal Kill,2009,350000,0,0,,,,,,
"6,289",Rotor DR1,2015,350000,0,0,,,,33926.0,,Not Rated
"6,290",Dunk or Die,2022,350000,0,0,,,,,,
"6,291",12 Angry Men,2057,340000,0,379,,379.0,379.0,,,Not Rated
"6,292",Halloween,1978,325000,47274000,70274000,47274000.0,23000000.0,70274000.0,,,R
"6,293",It Happened One Night,2034,325000,2500000,2500503,2500000.0,503.0,2500503.0,,,Not Rated
"6,294",Kynodontas,2010,323000,110248,1373407,110248.0,1263159.0,1373407.0,,6686.0,Not Rated
"6,295",Afflicted,2014,318000,121179,175481,121179.0,54302.0,175481.0,511939.0,69447.0,R
"6,296",Tumbleweeds,1999,312000,1350248,1788168,1350248.0,437920.0,1788168.0,,41202.0,PG-13
"6,297",Tupac Resurrection,2003,300000,7718961,7808524,7718961.0,89563.0,7808524.0,,4632847.0,R
"6,298",God's Army,2000,300000,2637726,2652515,2637726.0,14789.0,2652515.0,,88584.0,PG
"6,299",Pieces of April,2003,300000,2528664,3571253,2528664.0,1042589.0,3571253.0,,48422.0,PG-13
"6,300",When The Cat's Away,1996,300000,1652472,2525984,1652472.0,873512.0,2525984.0,,,R
"6,301",Wendy and Lucy,2008,300000,865695,1416046,865695.0,550351.0,1416046.0,,18218.0,R
"6,302",Let's Talk About Sex,1998,300000,373615,373615,373615.0,,,,213347.0,
"6,303",Old Joy,2006,300000,255923,399908,255923.0,143985.0,399908.0,63920.0,3310.0,Not Rated
"6,304",First Morning,2005,300000,87264,87264,87264.0,,,,2932.0,PG-13
"6,305",Pierrot le fou,2065,300000,70807,78237,70807.0,7430.0,78237.0,,,Not Rated
"6,306",The Watermelon Woman,1997,300000,42735,42735,42735.0,,,,8936.0,Not Rated
"6,307",3 Backyards,2011,300000,39475,39475,39475.0,,,,11332.0,R
"6,308",Sisters in Law,2006,300000,33312,33312,33312.0,,,,4895.0,Not Rated
"6,309",The Eyes of My Mother,2016,300000,27099,48539,27099.0,21440.0,48539.0,129894.0,8908.0,R
"6,310",Nothing But a Man,1999,300000,17241,17241,17241.0,,,,241.0,Not Rated
"6,311",Ayurveda: Art of Being,2002,300000,16892,2066892,16892.0,2050000.0,2066892.0,,1938.0,Not Rated
"6,312","First Love, Last Rites",1998,300000,10876,10876,10876.0,,,,10876.0,R
"6,313",Fighting Tommy Riley,2005,300000,10514,10514,10514.0,,,,5199.0,R
"6,314",Locker 13,2014,300000,3496,3496,3496.0,,,13521.0,,R
"6,315",The Looking Glass,2015,300000,1711,1711,1711.0,,,20789.0,214.0,Not Rated
"6,316",All You Need is Love,2018,300000,0,3565259,,3565259.0,3565259.0,,,
"6,317",Death Race 2000,1975,300000,0,0,,,,,,R
"6,318",Some Guy Who Kills People,2012,300000,0,0,,,,,,R
"6,319",Midnight Cabaret,2013,300000,0,0,,,,,,Not Rated
"6,320",Teeth and Blood,2015,300000,0,0,,,,11237.0,,
"6,323",Amidst the Devil's Wings,2015,300000,0,0,,,,,,Not Rated
"6,326",Compliance,2012,270000,319285,830700,319285.0,511415.0,830700.0,,16427.0,R
"6,327",Graduation Day,1981,250000,23894000,23894000,23894000.0,,,,,R
"6,328",His Only Son,2023,250000,12084084,13506715,12084084.0,1422631.0,13506715.0,,5501070.0,PG-13
"6,329",Chasing Amy,1997,250000,12006514,15155095,12006514.0,3148581.0,15155095.0,,52446.0,R
"6,330",Terrifier 2,2022,250000,10962502,15687338,10962502.0,4724836.0,15687338.0,3515664.0,805000.0,
"6,331",Lovely and Amazing,2002,250000,4210379,4613482,4210379.0,403103.0,4613482.0,,91910.0,R
"6,332",Sleight,2017,250000,3930990,3934450,3930990.0,3460.0,3934450.0,108273.0,1701785.0,R
"6,333",Better Luck Tomorrow,2003,250000,3802390,3809226,3802390.0,6836.0,3809226.0,,360772.0,R
"6,334",Like Crazy,2011,250000,3395391,3728400,3395391.0,333009.0,3728400.0,,123140.0,PG-13
"6,335",The Incredibly True Adventure of Two Girls in Love,1995,250000,2210408,2477155,2210408.0,266747.0,2477155.0,,60104.0,R
"6,336",Chuck&Buck,2000,250000,1055671,1157672,1055671.0,102001.0,1157672.0,,72831.0,R
"6,337",American Desi,2001,250000,902835,1366235,902835.0,463400.0,1366235.0,,305054.0,Not Rated
"6,338",Cube,1998,250000,489220,8969065,489220.0,8479845.0,8969065.0,,57147.0,
"6,339",Love and Other Catastrophes,1997,250000,212285,743216,212285.0,530931.0,743216.0,,22807.0,R
"6,340",I Married a Strange Person,1998,250000,203134,203134,203134.0,,,,,
"6,341",November,2005,250000,191862,191862,191862.0,,,,21813.0,R
"6,342",Sugar Town,1999,250000,178095,178095,178095.0,,,,42668.0,R
"6,343",Happy Valley,2008,250000,67665,67665,67665.0,,,,27122.0,PG-13
"6,344",The Canyons,2013,250000,59671,62375,59671.0,2704.0,62375.0,84322.0,13351.0,R
"6,345",The Motel,2006,250000,51540,51540,51540.0,,,,7100.0,Not Rated
"6,346",On the Outs,2005,250000,49772,237816,49772.0,188044.0,237816.0,,,R
"6,347",Shotgun Stories,2007,250000,46026,284174,46026.0,238148.0,284174.0,,4553.0,PG-13
"6,348",Nightlights,2014,250000,21147,21147,21147.0,,,,6982.0,Not Rated
"6,349",Test,2014,250000,18823,18823,18823.0,,,,,Not Rated
"6,350",The Sticky Fingers of Time,1999,250000,18195,20628,18195.0,2433.0,20628.0,,1610.0,
"6,351",Along the Roadside,2013,250000,0,3234,,3234.0,3234.0,,,
"6,352",Sunday School Musical,2008,250000,0,0,,,,,,G
"6,353",Rust,2010,250000,0,0,,,,,,PG
"6,355",Ink,2009,250000,0,0,,,,,,
"6,356",The Frozen,2012,250000,0,0,,,,,,PG-13
"6,357",Jesus People,2014,250000,0,0,,,,,,
"6,359",UnDivided,2015,250000,0,0,,,,,,PG
"6,361",Give Me Shelter,2015,250000,0,0,,,,5738.0,,
"6,364",The Love Letter,2015,250000,0,0,,,,126665.0,,
"6,365",Western Religion,2015,250000,0,0,,,,,,
"6,366",11-Apr,2015,250000,0,0,,,,,,PG-13
"6,367",Fire Song,2016,250000,0,0,,,,70054.0,,
"6,368",The Circus: Down the Road,2019,250000,0,0,,,,,,
"6,369",Amina,2021,250000,0,0,,,,,,
"6,370",The Big Parade,2025,245000,11000000,22000000,11000000.0,11000000.0,22000000.0,268719.0,,Not Rated
"6,371",Little Big Top,2008,240000,7484,7484,7484.0,,,,2028.0,Not Rated
"6,372",Bronson,2009,230000,104979,2703762,104979.0,2598783.0,2703762.0,,10940.0,R
"6,373",Burn,2012,225000,1109276,1109276,1109276.0,,,,,Not Rated
"6,374",Urbania,2000,225000,1032075,1032075,1032075.0,,,,72129.0,R
"6,375",Embrace,2016,225000,412340,1611592,412340.0,1199252.0,1611592.0,,,Not Rated
"6,376","The Beast from 20,000 Fathoms",2053,210000,5000000,5000000,5000000.0,,,,,Not RatedApproved
"6,377",The Stewardesses,1969,200000,13500000,25000000,13500000.0,11500000.0,25000000.0,,,R
"6,378",Mad Max,1979,200000,8773197,8774637,8773197.0,1440.0,8774637.0,,,R
"6,379",The Quiet Ones,2014,200000,8509867,18413804,8509867.0,9903937.0,18413804.0,1269243.0,3880053.0,PG-13
"6,380","20,000 Leagues Under the Sea",2016,200000,8000000,8000000,8000000.0,,,,,Not RatedPassed
"6,381",Swingers,1996,200000,4505922,6618578,4505922.0,2112656.0,6618578.0,,74118.0,R
"6,382",Per un pugno di dollari,2067,200000,3500000,3528283,3500000.0,28283.0,3528283.0,,,R
"6,383",The Grace Card,2011,200000,2430735,2430735,2430735.0,,,,1010299.0,PG-13
"6,384",She Done Him Wrong,2033,200000,2200000,2200000,2200000.0,,,,,Not RatedPassed
"6,385",El Mariachi,1993,200000,2040920,2041928,2040920.0,1008.0,2041928.0,,,R
"6,386",Trois,2000,200000,1161843,1161843,1161843.0,,,,200815.0,NC-17for some explicit sexuality
"6,387",The Overnight,2015,200000,1109808,1165996,1109808.0,56188.0,1165996.0,,53022.0,R
"6,388",Short Cut to Nirvana: Kumbh Mela,2004,200000,381225,439651,381225.0,58426.0,439651.0,,3263.0,Not Rated
"6,389",Middle of Nowhere,2012,200000,236806,236806,236806.0,,,171860.0,67909.0,R
"6,390",Call+Response,2008,200000,212989,212989,212989.0,,,,,PG-13
"6,391",The Business of Fancy Dancing,2002,200000,174682,174682,174682.0,,,,12709.0,Not Rated
"6,392",Hybrid,2002,200000,162605,162605,162605.0,,,,1094.0,Not Rated
"6,393",Baghead,2008,200000,140016,140016,140016.0,,,,8640.0,R
"6,394",Malevolence,2004,200000,126021,346106,126021.0,220085.0,346106.0,,,R
"6,395",Side Effects,2005,200000,44701,44701,44701.0,,,,2216.0,R
"6,396",Good Dick,2008,200000,28835,52443,28835.0,23608.0,52443.0,,5036.0,R
"6,397",The Case of the Grinning Cat,2006,200000,7033,7033,7033.0,,,,1410.0,Not Rated
"6,398",Solitude,2005,200000,6260,6260,6260.0,,,,1480.0,Not Rated
"6,399",The Word,2014,200000,3648,3648,3648.0,,,,3648.0,Not Rated
"6,400",The Trials of Darryl Hunt,2007,200000,1217,1217,1217.0,,,,619.0,PG
"6,401",Deathgasm,2016,200000,0,14685,,14685.0,14685.0,119105.0,,
"6,402",The Man From Earth,2007,200000,0,0,,,,,,
"6,404",Yesterday Was a Lie,2008,200000,0,0,,,,,,PG
"6,405",Archaeology of a Woman,2014,200000,0,0,,,,,,
"6,406",Sanctuary; Quite a Conundrum,2014,200000,0,0,,,,11130.0,,
"6,407",Theresa Is a Mother,2015,200000,0,0,,,,,,
"6,408",Perfect Cowboy,2015,200000,0,0,,,,12120.0,,
"6,410",Family Mission: The T.J. Lobraico Story,2017,200000,0,0,,,,4931.0,,
"6,411",Weekend,2011,190000,484592,1577585,484592.0,1092993.0,1577585.0,,27245.0,Not Rated
"6,412",Bacheha-Ye aseman,1999,180000,933933,1628579,933933.0,694646.0,1628579.0,,20100.0,PG
"6,413",Butterfly Girl,2015,180000,17503,17503,17503.0,,,,1950.0,Not Rated
"6,414",Arrowhead,2017,180000,0,0,,,,,,
"6,415",She's Gotta Have It,1986,175000,7137502,7137502,7137502.0,,,,28473.0,
"6,416",Another Earth,2011,175000,1321194,2102779,1321194.0,781585.0,2102779.0,,77740.0,PG-13
"6,417",Sparrows Dance,2013,175000,2602,2602,2602.0,,,,,Not Rated
"6,418",Heroes of Dirt,2015,175000,0,0,,,,,,PG-13
"6,419",The Fits,2016,170000,166425,169242,166425.0,2817.0,169242.0,,10602.0,Not Rated
"6,421",Lumea e a mea,2015,168000,0,29678,,29678.0,29678.0,,,Not Rated
"6,422",The Horse Boy,2009,160000,156612,156612,156612.0,,,,,Not Rated
"6,423",The Calling,2002,160000,32092,32092,32092.0,,,,7000.0,PG
"6,424",Sweet Sweetback's Baad Asssss Song,1971,150000,15200000,15200000,15200000.0,,,,,R
"6,425",Once,2007,150000,9445857,22964998,9445857.0,13519141.0,22964998.0,,61901.0,R
"6,426",Tadpole,2002,150000,2891288,3270128,2891288.0,378840.0,3270128.0,,80682.0,PG-13
"6,427",Mad God,2022,150000,325042,329009,325042.0,3967.0,329009.0,895466.0,8416.0,
"6,428",The Woman Chaser,2000,150000,110719,110719,110719.0,,,,2268.0,R
"6,429",Antarctic Edge: 70º South,2015,150000,7193,7193,7193.0,,,,3131.0,Not Rated
"6,430",Top Spin,2015,150000,5858,5858,5858.0,,,,2177.0,Not Rated
"6,431",Speak No Evil,2014,150000,0,5862029,,5862029.0,5862029.0,,,R
"6,432",A Charlie Brown Christmas,2009,150000,0,0,,,,24039030.0,,Not Rated
"6,433",Aroused,2013,150000,0,0,,,,,,
"6,434",The Texas Chainsaw Massacre,1974,140000,26572439,26704148,26572439.0,131709.0,26704148.0,2479186.0,,R
"6,435",Roger & Me,1989,140000,6706368,6706368,6706368.0,,,,84232.0,
"6,436",Sound of My Voice,2012,135000,408015,429448,408015.0,21433.0,429448.0,,36134.0,R
"6,437",The Tunnel,2011,135000,1348,1348,1348.0,,,,507.0,
"6,438",Cat People,2042,134000,4000000,8000000,4000000.0,4000000.0,8000000.0,801141.0,,Not Rated
"6,439",An American in Hollywood,2014,125000,0,0,,,,,,
"6,440",The Brain That Sings,2015,125000,0,0,,,,,,Not Rated
"6,442",Your Sister's Sister,2012,120000,1597486,3090593,1597486.0,1493107.0,3090593.0,,109221.0,R
"6,443",Grave Encounters,2011,120000,0,3613222,,3613222.0,3613222.0,,,
"6,444",The Blood of My Brother: A Story of Death in Iraq,2006,120000,0,0,,,,,,
"6,445",A Dog’s Breakfast,2007,120000,0,0,,,,,,Not Rated
"6,446",Une Femme Mariée,2064,120000,0,0,,,,27636.0,,Not Rated
"6,447",Night of the Living Dead,2068,114000,12087064,30087064,12087064.0,18000000.0,30087064.0,,,Not Rated
"6,448",The Birth of a Nation,2015,110000,10000000,11000000,10000000.0,1000000.0,11000000.0,,,Not Rated
"6,449",Henry: Portrait of a Serial Killer,1990,110000,609939,613865,609939.0,3926.0,613865.0,,,Not Rated
"6,450",The Work and the Story,2003,103000,16137,16137,16137.0,,,,2192.0,Not Rated
"6,451",The Gallows,2015,100000,22764410,42964410,22764410.0,20200000.0,42964410.0,1388659.0,9808463.0,R
"6,452",Facing the Giants,2006,100000,10178331,10243159,10178331.0,64828.0,10243159.0,27447629.0,1343537.0,PG
"6,454",Hollywood Shuffle,1987,100000,5228617,5228617,5228617.0,,,,,
"6,455",Over the Hill to the Poorhouse,2020,100000,3000000,3000000,3000000.0,,,,,Not Rated
"6,456",The Mighty,1998,100000,2652246,6121582,2652246.0,3469336.0,6121582.0,,87705.0,PG-13
"6,457",A Ghost Story,2017,100000,1594798,2769782,1594798.0,1174984.0,2769782.0,469813.0,104030.0,R
"6,458",Penitentiary,1980,100000,287000,287000,287000.0,,,,,
"6,459",The Lost Skeleton of Cadavra,2004,100000,110536,110536,110536.0,,,,10425.0,PG
"6,460",Cheap Thrills,2014,100000,59424,59424,59424.0,,,300623.0,18638.0,Not Rated
"6,461",The Past is a Grotesque Animal,2014,100000,20056,20056,20056.0,,,,,Not Rated
"6,462",Keeping it Real: The Adventures of Greg Walloch,2001,100000,1358,1358,1358.0,,,,1001.0,Not Rated
"6,463",Indie Game: The Movie,2012,100000,0,0,,,,,,
"6,465",Echo Dr.,2014,100000,0,0,,,,,,
"6,466",Closure,2015,100000,0,0,,,,,,
"6,467",Lunch Time Heroes,2015,100000,0,0,,,,,,
"6,468",Open Secret,2015,100000,0,0,,,,,,
"6,469",The Night Visitor,2015,100000,0,0,,,,,,
"6,470",Tiger Orange,2015,100000,0,0,,,,92108.0,,Not Rated
"6,471",8 Days to Hell,2021,100000,0,0,,,,,,
"6,473",The Last House on the Left,1972,87000,3100000,3100000,3100000.0,,,,,R
"6,475",The Foot Fist Way,2008,79000,234286,234286,234286.0,,,,36391.0,R
"6,476",Dawn of the Crescent Moon,2015,75000,8799,8799,8799.0,,,,,Not Rated
"6,477",Queen Crab,2015,75000,0,0,,,,84237.0,,Not Rated
"6,478",Happy Christmas,2014,70000,30312,30312,30312.0,,,,7523.0,R
"6,479","Peace, Propaganda and the Promised Land",2005,70000,4930,4930,4930.0,,,,1735.0,Not Rated
"6,480",Absentia,2013,70000,0,8555,,8555.0,8555.0,,,R
"6,481",Pi,1998,68000,3221152,4678513,3221152.0,1457361.0,4678513.0,,31069.0,R
"6,482",I Love You … Don't Touch Me!,1998,68000,33598,33598,33598.0,,,,33598.0,
"6,483",The Wretched,2020,66000,1815440,4594221,1815440.0,2778781.0,4594221.0,,65908.0,Not Rated
"6,484",20 Dates,1999,66000,541636,602920,541636.0,61284.0,602920.0,,40244.0,R
"6,485",Super Size Me,2004,65000,11529368,22233808,11529368.0,10704440.0,22233808.0,,516641.0,PG-13
"6,486",Supporting Characters,2013,60000,4917,4917,4917.0,,,,,Not Rated
"6,487",The FP,2012,60000,0,0,,,,,,R
"6,488",Turbo Kid,2015,60000,0,0,,,,,,Not Rated
"6,490",The Brain That Wouldn't Die,2062,60000,0,0,,,,47918.0,,Not RatedApproved
"6,491",The Dirties,2013,55000,0,0,,,,,,
"6,492",The Brothers McMullen,1995,50000,10426506,10426506,10426506.0,,,,167813.0,R
"6,493",Gabriela,2001,50000,2335352,2335352,2335352.0,,,,63706.0,R
"6,494",Tiny Furniture,2010,50000,391674,424149,391674.0,32475.0,424149.0,,21235.0,Not Rated
"6,495",The Signal,2008,50000,251150,406299,251150.0,155149.0,406299.0,,144836.0,R
"6,496",The Myth of the American Sleepover,2011,50000,41045,41045,41045.0,,,,8700.0,Not Rated
"6,497",Counting,2015,50000,8374,8374,8374.0,,,,,Not Rated
"6,499",Down and Dangerous,2014,50000,0,0,,,,4294.0,,Not Rated
"6,501",Bending Steel,2015,50000,0,0,,,,,,
"6,502","Run, Hide, Die",2015,50000,0,0,,,,18384.0,,Not Rated
"6,504","Pepi, Luci, Bom y otras chicas del montón",1980,46000,48363,48363,48363.0,,,,,
"6,505",A True Story,2013,45000,0,0,,,,,,
"6,506",George Washington,2000,42000,241816,342722,241816.0,100906.0,342722.0,,13335.0,Not Rated
"6,507",This Is Martin Bonner,2013,42000,0,0,,,,,,
"6,508",Smiling Fish and Goat on Fire,2000,40000,277233,277233,277233.0,,,,12994.0,R
"6,509",The Exploding Girl,2010,40000,25572,25572,25572.0,,,,5910.0,Not Rated
"6,510",Raymond Did It,2011,40000,3632,3632,3632.0,,,,3192.0,Not Rated
"6,511",Foreign Letters,2012,40000,0,0,,,,,,
"6,512",Terrifier,2018,35000,339946,342707,339946.0,2761.0,342707.0,,123957.0,Not Rated
"6,513",The Last Waltz,1991,35000,321952,323012,321952.0,1060.0,323012.0,,16151.0,Not Rated
"6,514",Host,2020,35000,0,436536,,436536.0,436536.0,,,
"6,515",Her Cry: La Llorona Investigation,2013,35000,0,0,,,,,,
"6,517",The VelociPastor,2019,35000,0,0,,,,,,Not Rated
"6,518",Megan is Missing,2011,35000,0,0,,,,,,Not Rated
"6,519",The Killing of Two Lovers,2020,32000,72110,105195,72110.0,33085.0,105195.0,,25378.0,R
"6,520",The Legend of God's Gun,2008,30000,243768,243768,243768.0,,,,15096.0,Not Rated
"6,521",Krisha,2016,30000,144822,144822,144822.0,,,,10250.0,R
"6,522",Mutual Appreciation,2006,30000,103509,103509,103509.0,,,,13142.0,R
"6,523",Funny Ha Ha,2005,30000,77070,82698,77070.0,5628.0,82698.0,,10555.0,Not Rated
"6,524",Down Terrace,2010,30000,9812,27833,9812.0,18021.0,27833.0,,3088.0,R
"6,527",Clerks,1994,27000,3073428,3894240,3073428.0,820812.0,3894240.0,,,R
"6,528",Pink Narcissus,1999,27000,8231,8231,8231.0,,,,1724.0,Not Rated
"6,529",Emily,2017,27000,3547,3547,3547.0,,,,1164.0,Not Rated
"6,530",Deep Throat,1972,25000,45000000,45000000,45000000.0,,,77509.0,,NC-17Rated X
"6,531",In the Company of Men,1997,25000,2883661,2883661,2883661.0,,,,100006.0,R
"6,532",The Terrorist,2000,25000,195043,195043,195043.0,,,,13750.0,Not Rated
"6,533",Exeter,2015,25000,0,489792,,489792.0,489792.0,205284.0,,R
"6,534",Manito,2003,25000,0,0,,,,,,
"6,535",Ten,2015,25000,0,0,,,,,,Not Rated
"6,536",Dutch Kills,2015,25000,0,0,,,,,,Not Rated
"6,537",Slacker,1991,23000,1227508,1227508,1227508.0,,,,,R
"6,539",Steel Spirit,2002,20000,1860,1860,1860.0,,,,1860.0,Not Rated
"6,540",Socrates,2019,20000,0,849,,849.0,849.0,,,
"6,542",All Superheroes Must Die,2013,20000,0,0,,,,,,Not Rated
"6,543",The Front Man,2015,20000,0,0,,,,,,Not Rated
"6,544",The Ridges,2011,17300,0,0,,,,,,
"6,545",Skinamarink,2023,15000,2052272,2131183,2052272.0,78911.0,2131183.0,555026.0,818943.0,
"6,546",The Puffy Chair,2006,15000,194523,195254,194523.0,731.0,195254.0,,26029.0,R
"6,547",Breaking Upwards,2010,15000,115592,115592,115592.0,,,,15467.0,Not Rated
"6,548",Sh*thouse,2020,15000,18148,24745,18148.0,6597.0,24745.0,,5545.0,R
"6,550",Pink Flamingos,1997,12000,413802,413802,413802.0,,,,70188.0,NC-17for a wide range of perversions in explicit detail.
"6,551",Grip: A Criminal's Story,2006,12000,1336,1336,1336.0,,,,838.0,Not Rated
"6,553",Dayereh,2001,10000,673780,683509,673780.0,9729.0,683509.0,,,Not Rated
"6,554",Clean,2006,10000,138711,138711,138711.0,,,,14953.0,R
"6,555",Cure,2001,10000,94596,317644,94596.0,223048.0,317644.0,,3879.0,Not Rated
"6,556",On the Downlow,2004,10000,1987,1987,1987.0,,,,802.0,Not Rated
"6,557",Bang,1996,10000,527,527,527.0,,,,527.0,
"6,558",The Rise and Fall of Miss Thang,2008,10000,401,401,401.0,,,,,Not Rated
"6,559",Family Motocross,2015,10000,0,0,,,,,,Not Rated
"6,560",Newlyweds,2012,9000,4584,4584,4584.0,,,,4584.0,R
"6,561",Primer,2004,7000,424760,841926,424760.0,417166.0,841926.0,,28162.0,PG-13
"6,562",Cavite,2006,7000,70071,71644,70071.0,1573.0,71644.0,,12726.0,Not Rated
"6,564",Red 11,2022,7000,0,0,,,,,,
"6,565",Following,1999,6000,48482,240495,48482.0,192013.0,240495.0,,1636.0,R
"6,566",Return to the Land of Wonders,2005,5000,1338,1338,1338.0,,,,357.0,Not Rated
"6,567",A Plague So Pleasant,2015,1400,0,0,,,,24343.0,,Not Rated
"6,568",My Date With Drew,2005,1100,181041,181041,181041.0,,,,85222.0,PG
"6,569",Neeras,2021,86,0,0,,,,,,
